Cocktail Name,MidJourney Prompt
A1,"Flat lay, vintage speakeasy style. High-quality photo of a A1, served in a cocktail glass, featuring Fruité, sucré, sucré notes. Made with Gin, Grand Marnier, Lemon Juice, Grenadine. Instructions: Pour all ingredients into a cocktail shaker, mix and serve over ice into a chilled glass.. Garnished with a fresh fruit slice, placed on a dark wooden bar counter, moody lighting --v 5"
Ace,"Flat lay, vintage speakeasy style. High-quality photo of a Ace, served in a cocktail glass, featuring Fruité, sucré, sucré notes. Made with Gin, Grenadine, Heavy cream, Milk, Egg White. Instructions: Shake all the ingredients in a cocktail shaker and ice then strain in a cold glass.. Garnished with a fresh fruit slice, placed on a dark wooden bar counter, moody lighting --v 5"
ABC,"Flat lay, vintage speakeasy style. High-quality photo of a ABC, served in a cocktail glass, featuring Crémeux notes. Made with Amaretto, Baileys irish cream, Cognac. Instructions: Layered in a shot glass.. Garnished with a minimalist garnish, placed on a dark wooden bar counter, moody lighting --v 5"
ACID,"Flat lay, vintage speakeasy style. High-quality photo of a ACID, served in a cocktail glass, featuring Fruité notes. Made with 151 proof rum, Wild Turkey. Instructions: Poor in the 151 first followed by the 101 served with a Coke or Dr Pepper chaser.. Garnished with a fresh fruit slice, placed on a dark wooden bar counter, moody lighting --v 5"
Adam,"Flat lay, vintage speakeasy style. High-quality photo of a Adam, served in a cocktail glass, featuring Fruité, sucré, sucré notes. Made with Dark rum, Lemon juice, Grenadine. Instructions: In a shaker half-filled with ice cubes, combine all of the ingredients. Shake well. Strain into a cocktail glass.. Garnished with a fresh fruit slice, placed on a dark wooden bar counter, moody lighting --v 5"
AT&T,"Flat lay, vintage speakeasy style. High-quality photo of a AT&T, served in a cocktail glass, featuring Fruité notes. Made with Absolut Vodka, Gin, Tonic water. Instructions: Pour Vodka and Gin over ice, add Tonic and Stir. Garnished with a fresh fruit slice, placed on a dark wooden bar counter, moody lighting --v 5"
A. J.,"Flat lay, vintage speakeasy style. High-quality photo of a A. J., served in a cocktail glass, featuring Fruité, sucré notes. Made with Applejack, Grapefruit juice. Instructions: Shake ingredients with ice, strain into a cocktail glass, and serve.. Garnished with a fresh fruit slice, placed on a dark wooden bar counter, moody lighting --v 5"
Karsk,"Flat lay, vintage speakeasy style. High-quality photo of a Karsk, served in a cocktail glass, featuring Fruité notes. Made with Coffee, Grain alcohol. Instructions: Put a copper coin in a coffe-cup and fill up with coffee until you no longer see the coin, then add alcohol until you see the coin. Norwegian speciality.. Garnished with a fresh fruit slice, placed on a dark wooden bar counter, moody lighting --v 5"
Melya,"Flat lay, vintage speakeasy style. High-quality photo of a Melya, served in a cocktail glass, featuring Fruité, sucré notes. Made with Espresso, Honey, Cocoa powder. Instructions: Brew espresso. In a coffee mug, place 1 teaspoon of unsweetened powdered cocoa, then cover a teaspoon with honey and drizzle it into the cup. Stir while the coffee brews, this is the fun part. The cocoa seems to coat the honey without mixing, so you get a dusty, sticky mass that looks as though it will never mix. Then all at once, presto! It looks like dark chocolate sauce. Pour hot espresso over the honey, stirring to dissolve. Serve with cream.. Garnished with a fresh fruit slice, placed on a dark wooden bar counter, moody lighting --v 5"
Casino,"Flat lay, vintage speakeasy style. High-quality photo of a Casino, served in a cocktail glass, featuring Fruité, sucré, sucré notes. Made with Gin, Maraschino liqueur, Lemon juice, Orange bitters, Cherry. Instructions: Pour all ingredients into shaker with ice cubes. Shake well. Strain into chilled cocktail glass. Garnish with a lemon twist and a maraschino cherry. Serve without a straw.. Garnished with a fresh fruit slice, placed on a dark wooden bar counter, moody lighting --v 5"
Affair,"Flat lay, vintage speakeasy style. High-quality photo of a Affair, served in a cocktail glass, featuring Fruité, sucré notes. Made with Strawberry schnapps, Orange juice, Cranberry juice, Club soda. Instructions: Pour schnapps, orange juice, and cranberry juice over ice in a highball glass. Top with club soda and serve.. Garnished with a fresh fruit slice, placed on a dark wooden bar counter, moody lighting --v 5"
Radler,"Flat lay, vintage speakeasy style. High-quality photo of a Radler, served in a cocktail glass, featuring Fruité notes. Made with Beer, 7-Up. Instructions: Pour beer into large mug, slowly add the 7-up (or Sprite).. Garnished with a fresh fruit slice, placed on a dark wooden bar counter, moody lighting --v 5"
Paloma,"Flat lay, vintage speakeasy style. High-quality photo of a Paloma, served in a cocktail glass, featuring Fruité notes. Made with Grape Soda, Tequila. Instructions: Stir together and serve over ice.. Garnished with a fresh fruit slice, placed on a dark wooden bar counter, moody lighting --v 5"
Boxcar,"Flat lay, vintage speakeasy style. High-quality photo of a Boxcar, served in a cocktail glass, featuring Fruité, sucré, sucré notes. Made with Gin, Triple sec, Lemon juice, Grenadine, Egg white. Instructions: In a shaker half-filled with ice cubes, combine all of the ingredients. Shake well. Strain into a sour glass.. Garnished with a fresh fruit slice, placed on a dark wooden bar counter, moody lighting --v 5"
Mimosa,"Flat lay, vintage speakeasy style. High-quality photo of a Mimosa, served in a cocktail glass, featuring Fruité, sucré notes. Made with Champagne, Orange juice. Instructions: Ensure both ingredients are well chilled, then mix into the glass. Serve cold.. Garnished with a fresh fruit slice, placed on a dark wooden bar counter, moody lighting --v 5"
Avalon,"Flat lay, vintage speakeasy style. High-quality photo of a Avalon, served in a cocktail glass, featuring Fruité, sucré notes. Made with Vodka, Pisang Ambon, Apple juice, Lemon juice, Lemonade. Instructions: Fill a tall glass with ice. Layer the Finlandia Vodka, lemon and apple juices, Pisang Ambon, and top up with lemonade. Stir slightly and garnish with a spiralled cucumber skin and a red cherry. The cucumber provides zest and looks attractive. This drink, created by Timo Haimi, took first prize in the 1991 Finlandia Vodka Long Drink Competition.. Garnished with a fresh fruit slice, placed on a dark wooden bar counter, moody lighting --v 5"
Apello,"Flat lay, vintage speakeasy style. High-quality photo of a Apello, served in a cocktail glass, featuring Fruité, sucré notes. Made with Orange juice, Grapefruit juice, Apple juice, Maraschino cherry. Instructions: Stirr. Grnish with maraschino cherry.. Garnished with a fresh fruit slice, placed on a dark wooden bar counter, moody lighting --v 5"
Orgasm,"Flat lay, vintage speakeasy style. High-quality photo of a Orgasm, served in a cocktail glass, featuring Crémeux notes. Made with Creme de Cacao, Amaretto, Triple sec, Vodka, Light cream. Instructions: Shake all ingredients with ice, strain into a chilled cocktail glass, and serve.. Garnished with a minimalist garnish, placed on a dark wooden bar counter, moody lighting --v 5"
Ipamena,"Flat lay, vintage speakeasy style. High-quality photo of a Ipamena, served in a cocktail glass, featuring Acide, épicé, sucré, épicé notes. Made with Lime, Brown sugar, Passion fruit juice, Ginger ale, Ice. Instructions: Cut half a lime into pieces, place in a shaker, add the sugar and crush. Measure the passion fruit juice, add it to the shaker and fill up with ice cubes. Close the shaker and shake vigorously. Pour the liquid into a glass, top up with ginger ale, stir with a teaspoon and then garnish the rim of the glass with a slice of lime. Garnished with a minimalist garnish, placed on a dark wooden bar counter, moody lighting --v 5"
Zambeer,"Flat lay, vintage speakeasy style. High-quality photo of a Zambeer, served in a cocktail glass, featuring Fruité notes. Made with Sambuca, Root beer, Ice. Instructions: Mix sambuca with rootbeer and stir. Add ice. Garnished with a fresh fruit slice, placed on a dark wooden bar counter, moody lighting --v 5"
Bramble,"Flat lay, vintage speakeasy style. High-quality photo of a Bramble, served in a cocktail glass, featuring Crémeux, sucré notes. Made with Gin, lemon juice, Sugar syrup, Creme de Mure. Instructions: Fill glass with crushed ice. Build gin, lemon juice and simple syrup over. Stir, and then pour blackberry liqueur over in a circular fashion to create marbling effect. Garnish with two blackberries and lemon slice.. Garnished with a minimalist garnish, placed on a dark wooden bar counter, moody lighting --v 5"
Sazerac,"Flat lay, vintage speakeasy style. High-quality photo of a Sazerac, served in a cocktail glass, featuring Fumé, sucré notes. Made with Ricard, Sugar, Peychaud bitters, Water, Bourbon, Lemon peel. Instructions: Rinse a chilled old-fashioned glass with the absinthe, add crushed ice, and set it aside. Stir the remaining ingredients over ice and set it aside. Discard the ice and any excess absinthe from the prepared glass, and strain the drink into the glass. Add the lemon peel for garnish.. Garnished with a minimalist garnish, placed on a dark wooden bar counter, moody lighting --v 5"
Almeria,"Flat lay, vintage speakeasy style. High-quality photo of a Almeria, served in a cocktail glass, featuring Fruité notes. Made with Dark rum, Kahlua, Egg white. Instructions: In a shaker half-filled with ice cubes, combine all of the ingredients. Shake well. Strain into a cocktail glass.. Garnished with a fresh fruit slice, placed on a dark wooden bar counter, moody lighting --v 5"
Addison,"Flat lay, vintage speakeasy style. High-quality photo of a Addison, served in a cocktail glass, featuring Amer notes. Made with Gin, Vermouth. Instructions: Shake together all the ingredients and strain into a cold glass.. Garnished with a minimalist garnish, placed on a dark wooden bar counter, moody lighting --v 5"
Vampiro,"Flat lay, vintage speakeasy style. High-quality photo of a Vampiro, served in a cocktail glass, featuring Acide, sucré, salé notes. Made with Tequila, Tomato Juice, Orange Juice, Lime Juice, Sugar Syrup, Salt. Instructions: Vampiros may be made in a tall glass or an old fashioned glass. Bartenders may first ""rim"" the glass with Kosher Salt, which is done by placing a layer of Kosher Salt on a chopping board, moistening the glass' rim with lime juice or water, and then placing the upside down glass rim onto the Kosher Salt, so that the salt sticks to the moistened rim. The second step is to fill half the glass with ice and add one or two shooter glasses full of high quality Tequila. The next stage is to add the flavouring elements. This is done by squeezing a fresh lime into the glass, adding a few grains of salt, adding citrus-flavoured soda pop, until the glass is 4/5 full, and then adding spicy Viuda de Sanchez (or orange juice, lime juice and pico de gallo). The final step is to stir the ingredients so that the flavours are properly blended.. Garnished with a minimalist garnish, placed on a dark wooden bar counter, moody lighting --v 5"
ABC,"Flat lay, vintage speakeasy style. High-quality photo of a ABC, served in a cocktail glass, featuring Crémeux notes. Made with Amaretto, Baileys irish cream, Cognac. Instructions: Layered in a shot glass.. Garnished with a minimalist garnish, placed on a dark wooden bar counter, moody lighting --v 5"
B-53,"Flat lay, vintage speakeasy style. High-quality photo of a B-53, served in a cocktail glass, featuring Fruité notes. Made with Kahlua, Sambuca, Grand Marnier. Instructions: Layer the Kahlua, Sambucca and Grand Marnier into a shot glas in that order. Better than B-52. Garnished with a fresh fruit slice, placed on a dark wooden bar counter, moody lighting --v 5"
B-52,"Flat lay, vintage speakeasy style. High-quality photo of a B-52, served in a cocktail glass, featuring Crémeux notes. Made with Baileys irish cream, Grand Marnier, Kahlua. Instructions: Layer ingredients into a shot glass. Serve with a stirrer.. Garnished with a minimalist garnish, placed on a dark wooden bar counter, moody lighting --v 5"
Derby,"Flat lay, vintage speakeasy style. High-quality photo of a Derby, served in a cocktail glass, featuring Fruité notes. Made with gin, Peach Bitters, Mint. Instructions: Pour all ingredients into a mixing glass with ice. Stir. Strain into a cocktail glass. Garnish with a sprig of fresh mint in the drink.. Garnished with a fresh fruit slice, placed on a dark wooden bar counter, moody lighting --v 5"
Bijou,"Flat lay, vintage speakeasy style. High-quality photo of a Bijou, served in a cocktail glass, featuring Amer, sucré notes. Made with Orange Bitters, Green Chartreuse, Gin, Sweet Vermouth. Instructions: Stir in mixing glass with ice and strain
. Garnished with a minimalist garnish, placed on a dark wooden bar counter, moody lighting --v 5"
Zombie,"Flat lay, vintage speakeasy style. High-quality photo of a Zombie, served in a cocktail glass, featuring Acide, sucré, sucré notes. Made with Rum, Gold rum, 151 proof rum, Pernod, Grenadine, Lime Juice, Angostura Bitters. Instructions: Blend at high speed for no more than 5 seconds.

Pour into a glass, add ice cubes to fill, then add the garnish.

*Donn’s mix: Bring 3 crushed cinnamon sticks, 1 cup of sugar and 1 cup of water to a boil, stirring until the sugar is dissolved.

Simmer for 2 minutes, then remove from the heat and let sit for at least 2 hours before straining into a clean glass bottle.

Then add 1 part of the syrup and 2 parts of fresh grapefruit juice together.. Garnished with a minimalist garnish, placed on a dark wooden bar counter, moody lighting --v 5"
Boxcar,"Flat lay, vintage speakeasy style. High-quality photo of a Boxcar, served in a cocktail glass, featuring Fruité, sucré, sucré notes. Made with Gin, Triple sec, Lemon juice, Grenadine, Egg white. Instructions: In a shaker half-filled with ice cubes, combine all of the ingredients. Shake well. Strain into a sour glass.. Garnished with a fresh fruit slice, placed on a dark wooden bar counter, moody lighting --v 5"
Abilene,"Flat lay, vintage speakeasy style. High-quality photo of a Abilene, served in a cocktail glass, featuring Fruité, sucré notes. Made with Dark rum, Peach nectar, Orange juice. Instructions: Pour all of the ingredients into a highball glass almost filled with ice cubes. Stir well.. Garnished with a fresh fruit slice, placed on a dark wooden bar counter, moody lighting --v 5"
Zambeer,"Flat lay, vintage speakeasy style. High-quality photo of a Zambeer, served in a cocktail glass, featuring Fruité notes. Made with Sambuca, Root beer, Ice. Instructions: Mix sambuca with rootbeer and stir. Add ice. Garnished with a fresh fruit slice, placed on a dark wooden bar counter, moody lighting --v 5"
Bramble,"Flat lay, vintage speakeasy style. High-quality photo of a Bramble, served in a cocktail glass, featuring Crémeux, sucré notes. Made with Gin, lemon juice, Sugar syrup, Creme de Mure. Instructions: Fill glass with crushed ice. Build gin, lemon juice and simple syrup over. Stir, and then pour blackberry liqueur over in a circular fashion to create marbling effect. Garnish with two blackberries and lemon slice.. Garnished with a minimalist garnish, placed on a dark wooden bar counter, moody lighting --v 5"
Big Red,"Flat lay, vintage speakeasy style. High-quality photo of a Big Red, served in a cocktail glass, featuring Fruité notes. Made with Irish cream, Goldschlager. Instructions: Pour ingredients into 1 ounce shot glass. Garnished with a fresh fruit slice, placed on a dark wooden bar counter, moody lighting --v 5"
Bellini,"Flat lay, vintage speakeasy style. High-quality photo of a Bellini, served in a cocktail glass, featuring Fruité notes. Made with Champagne, Peach schnapps. Instructions: Pour peach purée into chilled flute, add sparkling wine. Stir gently.. Garnished with a fresh fruit slice, placed on a dark wooden bar counter, moody lighting --v 5"
Brooklyn,"Flat lay, vintage speakeasy style. High-quality photo of a Brooklyn, served in a cocktail glass, featuring Amer, sucré, sucré notes. Made with Rye Whiskey, Dry Vermouth, Maraschino Liqueur, Angostura Bitters, Maraschino Cherry. Instructions: Combine ingredients with ice and stir until well-chilled. Strain into a chilled cocktail glass.. Garnished with a minimalist garnish, placed on a dark wooden bar counter, moody lighting --v 5"
Balmoral,"Flat lay, vintage speakeasy style. High-quality photo of a Balmoral, served in a cocktail glass, featuring Amer, sucré notes. Made with Scotch, Sweet Vermouth, Dry Vermouth, Bitters. Instructions: In a mixing glass half-filled with ice cubes, combine all of the ingredients. Stir well. Strain into a cocktail glass.. Garnished with a minimalist garnish, placed on a dark wooden bar counter, moody lighting --v 5"
Snowball,"Flat lay, vintage speakeasy style. High-quality photo of a Snowball, served in a cocktail glass, featuring Fruité notes. Made with Advocaat, Lemonade, Lemon, Ice. Instructions: Place one ice cube in the glass and add 1 1/2 oz of Advocaat. Fill up the glass with lemonade and decorate with a slice of lemon. Serve at once.. Garnished with a fresh fruit slice, placed on a dark wooden bar counter, moody lighting --v 5"
Danbooka,"Flat lay, vintage speakeasy style. High-quality photo of a Danbooka, served in a cocktail glass, featuring Fruité notes. Made with Coffee, Everclear. Instructions: pour it in and mix it.. Garnished with a fresh fruit slice, placed on a dark wooden bar counter, moody lighting --v 5"
Bluebird,"Flat lay, vintage speakeasy style. High-quality photo of a Bluebird, served in a cocktail glass, featuring Fruité notes. Made with Gin, Triple sec, Blue Curacao, Bitters, Maraschino cherry, Lemon peel. Instructions: In a mixing glass half-filled with crushed ice, combine the gin, triple sec, Curacao, and bitters. Stir well. Strain into a cocktail glass and garnish with the lemon twist and the cherry.. Garnished with a fresh fruit slice, placed on a dark wooden bar counter, moody lighting --v 5"
501 Blue,"Flat lay, vintage speakeasy style. High-quality photo of a 501 Blue, served in a cocktail glass, featuring Fruité notes. Made with Blue Curacao, Blueberry schnapps, Vodka, Sour mix, 7-Up. Instructions: Mix equal amounts into a glass with ice.. Garnished with a fresh fruit slice, placed on a dark wooden bar counter, moody lighting --v 5"
Pegu Club,"Flat lay, vintage speakeasy style. High-quality photo of a Pegu Club, served in a cocktail glass, featuring Acide, sucré notes. Made with Gin, Orange Curacao, Lime Juice, Angostura Bitters, Orange Bitters. Instructions: Shake, strain, up, cocktail glass. Garnished with a minimalist garnish, placed on a dark wooden bar counter, moody lighting --v 5"
Old Cuban,"Flat lay, vintage speakeasy style. High-quality photo of a Old Cuban, served in a cocktail glass, featuring Acide, sucré notes. Made with White Rum, Sugar Syrup, Lime Juice, Angostura Bitters, Prosecco. Instructions: Shake a handful of mint, 2oz white rum, 1oz of sugar syrup, 1oz lime juice and 2 dashes angostura bitters with ice. Double strain into a glass and top with 2oz of prosecco.. Garnished with a minimalist garnish, placed on a dark wooden bar counter, moody lighting --v 5"
Boomerang,"Flat lay, vintage speakeasy style. High-quality photo of a Boomerang, served in a cocktail glass, featuring Amer, sucré, sucré notes. Made with Gin, Dry Vermouth, Bitters, Maraschino liqueur, Maraschino cherry. Instructions: In a mixing glass half-filled with ice cubes, combine the gin, vermouth, bitters, and maraschino liqueur. Stir well. Strain into a cocktail glass and garnish with the cherry.. Garnished with a minimalist garnish, placed on a dark wooden bar counter, moody lighting --v 5"
Barracuda,"Flat lay, vintage speakeasy style. High-quality photo of a Barracuda, served in a cocktail glass, featuring Acide, sucré notes. Made with Rum, Galliano, Pineapple Juice, Lime Juice, Prosecco. Instructions: Shake pour ingredients with ice. Strain into glass, top with Sparkling wine.. Garnished with a minimalist garnish, placed on a dark wooden bar counter, moody lighting --v 5"
Bora Bora,"Flat lay, vintage speakeasy style. High-quality photo of a Bora Bora, served in a cocktail glass, featuring Fruité, sucré, sucré notes. Made with Pineapple juice, Passion fruit juice, Lemon juice, Grenadine. Instructions: Prepare in a blender or shaker, serve in a highball glass on the rocks. Garnish with 1 slice of pineapple and one cherry.. Garnished with a fresh fruit slice, placed on a dark wooden bar counter, moody lighting --v 5"
Lunch Box,"Flat lay, vintage speakeasy style. High-quality photo of a Lunch Box, served in a cocktail glass, featuring Fruité, sucré notes. Made with Beer, Amaretto, Orange juice. Instructions: Fill a pint glass almost full with beer. Then fill the rest with orange juice (careful not to fill it to the top). Then take the shot of Amaretto and drop it in.. Garnished with a fresh fruit slice, placed on a dark wooden bar counter, moody lighting --v 5"
Jitterbug,"Flat lay, vintage speakeasy style. High-quality photo of a Jitterbug, served in a cocktail glass, featuring Acide, sucré, sucré notes. Made with Gin, Vodka, Grenadine, Lime juice, Sugar, Sugar syrup, Soda water. Instructions: Wet glass, dip rim in sugar. Then add Ice. Then add everything else. It's that simple!. Garnished with a minimalist garnish, placed on a dark wooden bar counter, moody lighting --v 5"
Ace,"Flat lay, vintage speakeasy style. High-quality photo of a Ace, served in a cocktail glass, featuring Fruité, sucré, sucré notes. Made with Gin, Grenadine, Heavy cream, Milk, Egg White. Instructions: Shake all the ingredients in a cocktail shaker and ice then strain in a cold glass.. Garnished with a fresh fruit slice, placed on a dark wooden bar counter, moody lighting --v 5"
ABC,"Flat lay, vintage speakeasy style. High-quality photo of a ABC, served in a cocktail glass, featuring Crémeux notes. Made with Amaretto, Baileys irish cream, Cognac. Instructions: Layered in a shot glass.. Garnished with a minimalist garnish, placed on a dark wooden bar counter, moody lighting --v 5"
ACID,"Flat lay, vintage speakeasy style. High-quality photo of a ACID, served in a cocktail glass, featuring Fruité notes. Made with 151 proof rum, Wild Turkey. Instructions: Poor in the 151 first followed by the 101 served with a Coke or Dr Pepper chaser.. Garnished with a fresh fruit slice, placed on a dark wooden bar counter, moody lighting --v 5"
Boxcar,"Flat lay, vintage speakeasy style. High-quality photo of a Boxcar, served in a cocktail glass, featuring Fruité, sucré, sucré notes. Made with Gin, Triple sec, Lemon juice, Grenadine, Egg white. Instructions: In a shaker half-filled with ice cubes, combine all of the ingredients. Shake well. Strain into a sour glass.. Garnished with a fresh fruit slice, placed on a dark wooden bar counter, moody lighting --v 5"
Casino,"Flat lay, vintage speakeasy style. High-quality photo of a Casino, served in a cocktail glass, featuring Fruité, sucré, sucré notes. Made with Gin, Maraschino liqueur, Lemon juice, Orange bitters, Cherry. Instructions: Pour all ingredients into shaker with ice cubes. Shake well. Strain into chilled cocktail glass. Garnish with a lemon twist and a maraschino cherry. Serve without a straw.. Garnished with a fresh fruit slice, placed on a dark wooden bar counter, moody lighting --v 5"
Victor,"Flat lay, vintage speakeasy style. High-quality photo of a Victor, served in a cocktail glass, featuring Amer, sucré notes. Made with Gin, Sweet Vermouth, Brandy. Instructions: Shake all ingredients with ice, strain into a cocktail glass, and serve.. Garnished with a minimalist garnish, placed on a dark wooden bar counter, moody lighting --v 5"
Scooter,"Flat lay, vintage speakeasy style. High-quality photo of a Scooter, served in a cocktail glass, featuring Fruité notes. Made with Brandy, Amaretto, Light cream. Instructions: Shake all ingredients well with cracked ice, strain into a cocktail glass, and serve.. Garnished with a fresh fruit slice, placed on a dark wooden bar counter, moody lighting --v 5"
Sidecar,"Flat lay, vintage speakeasy style. High-quality photo of a Sidecar, served in a cocktail glass, featuring Fruité, sucré notes. Made with Cognac, Cointreau, Lemon juice. Instructions: Pour all ingredients into cocktail shaker filled with ice. Shake well and strain into cocktail glass.. Garnished with a fresh fruit slice, placed on a dark wooden bar counter, moody lighting --v 5"
Sazerac,"Flat lay, vintage speakeasy style. High-quality photo of a Sazerac, served in a cocktail glass, featuring Fumé, sucré notes. Made with Ricard, Sugar, Peychaud bitters, Water, Bourbon, Lemon peel. Instructions: Rinse a chilled old-fashioned glass with the absinthe, add crushed ice, and set it aside. Stir the remaining ingredients over ice and set it aside. Discard the ice and any excess absinthe from the prepared glass, and strain the drink into the glass. Add the lemon peel for garnish.. Garnished with a minimalist garnish, placed on a dark wooden bar counter, moody lighting --v 5"
Acapulco,"Flat lay, vintage speakeasy style. High-quality photo of a Acapulco, served in a cocktail glass, featuring Acide, sucré notes. Made with Light rum, Triple sec, Lime juice, Sugar, Egg white, Mint. Instructions: Combine and shake all ingredients (except mint) with ice and strain into an old-fashioned glass over ice cubes. Add the sprig of mint and serve.. Garnished with a minimalist garnish, placed on a dark wooden bar counter, moody lighting --v 5"
Ice Pick,"Flat lay, vintage speakeasy style. High-quality photo of a Ice Pick, served in a cocktail glass, featuring Fruité, sucré notes. Made with Vodka, Iced tea, Lemon juice. Instructions: Put Vodka in glass fill with iced tea. Stir in lemon to taste.. Garnished with a fresh fruit slice, placed on a dark wooden bar counter, moody lighting --v 5"
Applecar,"Flat lay, vintage speakeasy style. High-quality photo of a Applecar, served in a cocktail glass, featuring Fruité, sucré notes. Made with Applejack, Triple sec, Lemon juice. Instructions: Shake all ingredients with ice, strain into a cocktail glass, and serve.. Garnished with a fresh fruit slice, placed on a dark wooden bar counter, moody lighting --v 5"
Spice 75,"Flat lay, vintage speakeasy style. High-quality photo of a Spice 75, served in a cocktail glass, featuring Acide, sucré notes. Made with Sugar, Allspice, Rum, Lime Juice, Champagne, Orange spiral. Instructions: Gently warm 60g golden caster sugar in a pan with 30ml water and 1 tbsp allspice. Cook gently until the sugar has dissolved, then leave the mixture to cool. Strain through a sieve lined with a coffee filter (or a double layer of kitchen paper).

Pour 60ml of the spiced syrup into a cocktail shaker along with 200ml rum and 90ml lime juice. Shake with ice and strain between six flute glasses. Top up with 600ml champagne and garnish each with an orange twist.. Garnished with a minimalist garnish, placed on a dark wooden bar counter, moody lighting --v 5"
Godchild,"Flat lay, vintage speakeasy style. High-quality photo of a Godchild, served in a cocktail glass, featuring Fruité notes. Made with Vodka, Amaretto, Heavy cream. Instructions: Shake all ingredients well with cracked ice, strain into a champagne flute, and serve.. Garnished with a fresh fruit slice, placed on a dark wooden bar counter, moody lighting --v 5"
Buccaneer,"Flat lay, vintage speakeasy style. High-quality photo of a Buccaneer, served in a cocktail glass, featuring Fruité notes. Made with Corona, Bacardi Limon. Instructions: Pour the corona into an 18oz beer glass pour the bacardi limon into the beer stir very gently. Garnished with a fresh fruit slice, placed on a dark wooden bar counter, moody lighting --v 5"
Applejack,"Flat lay, vintage speakeasy style. High-quality photo of a Applejack, served in a cocktail glass, featuring Fruité, sucré, sucré notes. Made with Jack Daniels, Midori melon liqueur, Sour mix. Instructions: Add all ingredients into mixing glass, chill and strain into cocktail glass. Garnished with a fresh fruit slice, placed on a dark wooden bar counter, moody lighting --v 5"
Old Cuban,"Flat lay, vintage speakeasy style. High-quality photo of a Old Cuban, served in a cocktail glass, featuring Acide, sucré notes. Made with White Rum, Sugar Syrup, Lime Juice, Angostura Bitters, Prosecco. Instructions: Shake a handful of mint, 2oz white rum, 1oz of sugar syrup, 1oz lime juice and 2 dashes angostura bitters with ice. Double strain into a glass and top with 2oz of prosecco.. Garnished with a minimalist garnish, placed on a dark wooden bar counter, moody lighting --v 5"
Americano,"Flat lay, vintage speakeasy style. High-quality photo of a Americano, served in a cocktail glass, featuring Amer, sucré notes. Made with Campari, Sweet Vermouth, Lemon peel, Orange peel. Instructions: Pour the Campari and vermouth over ice into glass, add a splash of soda water and garnish with half orange slice.. Garnished with a minimalist garnish, placed on a dark wooden bar counter, moody lighting --v 5"
Pegu Club,"Flat lay, vintage speakeasy style. High-quality photo of a Pegu Club, served in a cocktail glass, featuring Acide, sucré notes. Made with Gin, Orange Curacao, Lime Juice, Angostura Bitters, Orange Bitters. Instructions: Shake, strain, up, cocktail glass. Garnished with a minimalist garnish, placed on a dark wooden bar counter, moody lighting --v 5"
Barracuda,"Flat lay, vintage speakeasy style. High-quality photo of a Barracuda, served in a cocktail glass, featuring Acide, sucré notes. Made with Rum, Galliano, Pineapple Juice, Lime Juice, Prosecco. Instructions: Shake pour ingredients with ice. Strain into glass, top with Sparkling wine.. Garnished with a minimalist garnish, placed on a dark wooden bar counter, moody lighting --v 5"
French 75,"Flat lay, vintage speakeasy style. High-quality photo of a French 75, served in a cocktail glass, featuring Fruité, sucré notes. Made with Gin, Sugar, Lemon juice, Champagne, Orange, Maraschino cherry. Instructions: Combine gin, sugar, and lemon juice in a cocktail shaker filled with ice. Shake vigorously and strain into a chilled champagne glass. Top up with Champagne. Stir gently.. Garnished with a fresh fruit slice, placed on a dark wooden bar counter, moody lighting --v 5"
Egg Cream,"Flat lay, vintage speakeasy style. High-quality photo of a Egg Cream, served in a cocktail glass, featuring Fruité, sucré notes. Made with Chocolate syrup, Milk, Soda water. Instructions: Mix syrup and milk in a fountain glass. Add soda water, serve with a straw.. Garnished with a fresh fruit slice, placed on a dark wooden bar counter, moody lighting --v 5"
Michelada,"Flat lay, vintage speakeasy style. High-quality photo of a Michelada, served in a cocktail glass, featuring Acide, sucré, salé notes. Made with Beer, Tomato Juice, Lime Juice, Hot Sauce, Worcestershire Sauce, Soy Sauce. Instructions: Mix the beer with tomato juice, freshly squeezed lime juice, and Worcestershire sauce, teriyaki sauce, soy sauce, or hot sauce.
Served In a chilled, salt-rimmed glass
. Garnished with a minimalist garnish, placed on a dark wooden bar counter, moody lighting --v 5"
Avalanche,"Flat lay, vintage speakeasy style. High-quality photo of a Avalanche, served in a cocktail glass, featuring Fruité notes. Made with Crown Royal, Kahlua, Cream. Instructions: Mix in highball glass over ice, shake well.. Garnished with a fresh fruit slice, placed on a dark wooden bar counter, moody lighting --v 5"
Rum Punch,"Flat lay, vintage speakeasy style. High-quality photo of a Rum Punch, served in a cocktail glass, featuring Fruité, épicé, sucré, épicé notes. Made with Rum, Ginger ale, Fruit punch, Orange juice, Ice. Instructions: Mix all ingredients in a punch bowl and serve.. Garnished with a fresh fruit slice, placed on a dark wooden bar counter, moody lighting --v 5"
H.D.,"Flat lay, vintage speakeasy style. High-quality photo of a H.D., served in a cocktail glass, featuring Crémeux notes. Made with Whisky, Baileys irish cream, Coffee. Instructions: Mix the whisky and Baileys Cream in a beer-glass (at least 50 cl). Fill the rest of the glass with coffee.. Garnished with a minimalist garnish, placed on a dark wooden bar counter, moody lighting --v 5"
ACID,"Flat lay, vintage speakeasy style. High-quality photo of a ACID, served in a cocktail glass, featuring Fruité notes. Made with 151 proof rum, Wild Turkey. Instructions: Poor in the 151 first followed by the 101 served with a Coke or Dr Pepper chaser.. Garnished with a fresh fruit slice, placed on a dark wooden bar counter, moody lighting --v 5"
Adam,"Flat lay, vintage speakeasy style. High-quality photo of a Adam, served in a cocktail glass, featuring Fruité, sucré, sucré notes. Made with Dark rum, Lemon juice, Grenadine. Instructions: In a shaker half-filled with ice cubes, combine all of the ingredients. Shake well. Strain into a cocktail glass.. Garnished with a fresh fruit slice, placed on a dark wooden bar counter, moody lighting --v 5"
Derby,"Flat lay, vintage speakeasy style. High-quality photo of a Derby, served in a cocktail glass, featuring Fruité notes. Made with gin, Peach Bitters, Mint. Instructions: Pour all ingredients into a mixing glass with ice. Stir. Strain into a cocktail glass. Garnish with a sprig of fresh mint in the drink.. Garnished with a fresh fruit slice, placed on a dark wooden bar counter, moody lighting --v 5"
Diesel,"Flat lay, vintage speakeasy style. High-quality photo of a Diesel, served in a cocktail glass, featuring Fruité notes. Made with Lager, Cider, Blackcurrant cordial. Instructions: Pour the lager first then add the blackcurrant cordial. Top up with the cider. The colour sholud be very dark approaching the colour of Guiness.. Garnished with a fresh fruit slice, placed on a dark wooden bar counter, moody lighting --v 5"
Radler,"Flat lay, vintage speakeasy style. High-quality photo of a Radler, served in a cocktail glass, featuring Fruité notes. Made with Beer, 7-Up. Instructions: Pour beer into large mug, slowly add the 7-up (or Sprite).. Garnished with a fresh fruit slice, placed on a dark wooden bar counter, moody lighting --v 5"
Snowday,"Flat lay, vintage speakeasy style. High-quality photo of a Snowday, served in a cocktail glass, featuring Amer notes. Made with Vodka, Amaro Montenegro, Ruby Port, Blood Orange, Angostura Bitters, Orange Peel. Instructions: Stir all ingredients with ice. Strain into a chilled rocks glass over fresh ice. Express orange peel over drink and garnish.. Garnished with a minimalist garnish, placed on a dark wooden bar counter, moody lighting --v 5"
Limeade,"Flat lay, vintage speakeasy style. High-quality photo of a Limeade, served in a cocktail glass, featuring Acide, sucré notes. Made with Lime, Sugar, Soda water, Lime peel. Instructions: In a large glass, put the lime juice and sugar, and stir well. Add cold seltzer water to fill. Put the lime peels in the glass. Drink. Repeat until limes or soda run out.. Garnished with a minimalist garnish, placed on a dark wooden bar counter, moody lighting --v 5"
Sidecar,"Flat lay, vintage speakeasy style. High-quality photo of a Sidecar, served in a cocktail glass, featuring Fruité, sucré notes. Made with Cognac, Cointreau, Lemon juice. Instructions: Pour all ingredients into cocktail shaker filled with ice. Shake well and strain into cocktail glass.. Garnished with a fresh fruit slice, placed on a dark wooden bar counter, moody lighting --v 5"
Addison,"Flat lay, vintage speakeasy style. High-quality photo of a Addison, served in a cocktail glass, featuring Amer notes. Made with Gin, Vermouth. Instructions: Shake together all the ingredients and strain into a cold glass.. Garnished with a minimalist garnish, placed on a dark wooden bar counter, moody lighting --v 5"
Old Pal,"Flat lay, vintage speakeasy style. High-quality photo of a Old Pal, served in a cocktail glass, featuring Amer notes. Made with Rye whiskey, Campari, Dry Vermouth. Instructions: Chill cocktail glass. Add ingredients to a mixing glass, and fill 2/3 full with ice. Stir about 20 seconds. Empty cocktail glass and strain into the glass. Garnish with a twist of lemon peel.. Garnished with a minimalist garnish, placed on a dark wooden bar counter, moody lighting --v 5"
Big Red,"Flat lay, vintage speakeasy style. High-quality photo of a Big Red, served in a cocktail glass, featuring Fruité notes. Made with Irish cream, Goldschlager. Instructions: Pour ingredients into 1 ounce shot glass. Garnished with a fresh fruit slice, placed on a dark wooden bar counter, moody lighting --v 5"
Daiquiri,"Flat lay, vintage speakeasy style. High-quality photo of a Daiquiri, served in a coupette glass, featuring Acide, sucré notes. Made with Light rum, Lime, Powdered sugar. Instructions: Pour all ingredients into shaker with ice cubes. Shake well. Strain in chilled cocktail glass.. Garnished with a minimalist garnish, placed on a dark wooden bar counter, moody lighting --v 5"
Paradise,"Flat lay, vintage speakeasy style. High-quality photo of a Paradise, served in a cocktail glass, featuring Fruité, sucré notes. Made with Gin, Apricot Brandy, Orange Juice. Instructions: Shake together over ice. Strain into cocktail glass and serve chilled.. Garnished with a fresh fruit slice, placed on a dark wooden bar counter, moody lighting --v 5"
Bluebird,"Flat lay, vintage speakeasy style. High-quality photo of a Bluebird, served in a cocktail glass, featuring Fruité notes. Made with Gin, Triple sec, Blue Curacao, Bitters, Maraschino cherry, Lemon peel. Instructions: In a mixing glass half-filled with crushed ice, combine the gin, triple sec, Curacao, and bitters. Stir well. Strain into a cocktail glass and garnish with the lemon twist and the cherry.. Garnished with a fresh fruit slice, placed on a dark wooden bar counter, moody lighting --v 5"
Danbooka,"Flat lay, vintage speakeasy style. High-quality photo of a Danbooka, served in a cocktail glass, featuring Fruité notes. Made with Coffee, Everclear. Instructions: pour it in and mix it.. Garnished with a fresh fruit slice, placed on a dark wooden bar counter, moody lighting --v 5"
Godchild,"Flat lay, vintage speakeasy style. High-quality photo of a Godchild, served in a cocktail glass, featuring Fruité notes. Made with Vodka, Amaretto, Heavy cream. Instructions: Shake all ingredients well with cracked ice, strain into a champagne flute, and serve.. Garnished with a fresh fruit slice, placed on a dark wooden bar counter, moody lighting --v 5"
Salty Dog,"Flat lay, vintage speakeasy style. High-quality photo of a Salty Dog, served in a cocktail glass, featuring Fruité, sucré, salé notes. Made with Grapefruit juice, Gin, Salt. Instructions: Pour all ingredients over ice cubes in a highball glass. Stir well and serve. (Vodka may be substituted for gin, if preferred.). Garnished with a fresh fruit slice, placed on a dark wooden bar counter, moody lighting --v 5"
Orangeade,"Flat lay, vintage speakeasy style. High-quality photo of a Orangeade, served in a cocktail glass, featuring Fruité, sucré notes. Made with Lemon juice, Orange juice, Sugar syrup, Soda water. Instructions: Place some ice cubes in a large tumbler or highball glass, add lemon juice, orange juice, sugar syrup, and stir well. Top up with cold soda water, serve with a drinking straw.. Garnished with a fresh fruit slice, placed on a dark wooden bar counter, moody lighting --v 5"
Alexander,"Flat lay, vintage speakeasy style. High-quality photo of a Alexander, served in a cocktail glass, featuring Crémeux, épicé, épicé notes. Made with Gin, Creme de Cacao, Light cream, Nutmeg. Instructions: Shake all ingredients with ice and strain contents into a cocktail glass. Sprinkle nutmeg on top and serve.. Garnished with a minimalist garnish, placed on a dark wooden bar counter, moody lighting --v 5"
Addington,"Flat lay, vintage speakeasy style. High-quality photo of a Addington, served in a cocktail glass, featuring Amer, sucré notes. Made with Sweet Vermouth, Dry Vermouth, Soda Water. Instructions: Mix both the vermouth's in a shaker and strain into a cold glass. Top up with a squirt of Soda Water. . Garnished with a minimalist garnish, placed on a dark wooden bar counter, moody lighting --v 5"
Old Cuban,"Flat lay, vintage speakeasy style. High-quality photo of a Old Cuban, served in a cocktail glass, featuring Acide, sucré notes. Made with White Rum, Sugar Syrup, Lime Juice, Angostura Bitters, Prosecco. Instructions: Shake a handful of mint, 2oz white rum, 1oz of sugar syrup, 1oz lime juice and 2 dashes angostura bitters with ice. Double strain into a glass and top with 2oz of prosecco.. Garnished with a minimalist garnish, placed on a dark wooden bar counter, moody lighting --v 5"
Rum Toddy,"Flat lay, vintage speakeasy style. High-quality photo of a Rum Toddy, served in a cocktail glass, featuring Fruité, sucré notes. Made with Rum, Powdered sugar, Lemon peel, Water. Instructions: Dissolve powdered sugar in water in an old-fashioned glass. Add rum and one ice cube and stir. Add the twist of lemon peel and serve.. Garnished with a fresh fruit slice, placed on a dark wooden bar counter, moody lighting --v 5"
Barracuda,"Flat lay, vintage speakeasy style. High-quality photo of a Barracuda, served in a cocktail glass, featuring Acide, sucré notes. Made with Rum, Galliano, Pineapple Juice, Lime Juice, Prosecco. Instructions: Shake pour ingredients with ice. Strain into glass, top with Sparkling wine.. Garnished with a minimalist garnish, placed on a dark wooden bar counter, moody lighting --v 5"
Jam Donut,"Flat lay, vintage speakeasy style. High-quality photo of a Jam Donut, served in a cocktail glass, featuring Crémeux, sucré, sucré notes. Made with Baileys irish cream, Chambord raspberry liqueur, Sugar syrup, Sugar. Instructions: Coat the rim of a shot glass with sugar using sugar syrup to stick. Add the Chambord raspberry liqueur to the shot glass, and carefully layer the Baileys Irish Cream on top. Serve.. Garnished with a minimalist garnish, placed on a dark wooden bar counter, moody lighting --v 5"
Ace,"Flat lay, vintage speakeasy style. High-quality photo of a Ace, served in a cocktail glass, featuring Fruité, sucré, sucré notes. Made with Gin, Grenadine, Heavy cream, Milk, Egg White. Instructions: Shake all the ingredients in a cocktail shaker and ice then strain in a cold glass.. Garnished with a fresh fruit slice, placed on a dark wooden bar counter, moody lighting --v 5"
Rose,"Flat lay, vintage speakeasy style. High-quality photo of a Rose, served in a cocktail glass, featuring Amer, sucré, sucré notes. Made with Dry Vermouth, Gin, Apricot brandy, Lemon juice, Grenadine, Powdered sugar. Instructions: Shake together in a cocktail shaker, then strain into chilled glass. Garnish and serve.. Garnished with a minimalist garnish, placed on a dark wooden bar counter, moody lighting --v 5"
Melya,"Flat lay, vintage speakeasy style. High-quality photo of a Melya, served in a cocktail glass, featuring Fruité, sucré notes. Made with Espresso, Honey, Cocoa powder. Instructions: Brew espresso. In a coffee mug, place 1 teaspoon of unsweetened powdered cocoa, then cover a teaspoon with honey and drizzle it into the cup. Stir while the coffee brews, this is the fun part. The cocoa seems to coat the honey without mixing, so you get a dusty, sticky mass that looks as though it will never mix. Then all at once, presto! It looks like dark chocolate sauce. Pour hot espresso over the honey, stirring to dissolve. Serve with cream.. Garnished with a fresh fruit slice, placed on a dark wooden bar counter, moody lighting --v 5"
Derby,"Flat lay, vintage speakeasy style. High-quality photo of a Derby, served in a cocktail glass, featuring Fruité notes. Made with gin, Peach Bitters, Mint. Instructions: Pour all ingredients into a mixing glass with ice. Stir. Strain into a cocktail glass. Garnish with a sprig of fresh mint in the drink.. Garnished with a fresh fruit slice, placed on a dark wooden bar counter, moody lighting --v 5"
Radler,"Flat lay, vintage speakeasy style. High-quality photo of a Radler, served in a cocktail glass, featuring Fruité notes. Made with Beer, 7-Up. Instructions: Pour beer into large mug, slowly add the 7-up (or Sprite).. Garnished with a fresh fruit slice, placed on a dark wooden bar counter, moody lighting --v 5"
Zombie,"Flat lay, vintage speakeasy style. High-quality photo of a Zombie, served in a cocktail glass, featuring Acide, sucré, sucré notes. Made with Rum, Gold rum, 151 proof rum, Pernod, Grenadine, Lime Juice, Angostura Bitters. Instructions: Blend at high speed for no more than 5 seconds.

Pour into a glass, add ice cubes to fill, then add the garnish.

*Donn’s mix: Bring 3 crushed cinnamon sticks, 1 cup of sugar and 1 cup of water to a boil, stirring until the sugar is dissolved.

Simmer for 2 minutes, then remove from the heat and let sit for at least 2 hours before straining into a clean glass bottle.

Then add 1 part of the syrup and 2 parts of fresh grapefruit juice together.. Garnished with a minimalist garnish, placed on a dark wooden bar counter, moody lighting --v 5"
Diesel,"Flat lay, vintage speakeasy style. High-quality photo of a Diesel, served in a cocktail glass, featuring Fruité notes. Made with Lager, Cider, Blackcurrant cordial. Instructions: Pour the lager first then add the blackcurrant cordial. Top up with the cider. The colour sholud be very dark approaching the colour of Guiness.. Garnished with a fresh fruit slice, placed on a dark wooden bar counter, moody lighting --v 5"
Zinger,"Flat lay, vintage speakeasy style. High-quality photo of a Zinger, served in a cocktail glass, featuring Fruité notes. Made with Peachtree schnapps, Surge. Instructions: Get a shot glass and pour in three shots of the schnapps. Do the same with the Surge Cola. Then down it like Scheetz would.. Garnished with a fresh fruit slice, placed on a dark wooden bar counter, moody lighting --v 5"
Frosé,"Flat lay, vintage speakeasy style. High-quality photo of a Frosé, served in a cocktail glass, featuring Floral, sucré notes. Made with Rose, Sugar, Strawberries, Lemon Juice. Instructions: Step 1
Pour rosé into a 13x9"" pan and freeze until almost solid (it won't completely solidify due to the alcohol), at least 6 hours.

Step 2
Meanwhile, bring sugar and ½ cup water to a boil in a medium saucepan; cook, stirring constantly, until sugar dissolves, about 3 minutes. Add strawberries, remove from heat, and let sit 30 minutes to infuse syrup with strawberry flavor. Strain through a fine-mesh sieve into a small bowl (do not press on solids); cover and chill until cold, about 30 minutes.

Step 3
Scrape rosé into a blender. Add lemon juice, 3½ ounces strawberry syrup, and 1 cup crushed ice and purée until smooth. Transfer blender jar to freezer and freeze until frosé is thickened (aim for milkshake consistency), 25–35 minutes.

Step 4
Blend again until frosé is slushy. Divide among glasses.

Step 5
Do Ahead: Rosé can be frozen 1 week ahead.. Garnished with a minimalist garnish, placed on a dark wooden bar counter, moody lighting --v 5"
Zoksel,"Flat lay, vintage speakeasy style. High-quality photo of a Zoksel, served in a cocktail glass, featuring Crémeux notes. Made with Beer, Root beer, Lemonade, Coca-Cola, 7-Up, Creme de Cassis, Lemon. Instructions: No specific mixing instructions, just poor every ingredient in one glass. The lemon goes with it.. Garnished with a minimalist garnish, placed on a dark wooden bar counter, moody lighting --v 5"
Vesper,"Flat lay, vintage speakeasy style. High-quality photo of a Vesper, served in a cocktail glass, featuring Fruité notes. Made with Gin, Vodka, Lillet Blanc. Instructions: Shake over ice until well chilled, then strain into a deep goblet and garnish with a thin slice of lemon peel.. Garnished with a fresh fruit slice, placed on a dark wooden bar counter, moody lighting --v 5"
Gimlet,"Flat lay, vintage speakeasy style. High-quality photo of a Gimlet, served in a cocktail glass, featuring Acide, sucré notes. Made with Gin, Lime Juice, Sugar Syrup, Lime. Instructions: Add all the ingredients to a shaker and fill with ice.

Shake, and strain into a chilled cocktail glass or an Old Fashioned glass filled with fresh ice.

Garnish with a lime wheel.. Garnished with a minimalist garnish, placed on a dark wooden bar counter, moody lighting --v 5"
Apello,"Flat lay, vintage speakeasy style. High-quality photo of a Apello, served in a cocktail glass, featuring Fruité, sucré notes. Made with Orange juice, Grapefruit juice, Apple juice, Maraschino cherry. Instructions: Stirr. Grnish with maraschino cherry.. Garnished with a fresh fruit slice, placed on a dark wooden bar counter, moody lighting --v 5"
Sazerac,"Flat lay, vintage speakeasy style. High-quality photo of a Sazerac, served in a cocktail glass, featuring Fumé, sucré notes. Made with Ricard, Sugar, Peychaud bitters, Water, Bourbon, Lemon peel. Instructions: Rinse a chilled old-fashioned glass with the absinthe, add crushed ice, and set it aside. Stir the remaining ingredients over ice and set it aside. Discard the ice and any excess absinthe from the prepared glass, and strain the drink into the glass. Add the lemon peel for garnish.. Garnished with a minimalist garnish, placed on a dark wooden bar counter, moody lighting --v 5"
Veteran,"Flat lay, vintage speakeasy style. High-quality photo of a Veteran, served in a cocktail glass, featuring Fruité notes. Made with Dark rum, Cherry brandy. Instructions: Pour the rum and cherry brandy into an old-fashioned glass almost filled with ice cubes. Stir well.. Garnished with a fresh fruit slice, placed on a dark wooden bar counter, moody lighting --v 5"
Stinger,"Flat lay, vintage speakeasy style. High-quality photo of a Stinger, served in a cocktail glass, featuring Herbacé notes. Made with Brandy, White Creme de Menthe. Instructions: Pour in a mixing glass with ice, stir and strain into a cocktail glass. May also be served on rocks in a rocks glass.. Garnished with a minimalist garnish, placed on a dark wooden bar counter, moody lighting --v 5"
Ipamena,"Flat lay, vintage speakeasy style. High-quality photo of a Ipamena, served in a cocktail glass, featuring Acide, épicé, sucré, épicé notes. Made with Lime, Brown sugar, Passion fruit juice, Ginger ale, Ice. Instructions: Cut half a lime into pieces, place in a shaker, add the sugar and crush. Measure the passion fruit juice, add it to the shaker and fill up with ice cubes. Close the shaker and shake vigorously. Pour the liquid into a glass, top up with ginger ale, stir with a teaspoon and then garnish the rim of the glass with a slice of lime. Garnished with a minimalist garnish, placed on a dark wooden bar counter, moody lighting --v 5"
Bellini,"Flat lay, vintage speakeasy style. High-quality photo of a Bellini, served in a cocktail glass, featuring Fruité notes. Made with Champagne, Peach schnapps. Instructions: Pour peach purée into chilled flute, add sparkling wine. Stir gently.. Garnished with a fresh fruit slice, placed on a dark wooden bar counter, moody lighting --v 5"
Bramble,"Flat lay, vintage speakeasy style. High-quality photo of a Bramble, served in a cocktail glass, featuring Crémeux, sucré notes. Made with Gin, lemon juice, Sugar syrup, Creme de Mure. Instructions: Fill glass with crushed ice. Build gin, lemon juice and simple syrup over. Stir, and then pour blackberry liqueur over in a circular fashion to create marbling effect. Garnish with two blackberries and lemon slice.. Garnished with a minimalist garnish, placed on a dark wooden bar counter, moody lighting --v 5"
Scooter,"Flat lay, vintage speakeasy style. High-quality photo of a Scooter, served in a cocktail glass, featuring Fruité notes. Made with Brandy, Amaretto, Light cream. Instructions: Shake all ingredients well with cracked ice, strain into a cocktail glass, and serve.. Garnished with a fresh fruit slice, placed on a dark wooden bar counter, moody lighting --v 5"
Almeria,"Flat lay, vintage speakeasy style. High-quality photo of a Almeria, served in a cocktail glass, featuring Fruité notes. Made with Dark rum, Kahlua, Egg white. Instructions: In a shaker half-filled with ice cubes, combine all of the ingredients. Shake well. Strain into a cocktail glass.. Garnished with a fresh fruit slice, placed on a dark wooden bar counter, moody lighting --v 5"
Vesuvio,"Flat lay, vintage speakeasy style. High-quality photo of a Vesuvio, served in a cocktail glass, featuring Amer, sucré notes. Made with Light rum, Sweet Vermouth, Lemon, Powdered sugar, Egg white. Instructions: Shake all ingredients with ice, strain into an old-fashioned glass over ice cubes, and serve.. Garnished with a minimalist garnish, placed on a dark wooden bar counter, moody lighting --v 5"
Sidecar,"Flat lay, vintage speakeasy style. High-quality photo of a Sidecar, served in a cocktail glass, featuring Fruité, sucré notes. Made with Cognac, Cointreau, Lemon juice. Instructions: Pour all ingredients into cocktail shaker filled with ice. Shake well and strain into cocktail glass.. Garnished with a fresh fruit slice, placed on a dark wooden bar counter, moody lighting --v 5"
Limeade,"Flat lay, vintage speakeasy style. High-quality photo of a Limeade, served in a cocktail glass, featuring Acide, sucré notes. Made with Lime, Sugar, Soda water, Lime peel. Instructions: In a large glass, put the lime juice and sugar, and stir well. Add cold seltzer water to fill. Put the lime peels in the glass. Drink. Repeat until limes or soda run out.. Garnished with a minimalist garnish, placed on a dark wooden bar counter, moody lighting --v 5"
Zambeer,"Flat lay, vintage speakeasy style. High-quality photo of a Zambeer, served in a cocktail glass, featuring Fruité notes. Made with Sambuca, Root beer, Ice. Instructions: Mix sambuca with rootbeer and stir. Add ice. Garnished with a fresh fruit slice, placed on a dark wooden bar counter, moody lighting --v 5"
Frosé,"Flat lay, vintage speakeasy style. High-quality photo of a Frosé, served in a cocktail glass, featuring Floral, sucré notes. Made with Rose, Sugar, Strawberries, Lemon Juice. Instructions: Step 1
Pour rosé into a 13x9"" pan and freeze until almost solid (it won't completely solidify due to the alcohol), at least 6 hours.

Step 2
Meanwhile, bring sugar and ½ cup water to a boil in a medium saucepan; cook, stirring constantly, until sugar dissolves, about 3 minutes. Add strawberries, remove from heat, and let sit 30 minutes to infuse syrup with strawberry flavor. Strain through a fine-mesh sieve into a small bowl (do not press on solids); cover and chill until cold, about 30 minutes.

Step 3
Scrape rosé into a blender. Add lemon juice, 3½ ounces strawberry syrup, and 1 cup crushed ice and purée until smooth. Transfer blender jar to freezer and freeze until frosé is thickened (aim for milkshake consistency), 25–35 minutes.

Step 4
Blend again until frosé is slushy. Divide among glasses.

Step 5
Do Ahead: Rosé can be frozen 1 week ahead.. Garnished with a minimalist garnish, placed on a dark wooden bar counter, moody lighting --v 5"
Affair,"Flat lay, vintage speakeasy style. High-quality photo of a Affair, served in a cocktail glass, featuring Fruité, sucré notes. Made with Strawberry schnapps, Orange juice, Cranberry juice, Club soda. Instructions: Pour schnapps, orange juice, and cranberry juice over ice in a highball glass. Top with club soda and serve.. Garnished with a fresh fruit slice, placed on a dark wooden bar counter, moody lighting --v 5"
Frappé,"Flat lay, vintage speakeasy style. High-quality photo of a Frappé, served in a cocktail glass, featuring Fruité, sucré notes. Made with Coffee, Milk, Sugar. Instructions: Mix together. Blend at highest blender speed for about 1 minute. Pour into a glass and drink with a straw. Notes: This works best if everything is cold (if you make fresh coffee, mix it with the milk and let it sit in the fridge for 1/2 hour. If it is not frothy, add more milk, or even just some more milk powder. The froth gradually turns to liquid at the bottom of the glass, so you will find that you can sit and drink this for about 1/2 hour, with more iced coffee continually appearing at the bottom. Very refreshing.. Garnished with a fresh fruit slice, placed on a dark wooden bar counter, moody lighting --v 5"
Affinity,"Flat lay, vintage speakeasy style. High-quality photo of a Affinity, served in a cocktail glass, featuring Amer, sucré notes. Made with Scotch, Sweet Vermouth, Dry Vermouth, Orange bitters. Instructions: In a mixing glass half-filled with ice cubes, combine all of the ingredients. Stir well. Strain into a cocktail glass.. Garnished with a minimalist garnish, placed on a dark wooden bar counter, moody lighting --v 5"
Gin Fizz,"Flat lay, vintage speakeasy style. High-quality photo of a Gin Fizz, served in a cocktail glass, featuring Fruité, sucré notes. Made with Gin, Lemon, Powdered sugar, Carbonated water. Instructions: Shake all ingredients with ice cubes, except soda water. Pour into glass. Top with soda water.. Garnished with a fresh fruit slice, placed on a dark wooden bar counter, moody lighting --v 5"
After sex,"Flat lay, vintage speakeasy style. High-quality photo of a After sex, served in a cocktail glass, featuring Crémeux, sucré notes. Made with Vodka, Creme de Banane, Orange juice. Instructions: Pour the vodka and creme over some ice cubes in a tall glass and fill up with juice. to make it beuty full make the top of the glass with a grenadine and sugar. Garnished with a minimalist garnish, placed on a dark wooden bar counter, moody lighting --v 5"
Downshift,"Flat lay, vintage speakeasy style. High-quality photo of a Downshift, served in a cocktail glass, featuring Fruité notes. Made with Fruit punch, Sprite, Tequila, 151 proof rum. Instructions: Start with the Sprite. Next comes the tequila. After that, add the Minute Maid Fruit Punch, then float the 151. Rocks optional.. Garnished with a fresh fruit slice, placed on a dark wooden bar counter, moody lighting --v 5"
Dragonfly,"Flat lay, vintage speakeasy style. High-quality photo of a Dragonfly, served in a cocktail glass, featuring Acide, épicé, épicé notes. Made with Gin, Ginger ale, Lime. Instructions: In a highball glass almost filled with ice cubes, combine the gin and ginger ale. Stir well. Garnish with the lime wedge.. Garnished with a minimalist garnish, placed on a dark wooden bar counter, moody lighting --v 5"
French 75,"Flat lay, vintage speakeasy style. High-quality photo of a French 75, served in a cocktail glass, featuring Fruité, sucré notes. Made with Gin, Sugar, Lemon juice, Champagne, Orange, Maraschino cherry. Instructions: Combine gin, sugar, and lemon juice in a cocktail shaker filled with ice. Shake vigorously and strain into a chilled champagne glass. Top up with Champagne. Stir gently.. Garnished with a fresh fruit slice, placed on a dark wooden bar counter, moody lighting --v 5"
Autodafé,"Flat lay, vintage speakeasy style. High-quality photo of a Autodafé, served in a cocktail glass, featuring Acide, sucré notes. Made with Vodka, Lime juice, Soda water. Instructions: Mix and fill up with soda water. Drunk by finns on a sunny day any time of the year and day.. Garnished with a minimalist garnish, placed on a dark wooden bar counter, moody lighting --v 5"
Foxy Lady,"Flat lay, vintage speakeasy style. High-quality photo of a Foxy Lady, served in a cocktail glass, featuring Crémeux notes. Made with Amaretto, Creme de Cacao, Light cream. Instructions: Shake all ingredients with ice, strain into a chilled cocktail glass, and serve.. Garnished with a minimalist garnish, placed on a dark wooden bar counter, moody lighting --v 5"
Afterglow,"Flat lay, vintage speakeasy style. High-quality photo of a Afterglow, served in a cocktail glass, featuring Fruité, sucré, sucré notes. Made with Grenadine, Orange juice, Pineapple juice. Instructions: Mix. Serve over ice.. Garnished with a fresh fruit slice, placed on a dark wooden bar counter, moody lighting --v 5"
Godfather,"Flat lay, vintage speakeasy style. High-quality photo of a Godfather, served in a cocktail glass, featuring Fruité notes. Made with Scotch, Amaretto. Instructions: Pour all ingredients directly into old fashioned glass filled with ice cubes. Stir gently.. Garnished with a fresh fruit slice, placed on a dark wooden bar counter, moody lighting --v 5"
Afternoon,"Flat lay, vintage speakeasy style. High-quality photo of a Afternoon, served in a cocktail glass, featuring Crémeux notes. Made with Kahlua, Baileys irish cream, Frangelico, Coffee, Cream. Instructions: Build into a suiting glass, with no ice. Cream on top if wanted. Served directly.. Garnished with a minimalist garnish, placed on a dark wooden bar counter, moody lighting --v 5"
Cafe Savoy,"Flat lay, vintage speakeasy style. High-quality photo of a Cafe Savoy, served in a cocktail glass, featuring Fruité notes. Made with Coffee, Milk, Triple sec, Brandy. Instructions: Fill mug almost to top with coffee.Add milk, triple sec and brandy. Stir.. Garnished with a fresh fruit slice, placed on a dark wooden bar counter, moody lighting --v 5"
Vodka Fizz,"Flat lay, vintage speakeasy style. High-quality photo of a Vodka Fizz, served in a cocktail glass, featuring Acide, épicé, épicé notes. Made with Vodka, Half-and-half, Limeade, Ice, Nutmeg. Instructions: Blend all ingredients, save nutmeg. Pour into large white wine glass and sprinkle nutmeg on top.. Garnished with a minimalist garnish, placed on a dark wooden bar counter, moody lighting --v 5"
After Five,"Flat lay, vintage speakeasy style. High-quality photo of a After Five, served in a cocktail glass, featuring Crémeux, épicé notes. Made with Peppermint schnapps, Kahlua, Baileys irish cream. Instructions: 1. Pour Kahlua into shot glass to about 1/2 full. 2. Using a spoon(inverted), slowly pour in the Peppermint Schnapps until glass is about 3/4 full. Done correctly, the Schnapps will flow under the Kahlua for a clear layer. 3. Again using a spoon, but this time right side up, slowly top off the glass with a layer of Bailey's. Be careful to place the spoon right at the top of the Kahlua layer and to raise it as the glass fills up. Done correctly, this will provide a layer of Bailey's floating over the Kahlua. 4. Toss it down all at once for something like a Peppermint Pattie, WITH A BANG!!! NOTE: Best if all ingredients are chilled. Garnished with a minimalist garnish, placed on a dark wooden bar counter, moody lighting --v 5"
Angel Face,"Flat lay, vintage speakeasy style. High-quality photo of a Angel Face, served in a cocktail glass, featuring Fruité notes. Made with Apricot brandy, Apple brandy, Gin. Instructions: Shake all ingredients with ice and strain contents into a cocktail glass.. Garnished with a fresh fruit slice, placed on a dark wooden bar counter, moody lighting --v 5"
Quick F**K,"Flat lay, vintage speakeasy style. High-quality photo of a Quick F**K, served in a cocktail glass, featuring Crémeux, sucré, sucré notes. Made with Kahlua, Midori melon liqueur, Baileys irish cream. Instructions: In a shot glass add 1/3 Kahlua first. Then 1/3 Miduri, topping it off with a 1/3 bailey's irish cream. Garnished with a minimalist garnish, placed on a dark wooden bar counter, moody lighting --v 5"
Brain Fart,"Flat lay, vintage speakeasy style. High-quality photo of a Brain Fart, served in a cocktail glass, featuring Fruité, sucré notes. Made with Everclear, Vodka, Mountain Dew, Surge, Lemon juice, Rum. Instructions: Mix all ingredients together. Slowly and gently. Works best if ice is added to punch bowl and soda's are very cold.. Garnished with a fresh fruit slice, placed on a dark wooden bar counter, moody lighting --v 5"
Porto flip,"Flat lay, vintage speakeasy style. High-quality photo of a Porto flip, served in a cocktail glass, featuring Fruité notes. Made with Brandy, Port, Egg Yolk. Instructions: Shake ingredients together in a mixer with ice. Strain into glass, garnish and serve.. Garnished with a fresh fruit slice, placed on a dark wooden bar counter, moody lighting --v 5"
Royal Fizz,"Flat lay, vintage speakeasy style. High-quality photo of a Royal Fizz, served in a cocktail glass, featuring Fruité, sucré notes. Made with Gin, Sweet and sour, Egg, Coca-Cola. Instructions: Shake all ingredients (except cola) with ice and strain into a chilled collins glass. Fill with cola and serve.. Garnished with a fresh fruit slice, placed on a dark wooden bar counter, moody lighting --v 5"
Frisco Sour,"Flat lay, vintage speakeasy style. High-quality photo of a Frisco Sour, served in a cocktail glass, featuring Acide notes. Made with Blended whiskey, Benedictine, Lemon, Lime, Lemon, Lime. Instructions: Shake all ingredients (except slices of lemon and lime) with ice and strain into a whiskey sour glass. Decorate with the slices of lemon and lime and serve.. Garnished with a minimalist garnish, placed on a dark wooden bar counter, moody lighting --v 5"
Arctic Fish,"Flat lay, vintage speakeasy style. High-quality photo of a Arctic Fish, served in a cocktail glass, featuring Fruité, sucré notes. Made with Vodka, Grape soda, Orange juice, Ice, Candy. Instructions: Fill glass with ice and fish, add vodka, grape soda and orange juice. DO NOT STIR!!!!! Serve well chilled.. Garnished with a fresh fruit slice, placed on a dark wooden bar counter, moody lighting --v 5"
Fruit Shake,"Flat lay, vintage speakeasy style. High-quality photo of a Fruit Shake, served in a cocktail glass, featuring Fruité, sucré notes. Made with Yoghurt, Banana, Orange juice, Fruit, Ice. Instructions: Blend til smooth.. Garnished with a fresh fruit slice, placed on a dark wooden bar counter, moody lighting --v 5"
GG,"Flat lay, vintage speakeasy style. High-quality photo of a GG, served in a cocktail glass, featuring Fruité, épicé, épicé notes. Made with Galliano, Ginger ale, Ice. Instructions: Pour the Galliano liqueur over ice. Fill the remainder of the glass with ginger ale and thats all there is to it. You now have a your very own GG.. Garnished with a fresh fruit slice, placed on a dark wooden bar counter, moody lighting --v 5"
Zinger,"Flat lay, vintage speakeasy style. High-quality photo of a Zinger, served in a cocktail glass, featuring Fruité notes. Made with Peachtree schnapps, Surge. Instructions: Get a shot glass and pour in three shots of the schnapps. Do the same with the Surge Cola. Then down it like Scheetz would.. Garnished with a fresh fruit slice, placed on a dark wooden bar counter, moody lighting --v 5"
Orgasm,"Flat lay, vintage speakeasy style. High-quality photo of a Orgasm, served in a cocktail glass, featuring Crémeux notes. Made with Creme de Cacao, Amaretto, Triple sec, Vodka, Light cream. Instructions: Shake all ingredients with ice, strain into a chilled cocktail glass, and serve.. Garnished with a minimalist garnish, placed on a dark wooden bar counter, moody lighting --v 5"
Gimlet,"Flat lay, vintage speakeasy style. High-quality photo of a Gimlet, served in a cocktail glass, featuring Acide, sucré notes. Made with Gin, Lime Juice, Sugar Syrup, Lime. Instructions: Add all the ingredients to a shaker and fill with ice.

Shake, and strain into a chilled cocktail glass or an Old Fashioned glass filled with fresh ice.

Garnish with a lime wheel.. Garnished with a minimalist garnish, placed on a dark wooden bar counter, moody lighting --v 5"
Negroni,"Flat lay, vintage speakeasy style. High-quality photo of a Negroni, served in a old-fashioned glass, featuring Amer, sucré notes. Made with Gin, Campari, Sweet Vermouth. Instructions: Stir into glass over ice, garnish and serve.. Garnished with a minimalist garnish, placed on a dark wooden bar counter, moody lighting --v 5"
Big Red,"Flat lay, vintage speakeasy style. High-quality photo of a Big Red, served in a cocktail glass, featuring Fruité notes. Made with Irish cream, Goldschlager. Instructions: Pour ingredients into 1 ounce shot glass. Garnished with a fresh fruit slice, placed on a dark wooden bar counter, moody lighting --v 5"
Stinger,"Flat lay, vintage speakeasy style. High-quality photo of a Stinger, served in a cocktail glass, featuring Herbacé notes. Made with Brandy, White Creme de Menthe. Instructions: Pour in a mixing glass with ice, stir and strain into a cocktail glass. May also be served on rocks in a rocks glass.. Garnished with a minimalist garnish, placed on a dark wooden bar counter, moody lighting --v 5"
Sangria,"Flat lay, vintage speakeasy style. High-quality photo of a Sangria, served in a cocktail glass, featuring Fruité, épicé, sucré, épicé notes. Made with Red wine, Sugar, Orange juice, Lemon juice, Cloves, Cinnamon. Instructions: Mix all together in a pitcher and refrigerate. Add cloves and cinnamon sticks to taste. Serve in wine glasses.. Garnished with a fresh fruit slice, placed on a dark wooden bar counter, moody lighting --v 5"
410 Gone,"Flat lay, vintage speakeasy style. High-quality photo of a 410 Gone, served in a cocktail glass, featuring Fruité notes. Made with Peach Vodka, Coca-Cola. Instructions: Mix together and enjoy!. Garnished with a fresh fruit slice, placed on a dark wooden bar counter, moody lighting --v 5"
Godchild,"Flat lay, vintage speakeasy style. High-quality photo of a Godchild, served in a cocktail glass, featuring Fruité notes. Made with Vodka, Amaretto, Heavy cream. Instructions: Shake all ingredients well with cracked ice, strain into a champagne flute, and serve.. Garnished with a fresh fruit slice, placed on a dark wooden bar counter, moody lighting --v 5"
Pink Gin,"Flat lay, vintage speakeasy style. High-quality photo of a Pink Gin, served in a cocktail glass, featuring Fruité notes. Made with Bitters, Gin. Instructions: Pour the bitters into a wine glass. Swirl the glass to coat the inside with the bitters, shake out the excess. Pour the gin into the glass. Do not add ice.. Garnished with a fresh fruit slice, placed on a dark wooden bar counter, moody lighting --v 5"
Shot-gun,"Flat lay, vintage speakeasy style. High-quality photo of a Shot-gun, served in a cocktail glass, featuring Fruité notes. Made with Jim Beam, Jack Daniels, Wild Turkey. Instructions: Pour one part Jack Daneils and one part Jim Beam into shot glass then float Wild Turkey on top.. Garnished with a fresh fruit slice, placed on a dark wooden bar counter, moody lighting --v 5"
Gin Sour,"Flat lay, vintage speakeasy style. High-quality photo of a Gin Sour, served in a sour glass, featuring Fruité, sucré notes. Made with Gin, Lemon juice, Sugar, Orange, Maraschino cherry. Instructions: In a shaker half-filled with ice cubes, combine the gin, lemon juice, and sugar. Shake well. Strain into a sour glass and garnish with the orange slice and the cherry.. Garnished with a fresh fruit slice, placed on a dark wooden bar counter, moody lighting --v 5"
Gin Fizz,"Flat lay, vintage speakeasy style. High-quality photo of a Gin Fizz, served in a cocktail glass, featuring Fruité, sucré notes. Made with Gin, Lemon, Powdered sugar, Carbonated water. Instructions: Shake all ingredients with ice cubes, except soda water. Pour into glass. Top with soda water.. Garnished with a fresh fruit slice, placed on a dark wooden bar counter, moody lighting --v 5"
Algonquin,"Flat lay, vintage speakeasy style. High-quality photo of a Algonquin, served in a cocktail glass, featuring Amer, sucré notes. Made with Blended whiskey, Dry Vermouth, Pineapple juice. Instructions: Combine and shake all ingredients with ice, strain contents into a cocktail glass, and serve.. Garnished with a minimalist garnish, placed on a dark wooden bar counter, moody lighting --v 5"
Allegheny,"Flat lay, vintage speakeasy style. High-quality photo of a Allegheny, served in a cocktail glass, featuring Amer, sucré notes. Made with Dry Vermouth, Bourbon, Blackberry brandy, Lemon juice, Lemon peel. Instructions: Shake all ingredients (except lemon peel) with ice and strain into a cocktail glass. Top with the twist of lemon peel and serve.. Garnished with a minimalist garnish, placed on a dark wooden bar counter, moody lighting --v 5"
Jitterbug,"Flat lay, vintage speakeasy style. High-quality photo of a Jitterbug, served in a cocktail glass, featuring Acide, sucré, sucré notes. Made with Gin, Vodka, Grenadine, Lime juice, Sugar, Sugar syrup, Soda water. Instructions: Wet glass, dip rim in sugar. Then add Ice. Then add everything else. It's that simple!. Garnished with a minimalist garnish, placed on a dark wooden bar counter, moody lighting --v 5"
Afterglow,"Flat lay, vintage speakeasy style. High-quality photo of a Afterglow, served in a cocktail glass, featuring Fruité, sucré, sucré notes. Made with Grenadine, Orange juice, Pineapple juice. Instructions: Mix. Serve over ice.. Garnished with a fresh fruit slice, placed on a dark wooden bar counter, moody lighting --v 5"
Boomerang,"Flat lay, vintage speakeasy style. High-quality photo of a Boomerang, served in a cocktail glass, featuring Amer, sucré, sucré notes. Made with Gin, Dry Vermouth, Bitters, Maraschino liqueur, Maraschino cherry. Instructions: In a mixing glass half-filled with ice cubes, combine the gin, vermouth, bitters, and maraschino liqueur. Stir well. Strain into a cocktail glass and garnish with the cherry.. Garnished with a minimalist garnish, placed on a dark wooden bar counter, moody lighting --v 5"
Greyhound,"Flat lay, vintage speakeasy style. High-quality photo of a Greyhound, served in a cocktail glass, featuring Fruité, sucré notes. Made with Vodka, Grapefruit Juice. Instructions: Add the vodka to a Collins glass filled with ice.
Top with grapefruit juice and stir.

. Garnished with a fresh fruit slice, placed on a dark wooden bar counter, moody lighting --v 5"
Salty Dog,"Flat lay, vintage speakeasy style. High-quality photo of a Salty Dog, served in a cocktail glass, featuring Fruité, sucré, salé notes. Made with Grapefruit juice, Gin, Salt. Instructions: Pour all ingredients over ice cubes in a highball glass. Stir well and serve. (Vodka may be substituted for gin, if preferred.). Garnished with a fresh fruit slice, placed on a dark wooden bar counter, moody lighting --v 5"
Dragonfly,"Flat lay, vintage speakeasy style. High-quality photo of a Dragonfly, served in a cocktail glass, featuring Acide, épicé, épicé notes. Made with Gin, Ginger ale, Lime. Instructions: In a highball glass almost filled with ice cubes, combine the gin and ginger ale. Stir well. Garnish with the lime wedge.. Garnished with a minimalist garnish, placed on a dark wooden bar counter, moody lighting --v 5"
Orangeade,"Flat lay, vintage speakeasy style. High-quality photo of a Orangeade, served in a cocktail glass, featuring Fruité, sucré notes. Made with Lemon juice, Orange juice, Sugar syrup, Soda water. Instructions: Place some ice cubes in a large tumbler or highball glass, add lemon juice, orange juice, sugar syrup, and stir well. Top up with cold soda water, serve with a drinking straw.. Garnished with a fresh fruit slice, placed on a dark wooden bar counter, moody lighting --v 5"
Pegu Club,"Flat lay, vintage speakeasy style. High-quality photo of a Pegu Club, served in a cocktail glass, featuring Acide, sucré notes. Made with Gin, Orange Curacao, Lime Juice, Angostura Bitters, Orange Bitters. Instructions: Shake, strain, up, cocktail glass. Garnished with a minimalist garnish, placed on a dark wooden bar counter, moody lighting --v 5"
Addington,"Flat lay, vintage speakeasy style. High-quality photo of a Addington, served in a cocktail glass, featuring Amer, sucré notes. Made with Sweet Vermouth, Dry Vermouth, Soda Water. Instructions: Mix both the vermouth's in a shaker and strain into a cold glass. Top up with a squirt of Soda Water. . Garnished with a minimalist garnish, placed on a dark wooden bar counter, moody lighting --v 5"
H.D.,"Flat lay, vintage speakeasy style. High-quality photo of a H.D., served in a cocktail glass, featuring Crémeux notes. Made with Whisky, Baileys irish cream, Coffee. Instructions: Mix the whisky and Baileys Cream in a beer-glass (at least 50 cl). Fill the rest of the glass with coffee.. Garnished with a minimalist garnish, placed on a dark wooden bar counter, moody lighting --v 5"
Shot-gun,"Flat lay, vintage speakeasy style. High-quality photo of a Shot-gun, served in a cocktail glass, featuring Fruité notes. Made with Jim Beam, Jack Daniels, Wild Turkey. Instructions: Pour one part Jack Daneils and one part Jim Beam into shot glass then float Wild Turkey on top.. Garnished with a fresh fruit slice, placed on a dark wooden bar counter, moody lighting --v 5"
Godchild,"Flat lay, vintage speakeasy style. High-quality photo of a Godchild, served in a cocktail glass, featuring Fruité notes. Made with Vodka, Amaretto, Heavy cream. Instructions: Shake all ingredients well with cracked ice, strain into a champagne flute, and serve.. Garnished with a fresh fruit slice, placed on a dark wooden bar counter, moody lighting --v 5"
Thriller,"Flat lay, vintage speakeasy style. High-quality photo of a Thriller, served in a cocktail glass, featuring Fruité, sucré notes. Made with Scotch, Wine, Orange juice. Instructions: In a shaker half-filled with ice cubes, combine all of the ingredients. Shake well. Strain into a cocktail glass.. Garnished with a fresh fruit slice, placed on a dark wooden bar counter, moody lighting --v 5"
Lunch Box,"Flat lay, vintage speakeasy style. High-quality photo of a Lunch Box, served in a cocktail glass, featuring Fruité, sucré notes. Made with Beer, Amaretto, Orange juice. Instructions: Fill a pint glass almost full with beer. Then fill the rest with orange juice (careful not to fill it to the top). Then take the shot of Amaretto and drop it in.. Garnished with a fresh fruit slice, placed on a dark wooden bar counter, moody lighting --v 5"
Gluehwein,"Flat lay, vintage speakeasy style. High-quality photo of a Gluehwein, served in a cocktail glass, featuring Fruité, épicé, sucré, épicé notes. Made with Red wine, Water, Sugar, Cinnamon, Cloves, Lemon peel. Instructions: Boil sugar and spices in water, leave in the water for 30 minutes. Strain the spiced water and mix with the wine. Heat slowly until short of boiling temperature. (To remove alcohol, let it boil for a while.) You may add lemon or orange juice to taste. Serve in irish coffee cup.. Garnished with a fresh fruit slice, placed on a dark wooden bar counter, moody lighting --v 5"
Manhattan,"Flat lay, vintage speakeasy style. High-quality photo of a Manhattan, served in a cocktail glass, featuring Amer, sucré notes. Made with Sweet Vermouth, Bourbon, Angostura bitters, Ice, Maraschino cherry, Orange peel. Instructions: Stirred over ice, strained into a chilled glass, garnished, and served up.. Garnished with a minimalist garnish, placed on a dark wooden bar counter, moody lighting --v 5"
Allegheny,"Flat lay, vintage speakeasy style. High-quality photo of a Allegheny, served in a cocktail glass, featuring Amer, sucré notes. Made with Dry Vermouth, Bourbon, Blackberry brandy, Lemon juice, Lemon peel. Instructions: Shake all ingredients (except lemon peel) with ice and strain into a cocktail glass. Top with the twist of lemon peel and serve.. Garnished with a minimalist garnish, placed on a dark wooden bar counter, moody lighting --v 5"
Avalanche,"Flat lay, vintage speakeasy style. High-quality photo of a Avalanche, served in a cocktail glass, featuring Fruité notes. Made with Crown Royal, Kahlua, Cream. Instructions: Mix in highball glass over ice, shake well.. Garnished with a fresh fruit slice, placed on a dark wooden bar counter, moody lighting --v 5"
Rum Punch,"Flat lay, vintage speakeasy style. High-quality photo of a Rum Punch, served in a cocktail glass, featuring Fruité, épicé, sucré, épicé notes. Made with Rum, Ginger ale, Fruit punch, Orange juice, Ice. Instructions: Mix all ingredients in a punch bowl and serve.. Garnished with a fresh fruit slice, placed on a dark wooden bar counter, moody lighting --v 5"
The Galah,"Flat lay, vintage speakeasy style. High-quality photo of a The Galah, served in a cocktail glass, featuring Acide, sucré notes. Made with Dark Rum, Campari, Creme De Banane, Pineapple Juice, Lime Juice. Instructions: Mix together the alcoholic portions and top with Pineapple and Lime juice.. Garnished with a minimalist garnish, placed on a dark wooden bar counter, moody lighting --v 5"
French 75,"Flat lay, vintage speakeasy style. High-quality photo of a French 75, served in a cocktail glass, featuring Fruité, sucré notes. Made with Gin, Sugar, Lemon juice, Champagne, Orange, Maraschino cherry. Instructions: Combine gin, sugar, and lemon juice in a cocktail shaker filled with ice. Shake vigorously and strain into a chilled champagne glass. Top up with Champagne. Stir gently.. Garnished with a fresh fruit slice, placed on a dark wooden bar counter, moody lighting --v 5"
Honey Bee,"Flat lay, vintage speakeasy style. High-quality photo of a Honey Bee, served in a cocktail glass, featuring Fruité, sucré notes. Made with White Rum, Honey, Lemon Juice. Instructions: Shake ingredients with crushed ice
. Garnished with a fresh fruit slice, placed on a dark wooden bar counter, moody lighting --v 5"
Hot Toddy,"Flat lay, vintage speakeasy style. High-quality photo of a Hot Toddy, served in a cocktail glass, featuring Fruité, épicé, sucré, épicé notes. Made with Whiskey, Honey, Cinnamon, lemon, Cloves. Instructions: STEP 1
Whisk the whisky and honey together and split between 2 heatproof glasses. Add half of the cinnamon stick to each, then top up with 200ml boiling water.

STEP 2
Add a splash of lemon juice to each, then taste and add more to your preference. Finish each with a slice of lemon, studded with a clove, and serve immediately.. Garnished with a fresh fruit slice, placed on a dark wooden bar counter, moody lighting --v 5"
Gin Smash,"Flat lay, vintage speakeasy style. High-quality photo of a Gin Smash, served in a cocktail glass, featuring Fruité, sucré notes. Made with Gin, Carbonated water, Sugar, Mint, Orange, Cherry. Instructions: Muddle sugar with carbonated water and mint sprigs in an old-fashioned glass. Add gin and 1 ice cube. Stir, add the orange slice and the cherry, and serve.. Garnished with a fresh fruit slice, placed on a dark wooden bar counter, moody lighting --v 5"
Godfather,"Flat lay, vintage speakeasy style. High-quality photo of a Godfather, served in a cocktail glass, featuring Fruité notes. Made with Scotch, Amaretto. Instructions: Pour all ingredients directly into old fashioned glass filled with ice cubes. Stir gently.. Garnished with a fresh fruit slice, placed on a dark wooden bar counter, moody lighting --v 5"
Godmother,"Flat lay, vintage speakeasy style. High-quality photo of a Godmother, served in a cocktail glass, featuring Fruité notes. Made with Vodka, Amaretto. Instructions: Pour vodka and amaretto into an old-fashioned glass over ice and serve.. Garnished with a fresh fruit slice, placed on a dark wooden bar counter, moody lighting --v 5"
Michelada,"Flat lay, vintage speakeasy style. High-quality photo of a Michelada, served in a cocktail glass, featuring Acide, sucré, salé notes. Made with Beer, Tomato Juice, Lime Juice, Hot Sauce, Worcestershire Sauce, Soy Sauce. Instructions: Mix the beer with tomato juice, freshly squeezed lime juice, and Worcestershire sauce, teriyaki sauce, soy sauce, or hot sauce.
Served In a chilled, salt-rimmed glass
. Garnished with a minimalist garnish, placed on a dark wooden bar counter, moody lighting --v 5"
Greyhound,"Flat lay, vintage speakeasy style. High-quality photo of a Greyhound, served in a cocktail glass, featuring Fruité, sucré notes. Made with Vodka, Grapefruit Juice. Instructions: Add the vodka to a Collins glass filled with ice.
Top with grapefruit juice and stir.

. Garnished with a fresh fruit slice, placed on a dark wooden bar counter, moody lighting --v 5"
Downshift,"Flat lay, vintage speakeasy style. High-quality photo of a Downshift, served in a cocktail glass, featuring Fruité notes. Made with Fruit punch, Sprite, Tequila, 151 proof rum. Instructions: Start with the Sprite. Next comes the tequila. After that, add the Minute Maid Fruit Punch, then float the 151. Rocks optional.. Garnished with a fresh fruit slice, placed on a dark wooden bar counter, moody lighting --v 5"
Archbishop,"Flat lay, vintage speakeasy style. High-quality photo of a Archbishop, served in a cocktail glass, featuring Acide notes. Made with Gin, Wine, Benedictine, Lime. Instructions: In an old-fashioned glass almost filled with ice cubes, combine all of the ingredients. Stir well.. Garnished with a minimalist garnish, placed on a dark wooden bar counter, moody lighting --v 5"
Jackhammer,"Flat lay, vintage speakeasy style. High-quality photo of a Jackhammer, served in a cocktail glass, featuring Fruité notes. Made with Jack Daniels, Amaretto. Instructions: Serve over ice- Warning,Deadly!. Garnished with a fresh fruit slice, placed on a dark wooden bar counter, moody lighting --v 5"
Wine Punch,"Flat lay, vintage speakeasy style. High-quality photo of a Wine Punch, served in a cocktail glass, featuring Fruité, sucré notes. Made with Red wine, Lemon, Orange juice, Orange, Pineapple juice. Instructions: Combine all of the ingredients and pour over a block of ice.. Garnished with a fresh fruit slice, placed on a dark wooden bar counter, moody lighting --v 5"
Zipperhead,"Flat lay, vintage speakeasy style. High-quality photo of a Zipperhead, served in a cocktail glass, featuring Fruité, sucré, sucré notes. Made with Chambord raspberry liqueur, Vodka, Soda water. Instructions: Fill glass with rocks, add straw before putting in liquor. Then add the ingredients in order, trying to keep layered as much as possible (i.e. Chambord on bottom, then Vodka, Then soda on top).. Garnished with a fresh fruit slice, placed on a dark wooden bar counter, moody lighting --v 5"
White Lady,"Flat lay, vintage speakeasy style. High-quality photo of a White Lady, served in a cocktail glass, featuring Fruité, sucré notes. Made with Gin, Triple Sec, Lemon Juice. Instructions: Add all ingredients into cocktail shaker filled with ice. Shake well and strain into large cocktail glass.. Garnished with a fresh fruit slice, placed on a dark wooden bar counter, moody lighting --v 5"
Kir,"Flat lay, vintage speakeasy style. High-quality photo of a Kir, served in a cocktail glass, featuring Crémeux notes. Made with Creme de Cassis, Champagne. Instructions: Add the crème de cassis to the bottom of the glass, then top up with wine.. Garnished with a minimalist garnish, placed on a dark wooden bar counter, moody lighting --v 5"
ACID,"Flat lay, vintage speakeasy style. High-quality photo of a ACID, served in a cocktail glass, featuring Fruité notes. Made with 151 proof rum, Wild Turkey. Instructions: Poor in the 151 first followed by the 101 served with a Coke or Dr Pepper chaser.. Garnished with a fresh fruit slice, placed on a dark wooden bar counter, moody lighting --v 5"
Bijou,"Flat lay, vintage speakeasy style. High-quality photo of a Bijou, served in a cocktail glass, featuring Amer, sucré notes. Made with Orange Bitters, Green Chartreuse, Gin, Sweet Vermouth. Instructions: Stir in mixing glass with ice and strain
. Garnished with a minimalist garnish, placed on a dark wooden bar counter, moody lighting --v 5"
Mojito,"Flat lay, vintage speakeasy style. High-quality photo of a Mojito, served in a highball glass, featuring Acide, sucré notes. Made with Light rum, Lime, Sugar, Mint, Soda water. Instructions: Muddle mint leaves with sugar and lime juice. Add a splash of soda water and fill the glass with cracked ice. Pour the rum and top with soda water. Garnish and serve with straw.. Garnished with a minimalist garnish, placed on a dark wooden bar counter, moody lighting --v 5"
Mimosa,"Flat lay, vintage speakeasy style. High-quality photo of a Mimosa, served in a cocktail glass, featuring Fruité, sucré notes. Made with Champagne, Orange juice. Instructions: Ensure both ingredients are well chilled, then mix into the glass. Serve cold.. Garnished with a fresh fruit slice, placed on a dark wooden bar counter, moody lighting --v 5"
Gimlet,"Flat lay, vintage speakeasy style. High-quality photo of a Gimlet, served in a cocktail glass, featuring Acide, sucré notes. Made with Gin, Lime Juice, Sugar Syrup, Lime. Instructions: Add all the ingredients to a shaker and fill with ice.

Shake, and strain into a chilled cocktail glass or an Old Fashioned glass filled with fresh ice.

Garnish with a lime wheel.. Garnished with a minimalist garnish, placed on a dark wooden bar counter, moody lighting --v 5"
Zombie,"Flat lay, vintage speakeasy style. High-quality photo of a Zombie, served in a cocktail glass, featuring Acide, sucré, sucré notes. Made with Rum, Gold rum, 151 proof rum, Pernod, Grenadine, Lime Juice, Angostura Bitters. Instructions: Blend at high speed for no more than 5 seconds.

Pour into a glass, add ice cubes to fill, then add the garnish.

*Donn’s mix: Bring 3 crushed cinnamon sticks, 1 cup of sugar and 1 cup of water to a boil, stirring until the sugar is dissolved.

Simmer for 2 minutes, then remove from the heat and let sit for at least 2 hours before straining into a clean glass bottle.

Then add 1 part of the syrup and 2 parts of fresh grapefruit juice together.. Garnished with a minimalist garnish, placed on a dark wooden bar counter, moody lighting --v 5"
Casino,"Flat lay, vintage speakeasy style. High-quality photo of a Casino, served in a cocktail glass, featuring Fruité, sucré, sucré notes. Made with Gin, Maraschino liqueur, Lemon juice, Orange bitters, Cherry. Instructions: Pour all ingredients into shaker with ice cubes. Shake well. Strain into chilled cocktail glass. Garnish with a lemon twist and a maraschino cherry. Serve without a straw.. Garnished with a fresh fruit slice, placed on a dark wooden bar counter, moody lighting --v 5"
Zinger,"Flat lay, vintage speakeasy style. High-quality photo of a Zinger, served in a cocktail glass, featuring Fruité notes. Made with Peachtree schnapps, Surge. Instructions: Get a shot glass and pour in three shots of the schnapps. Do the same with the Surge Cola. Then down it like Scheetz would.. Garnished with a fresh fruit slice, placed on a dark wooden bar counter, moody lighting --v 5"
Victor,"Flat lay, vintage speakeasy style. High-quality photo of a Victor, served in a cocktail glass, featuring Amer, sucré notes. Made with Gin, Sweet Vermouth, Brandy. Instructions: Shake all ingredients with ice, strain into a cocktail glass, and serve.. Garnished with a minimalist garnish, placed on a dark wooden bar counter, moody lighting --v 5"
Affair,"Flat lay, vintage speakeasy style. High-quality photo of a Affair, served in a cocktail glass, featuring Fruité, sucré notes. Made with Strawberry schnapps, Orange juice, Cranberry juice, Club soda. Instructions: Pour schnapps, orange juice, and cranberry juice over ice in a highball glass. Top with club soda and serve.. Garnished with a fresh fruit slice, placed on a dark wooden bar counter, moody lighting --v 5"
Spritz,"Flat lay, vintage speakeasy style. High-quality photo of a Spritz, served in a cocktail glass, featuring Amer notes. Made with Prosecco, Campari, Soda Water. Instructions: Build into glass over ice, garnish and serve.. Garnished with a minimalist garnish, placed on a dark wooden bar counter, moody lighting --v 5"
Diesel,"Flat lay, vintage speakeasy style. High-quality photo of a Diesel, served in a cocktail glass, featuring Fruité notes. Made with Lager, Cider, Blackcurrant cordial. Instructions: Pour the lager first then add the blackcurrant cordial. Top up with the cider. The colour sholud be very dark approaching the colour of Guiness.. Garnished with a fresh fruit slice, placed on a dark wooden bar counter, moody lighting --v 5"
Mai Tai,"Flat lay, vintage speakeasy style. High-quality photo of a Mai Tai, served in a tiki mug, featuring Fruité, sucré notes. Made with Light rum, Orgeat syrup, Triple sec, Sweet and sour, Cherry. Instructions: Shake all ingredients with ice. Strain into glass. Garnish and serve with straw.. Garnished with a fresh fruit slice, placed on a dark wooden bar counter, moody lighting --v 5"
Big Red,"Flat lay, vintage speakeasy style. High-quality photo of a Big Red, served in a cocktail glass, featuring Fruité notes. Made with Irish cream, Goldschlager. Instructions: Pour ingredients into 1 ounce shot glass. Garnished with a fresh fruit slice, placed on a dark wooden bar counter, moody lighting --v 5"
Bellini,"Flat lay, vintage speakeasy style. High-quality photo of a Bellini, served in a cocktail glass, featuring Fruité notes. Made with Champagne, Peach schnapps. Instructions: Pour peach purée into chilled flute, add sparkling wine. Stir gently.. Garnished with a fresh fruit slice, placed on a dark wooden bar counter, moody lighting --v 5"
Sidecar,"Flat lay, vintage speakeasy style. High-quality photo of a Sidecar, served in a cocktail glass, featuring Fruité, sucré notes. Made with Cognac, Cointreau, Lemon juice. Instructions: Pour all ingredients into cocktail shaker filled with ice. Shake well and strain into cocktail glass.. Garnished with a fresh fruit slice, placed on a dark wooden bar counter, moody lighting --v 5"
Almeria,"Flat lay, vintage speakeasy style. High-quality photo of a Almeria, served in a cocktail glass, featuring Fruité notes. Made with Dark rum, Kahlua, Egg white. Instructions: In a shaker half-filled with ice cubes, combine all of the ingredients. Shake well. Strain into a cocktail glass.. Garnished with a fresh fruit slice, placed on a dark wooden bar counter, moody lighting --v 5"
Vampiro,"Flat lay, vintage speakeasy style. High-quality photo of a Vampiro, served in a cocktail glass, featuring Acide, sucré, salé notes. Made with Tequila, Tomato Juice, Orange Juice, Lime Juice, Sugar Syrup, Salt. Instructions: Vampiros may be made in a tall glass or an old fashioned glass. Bartenders may first ""rim"" the glass with Kosher Salt, which is done by placing a layer of Kosher Salt on a chopping board, moistening the glass' rim with lime juice or water, and then placing the upside down glass rim onto the Kosher Salt, so that the salt sticks to the moistened rim. The second step is to fill half the glass with ice and add one or two shooter glasses full of high quality Tequila. The next stage is to add the flavouring elements. This is done by squeezing a fresh lime into the glass, adding a few grains of salt, adding citrus-flavoured soda pop, until the glass is 4/5 full, and then adding spicy Viuda de Sanchez (or orange juice, lime juice and pico de gallo). The final step is to stir the ingredients so that the flavours are properly blended.. Garnished with a minimalist garnish, placed on a dark wooden bar counter, moody lighting --v 5"
Abilene,"Flat lay, vintage speakeasy style. High-quality photo of a Abilene, served in a cocktail glass, featuring Fruité, sucré notes. Made with Dark rum, Peach nectar, Orange juice. Instructions: Pour all of the ingredients into a highball glass almost filled with ice cubes. Stir well.. Garnished with a fresh fruit slice, placed on a dark wooden bar counter, moody lighting --v 5"
Addison,"Flat lay, vintage speakeasy style. High-quality photo of a Addison, served in a cocktail glass, featuring Amer notes. Made with Gin, Vermouth. Instructions: Shake together all the ingredients and strain into a cold glass.. Garnished with a minimalist garnish, placed on a dark wooden bar counter, moody lighting --v 5"
Vesuvio,"Flat lay, vintage speakeasy style. High-quality photo of a Vesuvio, served in a cocktail glass, featuring Amer, sucré notes. Made with Light rum, Sweet Vermouth, Lemon, Powdered sugar, Egg white. Instructions: Shake all ingredients with ice, strain into an old-fashioned glass over ice cubes, and serve.. Garnished with a minimalist garnish, placed on a dark wooden bar counter, moody lighting --v 5"
Limeade,"Flat lay, vintage speakeasy style. High-quality photo of a Limeade, served in a cocktail glass, featuring Acide, sucré notes. Made with Lime, Sugar, Soda water, Lime peel. Instructions: In a large glass, put the lime juice and sugar, and stir well. Add cold seltzer water to fill. Put the lime peels in the glass. Drink. Repeat until limes or soda run out.. Garnished with a minimalist garnish, placed on a dark wooden bar counter, moody lighting --v 5"
Ipamena,"Flat lay, vintage speakeasy style. High-quality photo of a Ipamena, served in a cocktail glass, featuring Acide, épicé, sucré, épicé notes. Made with Lime, Brown sugar, Passion fruit juice, Ginger ale, Ice. Instructions: Cut half a lime into pieces, place in a shaker, add the sugar and crush. Measure the passion fruit juice, add it to the shaker and fill up with ice cubes. Close the shaker and shake vigorously. Pour the liquid into a glass, top up with ginger ale, stir with a teaspoon and then garnish the rim of the glass with a slice of lime. Garnished with a minimalist garnish, placed on a dark wooden bar counter, moody lighting --v 5"
Stinger,"Flat lay, vintage speakeasy style. High-quality photo of a Stinger, served in a cocktail glass, featuring Herbacé notes. Made with Brandy, White Creme de Menthe. Instructions: Pour in a mixing glass with ice, stir and strain into a cocktail glass. May also be served on rocks in a rocks glass.. Garnished with a minimalist garnish, placed on a dark wooden bar counter, moody lighting --v 5"
Bijou,"Flat lay, vintage speakeasy style. High-quality photo of a Bijou, served in a cocktail glass, featuring Amer, sucré notes. Made with Orange Bitters, Green Chartreuse, Gin, Sweet Vermouth. Instructions: Stir in mixing glass with ice and strain
. Garnished with a minimalist garnish, placed on a dark wooden bar counter, moody lighting --v 5"
A. J.,"Flat lay, vintage speakeasy style. High-quality photo of a A. J., served in a cocktail glass, featuring Fruité, sucré notes. Made with Applejack, Grapefruit juice. Instructions: Shake ingredients with ice, strain into a cocktail glass, and serve.. Garnished with a fresh fruit slice, placed on a dark wooden bar counter, moody lighting --v 5"
Mojito,"Flat lay, vintage speakeasy style. High-quality photo of a Mojito, served in a highball glass, featuring Acide, sucré notes. Made with Light rum, Lime, Sugar, Mint, Soda water. Instructions: Muddle mint leaves with sugar and lime juice. Add a splash of soda water and fill the glass with cracked ice. Pour the rum and top with soda water. Garnish and serve with straw.. Garnished with a minimalist garnish, placed on a dark wooden bar counter, moody lighting --v 5"
Jitterbug,"Flat lay, vintage speakeasy style. High-quality photo of a Jitterbug, served in a cocktail glass, featuring Acide, sucré, sucré notes. Made with Gin, Vodka, Grenadine, Lime juice, Sugar, Sugar syrup, Soda water. Instructions: Wet glass, dip rim in sugar. Then add Ice. Then add everything else. It's that simple!. Garnished with a minimalist garnish, placed on a dark wooden bar counter, moody lighting --v 5"
Applejack,"Flat lay, vintage speakeasy style. High-quality photo of a Applejack, served in a cocktail glass, featuring Fruité, sucré, sucré notes. Made with Jack Daniels, Midori melon liqueur, Sour mix. Instructions: Add all ingredients into mixing glass, chill and strain into cocktail glass. Garnished with a fresh fruit slice, placed on a dark wooden bar counter, moody lighting --v 5"
Jam Donut,"Flat lay, vintage speakeasy style. High-quality photo of a Jam Donut, served in a cocktail glass, featuring Crémeux, sucré, sucré notes. Made with Baileys irish cream, Chambord raspberry liqueur, Sugar syrup, Sugar. Instructions: Coat the rim of a shot glass with sugar using sugar syrup to stick. Add the Chambord raspberry liqueur to the shot glass, and carefully layer the Baileys Irish Cream on top. Serve.. Garnished with a minimalist garnish, placed on a dark wooden bar counter, moody lighting --v 5"
Almond Joy,"Flat lay, vintage speakeasy style. High-quality photo of a Almond Joy, served in a cocktail glass, featuring Crémeux notes. Made with Amaretto, Creme de Cacao, Light cream. Instructions: Shake all ingredients with ice, strain into a cocktail glass, and serve.. Garnished with a minimalist garnish, placed on a dark wooden bar counter, moody lighting --v 5"
Jelly Bean,"Flat lay, vintage speakeasy style. High-quality photo of a Jelly Bean, served in a cocktail glass, featuring Fruité notes. Made with Blackberry brandy, Anis. Instructions: mix equal parts in pony glass-tastes just like a jelly bean!. Garnished with a fresh fruit slice, placed on a dark wooden bar counter, moody lighting --v 5"
Jackhammer,"Flat lay, vintage speakeasy style. High-quality photo of a Jackhammer, served in a cocktail glass, featuring Fruité notes. Made with Jack Daniels, Amaretto. Instructions: Serve over ice- Warning,Deadly!. Garnished with a fresh fruit slice, placed on a dark wooden bar counter, moody lighting --v 5"
Mint Julep,"Flat lay, vintage speakeasy style. High-quality photo of a Mint Julep, served in a cocktail glass, featuring Fumé, sucré notes. Made with Mint, Bourbon, Powdered sugar, Water. Instructions: In a highball glass gently muddle the mint, sugar and water. Fill the glass with cracked ice, add Bourbon and stir well until the glass is well frosted. Garnish with a mint sprig.. Garnished with a minimalist garnish, placed on a dark wooden bar counter, moody lighting --v 5"
Lemouroudji,"Flat lay, vintage speakeasy style. High-quality photo of a Lemouroudji, served in a cocktail glass, featuring Fruité, épicé, sucré, épicé notes. Made with Ginger, Water, Lemon, Sugar, Cayenne pepper. Instructions: Juice the lemons. Peel and grate the ginger. Place the grated ginger and a liberal dash of the cayenne pepper into a piece of cheesecloth, and tie it into a knot. Let soak in the water. After 15 minutes or so, add the sugar, and the lemon juice. Chill, and serve.. Garnished with a fresh fruit slice, placed on a dark wooden bar counter, moody lighting --v 5"
Jello shots,"Flat lay, vintage speakeasy style. High-quality photo of a Jello shots, served in a cocktail glass, featuring Fruité notes. Made with Vodka, Jello, Water. Instructions: Boil 3 cups of water then add jello. Mix jello and water until jello is completely disolved. Add the two cups of vodka and mix together. Pour mixture into plastic shot glasses and chill until firm. Then, eat away.... Garnished with a fresh fruit slice, placed on a dark wooden bar counter, moody lighting --v 5"
John Collins,"Flat lay, vintage speakeasy style. High-quality photo of a John Collins, served in a cocktail glass, featuring Fumé, sucré notes. Made with Bourbon, Lemon juice, Sugar, Club soda, Maraschino cherry, Orange. Instructions: Pour all ingredients directly into highball glass filled with ice. Stir gently. Garnish. Add a dash of Angostura bitters.. Garnished with a minimalist garnish, placed on a dark wooden bar counter, moody lighting --v 5"
Jamaica Kiss,"Flat lay, vintage speakeasy style. High-quality photo of a Jamaica Kiss, served in a cocktail glass, featuring Fruité, sucré, sucré notes. Made with Coffee liqueur, Light rum, Ice, Milk. Instructions: Fill a tumbler with ice cubes. Add a shot of Tia Maria and a shot of Jamaican light rum. Fill the tumbler with milk. Blend until smooth and serve immediately.. Garnished with a fresh fruit slice, placed on a dark wooden bar counter, moody lighting --v 5"
Mojito Extra,"Flat lay, vintage speakeasy style. High-quality photo of a Mojito Extra, served in a cocktail glass, featuring Amer, sucré notes. Made with Mint, Lemon juice, Dark rum, Club soda, Angostura bitters. Instructions: Put mint with lemon juice in a glas, mash the mint with a spoon, ice, rum & fill up with club soda. Top it with Angostura.. Garnished with a minimalist garnish, placed on a dark wooden bar counter, moody lighting --v 5"
Mango Mojito,"Flat lay, vintage speakeasy style. High-quality photo of a Mango Mojito, served in a cocktail glass, featuring Acide notes. Made with Lime, Mango, Mint, White Rum, Ice, Soda Water, Mango. Instructions: Squeeze the juice from 1½ limes and blend with the mango to give a smooth purée.
Cut the rest of the limes into quarters, and then cut each wedge in half again. Put 2 pieces of lime in a highball glass for each person and add 1 teaspoon of caster sugar and 5-6 mint leaves to each glass. Squish everything together with a muddler or the end of a rolling pin to release all the flavours from the lime and mint.
Divide the mango purée between the glasses and add 30ml white rum and a handful of crushed ice to each one, stirring well to mix everything together. Top up with soda water to serve and garnish with extra mint, if you like.. Garnished with a minimalist garnish, placed on a dark wooden bar counter, moody lighting --v 5"
Japanese Fizz,"Flat lay, vintage speakeasy style. High-quality photo of a Japanese Fizz, served in a cocktail glass, featuring Fruité, sucré notes. Made with Blended whiskey, Lemon, Powdered sugar, Port, Egg white, Carbonated water. Instructions: Shake all ingredients (except carbonated water) with ice and strain into a highball glass over two ice cubes. Fill with carbonated water, stir, and serve.. Garnished with a fresh fruit slice, placed on a dark wooden bar counter, moody lighting --v 5"
Just a Moonmint,"Flat lay, vintage speakeasy style. High-quality photo of a Just a Moonmint, served in a cocktail glass, featuring Fruité, sucré notes. Made with Milk, Chocolate syrup, Mint syrup. Instructions: Place all ingredients in the blender jar - cover and whiz on medium speed until well blended. Pour in one tall, 2 medium or 3 small glasses and drink up.. Garnished with a fresh fruit slice, placed on a dark wooden bar counter, moody lighting --v 5"
Jamaican Coffee,"Flat lay, vintage speakeasy style. High-quality photo of a Jamaican Coffee, served in a cocktail glass, featuring Fruité notes. Made with Rum, Coffee, Water, Whipped cream. Instructions: Stir the rum, coffee and water together. Top with the whipped cream. Sprinkle with a pinch of well ground coffee and drink with a straw.. Garnished with a fresh fruit slice, placed on a dark wooden bar counter, moody lighting --v 5"
Raspberry Julep,"Flat lay, vintage speakeasy style. High-quality photo of a Raspberry Julep, served in a cocktail glass, featuring Fumé, sucré notes. Made with Bourbon, Raspberry syrup, Mint. Instructions: Softly muddle the mint leaves and raspberry syrup in the bottom of the cup. Add crushed ice and Bourbon to the cup and then stir. Top with more ice, garnish with a mint sprig.. Garnished with a minimalist garnish, placed on a dark wooden bar counter, moody lighting --v 5"
The Jimmy Conway,"Flat lay, vintage speakeasy style. High-quality photo of a The Jimmy Conway, served in a cocktail glass, featuring Fruité, sucré notes. Made with Irish Whiskey, Amaretto, Cranberry Juice. Instructions: Fill glass with ice
Pour in The Irishman and Disaronno
Fill to the top with Cranberry Juice
Garnish with a slice of lemon…Enjoy!. Garnished with a fresh fruit slice, placed on a dark wooden bar counter, moody lighting --v 5"
Blueberry Mojito,"Flat lay, vintage speakeasy style. High-quality photo of a Blueberry Mojito, served in a cocktail glass, featuring Acide, sucré notes. Made with Dark Rum, Lime Juice, Sugar, Blueberries, Lemon-lime soda. Instructions: Muddle the blueberries with the other ingredients and serve in a highball glass. Garnish with mint and a half slice of lime.. Garnished with a minimalist garnish, placed on a dark wooden bar counter, moody lighting --v 5"
Jewel Of The Nile,"Flat lay, vintage speakeasy style. High-quality photo of a Jewel Of The Nile, served in a cocktail glass, featuring Fruité notes. Made with Gin, Green Chartreuse, Yellow Chartreuse. Instructions: In a mixing glass half-filled with ice cubes, combine all of the ingredients. Stir well. Strain into a cocktail glass.. Garnished with a fresh fruit slice, placed on a dark wooden bar counter, moody lighting --v 5"
Jack Rose Cocktail,"Flat lay, vintage speakeasy style. High-quality photo of a Jack Rose Cocktail, served in a cocktail glass, featuring Acide, sucré, sucré notes. Made with Apple brandy, Grenadine, Lime. Instructions: Shake all ingredients with ice, strain into a cocktail glass, and serve.. Garnished with a minimalist garnish, placed on a dark wooden bar counter, moody lighting --v 5"
Jack's Vanilla Coke,"Flat lay, vintage speakeasy style. High-quality photo of a Jack's Vanilla Coke, served in a cocktail glass, featuring Fruité notes. Made with Ice, Tennessee whiskey, Vanilla extract, Coca-Cola. Instructions: After pouring in your ingredients, and adding 3-5 ice cubes, according to taste. Stir the drink with a stirrer to get the Vanilla off the bottom.. Garnished with a fresh fruit slice, placed on a dark wooden bar counter, moody lighting --v 5"
Kir,"Flat lay, vintage speakeasy style. High-quality photo of a Kir, served in a cocktail glass, featuring Crémeux notes. Made with Creme de Cassis, Champagne. Instructions: Add the crème de cassis to the bottom of the glass, then top up with wine.. Garnished with a minimalist garnish, placed on a dark wooden bar counter, moody lighting --v 5"
Karsk,"Flat lay, vintage speakeasy style. High-quality photo of a Karsk, served in a cocktail glass, featuring Fruité notes. Made with Coffee, Grain alcohol. Instructions: Put a copper coin in a coffe-cup and fill up with coffee until you no longer see the coin, then add alcohol until you see the coin. Norwegian speciality.. Garnished with a fresh fruit slice, placed on a dark wooden bar counter, moody lighting --v 5"
Zoksel,"Flat lay, vintage speakeasy style. High-quality photo of a Zoksel, served in a cocktail glass, featuring Crémeux notes. Made with Beer, Root beer, Lemonade, Coca-Cola, 7-Up, Creme de Cassis, Lemon. Instructions: No specific mixing instructions, just poor every ingredient in one glass. The lemon goes with it.. Garnished with a minimalist garnish, placed on a dark wooden bar counter, moody lighting --v 5"
Brooklyn,"Flat lay, vintage speakeasy style. High-quality photo of a Brooklyn, served in a cocktail glass, featuring Amer, sucré, sucré notes. Made with Rye Whiskey, Dry Vermouth, Maraschino Liqueur, Angostura Bitters, Maraschino Cherry. Instructions: Combine ingredients with ice and stir until well-chilled. Strain into a chilled cocktail glass.. Garnished with a minimalist garnish, placed on a dark wooden bar counter, moody lighting --v 5"
Ice Pick,"Flat lay, vintage speakeasy style. High-quality photo of a Ice Pick, served in a cocktail glass, featuring Fruité, sucré notes. Made with Vodka, Iced tea, Lemon juice. Instructions: Put Vodka in glass fill with iced tea. Stir in lemon to taste.. Garnished with a fresh fruit slice, placed on a dark wooden bar counter, moody lighting --v 5"
Pink Gin,"Flat lay, vintage speakeasy style. High-quality photo of a Pink Gin, served in a cocktail glass, featuring Fruité notes. Made with Bitters, Gin. Instructions: Pour the bitters into a wine glass. Swirl the glass to coat the inside with the bitters, shake out the excess. Pour the gin into the glass. Do not add ice.. Garnished with a fresh fruit slice, placed on a dark wooden bar counter, moody lighting --v 5"
Danbooka,"Flat lay, vintage speakeasy style. High-quality photo of a Danbooka, served in a cocktail glass, featuring Fruité notes. Made with Coffee, Everclear. Instructions: pour it in and mix it.. Garnished with a fresh fruit slice, placed on a dark wooden bar counter, moody lighting --v 5"
Kamikaze,"Flat lay, vintage speakeasy style. High-quality photo of a Kamikaze, served in a cocktail glass, featuring Acide, sucré notes. Made with Vodka, Triple sec, Lime juice. Instructions: Shake all ingredients together with ice. Strain into glass, garnish and serve.. Garnished with a minimalist garnish, placed on a dark wooden bar counter, moody lighting --v 5"
Pink Lady,"Flat lay, vintage speakeasy style. High-quality photo of a Pink Lady, served in a cocktail glass, featuring Fruité, sucré, sucré notes. Made with Gin, Grenadine, Light cream, Egg white. Instructions: Shake all ingredients with ice, strain into a cocktail glass, and serve.. Garnished with a fresh fruit slice, placed on a dark wooden bar counter, moody lighting --v 5"
747 Drink,"Flat lay, vintage speakeasy style. High-quality photo of a 747 Drink, served in a cocktail glass, featuring Acide, sucré notes. Made with Vodka, Roses sweetened lime juice, Cranberry Juice, Sprite. Instructions: Fill a Collins glass with ice.
Pour in vodka, lime cordial, and cranberry juice.
Fill up with Sprite.
Garnish with a Lime wheel or some cranberries. Garnished with a minimalist garnish, placed on a dark wooden bar counter, moody lighting --v 5"
Applejack,"Flat lay, vintage speakeasy style. High-quality photo of a Applejack, served in a cocktail glass, featuring Fruité, sucré, sucré notes. Made with Jack Daniels, Midori melon liqueur, Sour mix. Instructions: Add all ingredients into mixing glass, chill and strain into cocktail glass. Garnished with a fresh fruit slice, placed on a dark wooden bar counter, moody lighting --v 5"
Pink Moon,"Flat lay, vintage speakeasy style. High-quality photo of a Pink Moon, served in a cocktail glass, featuring Acide, sucré, sucré notes. Made with Gin, Coconut Liqueur, Elderflower cordial, Lime Juice, Blackberries. Instructions: Slowly shake in a shaker with ice, strain into a square whiskey glass. Top with fresh ice. Add the blackberries to garnish. Add flowers and a green leaf for a special look!. Garnished with a minimalist garnish, placed on a dark wooden bar counter, moody lighting --v 5"
Quick-sand,"Flat lay, vintage speakeasy style. High-quality photo of a Quick-sand, served in a cocktail glass, featuring Fruité, sucré notes. Made with Black Sambuca, Orange juice. Instructions: Simply add the orange juice, quite a quick pour in order to mix the sambucca with the orange juice. The juice MUST have fruit pulp!. Garnished with a fresh fruit slice, placed on a dark wooden bar counter, moody lighting --v 5"
Turkeyball,"Flat lay, vintage speakeasy style. High-quality photo of a Turkeyball, served in a cocktail glass, featuring Fruité, sucré notes. Made with Wild Turkey, Amaretto, Pineapple juice. Instructions: Shake with ice and strain into a shot glass.. Garnished with a fresh fruit slice, placed on a dark wooden bar counter, moody lighting --v 5"
Jackhammer,"Flat lay, vintage speakeasy style. High-quality photo of a Jackhammer, served in a cocktail glass, featuring Fruité notes. Made with Jack Daniels, Amaretto. Instructions: Serve over ice- Warning,Deadly!. Garnished with a fresh fruit slice, placed on a dark wooden bar counter, moody lighting --v 5"
Kiwi Lemon,"Flat lay, vintage speakeasy style. High-quality photo of a Kiwi Lemon, served in a cocktail glass, featuring Fruité, sucré, sucré notes. Made with Kiwi liqueur, Bitter lemon, Ice. Instructions: Mix in highball glass. Stirr. Garnish with slice of kiwi.. Garnished with a fresh fruit slice, placed on a dark wooden bar counter, moody lighting --v 5"
Blackthorn,"Flat lay, vintage speakeasy style. High-quality photo of a Blackthorn, served in a cocktail glass, featuring Amer, sucré notes. Made with Sweet Vermouth, Sloe gin, Lemon peel. Instructions: Stir sloe gin and vermouth with ice and strain into a cocktail glass. Add the twist of lemon peel and serve.. Garnished with a minimalist garnish, placed on a dark wooden bar counter, moody lighting --v 5"
Kir Royale,"Flat lay, vintage speakeasy style. High-quality photo of a Kir Royale, served in a cocktail glass, featuring Crémeux notes. Made with Creme de Cassis, Champagne. Instructions: Pour Creme de cassis in glass, gently pour champagne on top. Garnished with a minimalist garnish, placed on a dark wooden bar counter, moody lighting --v 5"
Kurant Tea,"Flat lay, vintage speakeasy style. High-quality photo of a Kurant Tea, served in a cocktail glass, featuring Fruité, sucré notes. Made with Absolut Kurant, Tea, Sugar. Instructions: Pour Absolut Kurant into a comfortably big tea-cup. Add the not too hot(!) apple tea and, if you like, some sugar. Enjoy!. Garnished with a fresh fruit slice, placed on a dark wooden bar counter, moody lighting --v 5"
Gin Rickey,"Flat lay, vintage speakeasy style. High-quality photo of a Gin Rickey, served in a cocktail glass, featuring Acide, sucré, sucré notes. Made with Gin, Grenadine, lemon, Soda Water, Lime. Instructions: Half-fill a tall glass with ice. Mix the gin and Grenadine together and pour over the ice. Add the lime or lemon juice and top off with soda water. Decorate the glass with lime and/or lemon slices.. Garnished with a minimalist garnish, placed on a dark wooden bar counter, moody lighting --v 5"
Long vodka,"Flat lay, vintage speakeasy style. High-quality photo of a Long vodka, served in a cocktail glass, featuring Acide notes. Made with Vodka, Lime, Angostura bitters, Tonic water, Ice. Instructions: Shake a tall glass with ice cubes and Angostura, coating the inside of the glass. Por the vodka onto this, add 1 slice of lime and squeeze juice out of remainder, mix with tonic, stir and voila you have a Long Vodka. Garnished with a minimalist garnish, placed on a dark wooden bar counter, moody lighting --v 5"
Whisky Mac,"Flat lay, vintage speakeasy style. High-quality photo of a Whisky Mac, served in a cocktail glass, featuring Fruité notes. Made with Scotch, Wine. Instructions: Pour both of the ingredients into a wine goblet with no ice.. Garnished with a fresh fruit slice, placed on a dark wooden bar counter, moody lighting --v 5"
Vodka Fizz,"Flat lay, vintage speakeasy style. High-quality photo of a Vodka Fizz, served in a cocktail glass, featuring Acide, épicé, épicé notes. Made with Vodka, Half-and-half, Limeade, Ice, Nutmeg. Instructions: Blend all ingredients, save nutmeg. Pour into large white wine glass and sprinkle nutmeg on top.. Garnished with a minimalist garnish, placed on a dark wooden bar counter, moody lighting --v 5"
Quick F**K,"Flat lay, vintage speakeasy style. High-quality photo of a Quick F**K, served in a cocktail glass, featuring Crémeux, sucré, sucré notes. Made with Kahlua, Midori melon liqueur, Baileys irish cream. Instructions: In a shot glass add 1/3 Kahlua first. Then 1/3 Miduri, topping it off with a 1/3 bailey's irish cream. Garnished with a minimalist garnish, placed on a dark wooden bar counter, moody lighting --v 5"
Fruit Shake,"Flat lay, vintage speakeasy style. High-quality photo of a Fruit Shake, served in a cocktail glass, featuring Fruité, sucré notes. Made with Yoghurt, Banana, Orange juice, Fruit, Ice. Instructions: Blend til smooth.. Garnished with a fresh fruit slice, placed on a dark wooden bar counter, moody lighting --v 5"
Melya,"Flat lay, vintage speakeasy style. High-quality photo of a Melya, served in a cocktail glass, featuring Fruité, sucré notes. Made with Espresso, Honey, Cocoa powder. Instructions: Brew espresso. In a coffee mug, place 1 teaspoon of unsweetened powdered cocoa, then cover a teaspoon with honey and drizzle it into the cup. Stir while the coffee brews, this is the fun part. The cocoa seems to coat the honey without mixing, so you get a dusty, sticky mass that looks as though it will never mix. Then all at once, presto! It looks like dark chocolate sauce. Pour hot espresso over the honey, stirring to dissolve. Serve with cream.. Garnished with a fresh fruit slice, placed on a dark wooden bar counter, moody lighting --v 5"
Gimlet,"Flat lay, vintage speakeasy style. High-quality photo of a Gimlet, served in a cocktail glass, featuring Acide, sucré notes. Made with Gin, Lime Juice, Sugar Syrup, Lime. Instructions: Add all the ingredients to a shaker and fill with ice.

Shake, and strain into a chilled cocktail glass or an Old Fashioned glass filled with fresh ice.

Garnish with a lime wheel.. Garnished with a minimalist garnish, placed on a dark wooden bar counter, moody lighting --v 5"
Zoksel,"Flat lay, vintage speakeasy style. High-quality photo of a Zoksel, served in a cocktail glass, featuring Crémeux notes. Made with Beer, Root beer, Lemonade, Coca-Cola, 7-Up, Creme de Cassis, Lemon. Instructions: No specific mixing instructions, just poor every ingredient in one glass. The lemon goes with it.. Garnished with a minimalist garnish, placed on a dark wooden bar counter, moody lighting --v 5"
Apello,"Flat lay, vintage speakeasy style. High-quality photo of a Apello, served in a cocktail glass, featuring Fruité, sucré notes. Made with Orange juice, Grapefruit juice, Apple juice, Maraschino cherry. Instructions: Stirr. Grnish with maraschino cherry.. Garnished with a fresh fruit slice, placed on a dark wooden bar counter, moody lighting --v 5"
Avalon,"Flat lay, vintage speakeasy style. High-quality photo of a Avalon, served in a cocktail glass, featuring Fruité, sucré notes. Made with Vodka, Pisang Ambon, Apple juice, Lemon juice, Lemonade. Instructions: Fill a tall glass with ice. Layer the Finlandia Vodka, lemon and apple juices, Pisang Ambon, and top up with lemonade. Stir slightly and garnish with a spiralled cucumber skin and a red cherry. The cucumber provides zest and looks attractive. This drink, created by Timo Haimi, took first prize in the 1991 Finlandia Vodka Long Drink Competition.. Garnished with a fresh fruit slice, placed on a dark wooden bar counter, moody lighting --v 5"
Radler,"Flat lay, vintage speakeasy style. High-quality photo of a Radler, served in a cocktail glass, featuring Fruité notes. Made with Beer, 7-Up. Instructions: Pour beer into large mug, slowly add the 7-up (or Sprite).. Garnished with a fresh fruit slice, placed on a dark wooden bar counter, moody lighting --v 5"
Diesel,"Flat lay, vintage speakeasy style. High-quality photo of a Diesel, served in a cocktail glass, featuring Fruité notes. Made with Lager, Cider, Blackcurrant cordial. Instructions: Pour the lager first then add the blackcurrant cordial. Top up with the cider. The colour sholud be very dark approaching the colour of Guiness.. Garnished with a fresh fruit slice, placed on a dark wooden bar counter, moody lighting --v 5"
Paloma,"Flat lay, vintage speakeasy style. High-quality photo of a Paloma, served in a cocktail glass, featuring Fruité notes. Made with Grape Soda, Tequila. Instructions: Stir together and serve over ice.. Garnished with a fresh fruit slice, placed on a dark wooden bar counter, moody lighting --v 5"
Limeade,"Flat lay, vintage speakeasy style. High-quality photo of a Limeade, served in a cocktail glass, featuring Acide, sucré notes. Made with Lime, Sugar, Soda water, Lime peel. Instructions: In a large glass, put the lime juice and sugar, and stir well. Add cold seltzer water to fill. Put the lime peels in the glass. Drink. Repeat until limes or soda run out.. Garnished with a minimalist garnish, placed on a dark wooden bar counter, moody lighting --v 5"
Bellini,"Flat lay, vintage speakeasy style. High-quality photo of a Bellini, served in a cocktail glass, featuring Fruité notes. Made with Champagne, Peach schnapps. Instructions: Pour peach purée into chilled flute, add sparkling wine. Stir gently.. Garnished with a fresh fruit slice, placed on a dark wooden bar counter, moody lighting --v 5"
Abilene,"Flat lay, vintage speakeasy style. High-quality photo of a Abilene, served in a cocktail glass, featuring Fruité, sucré notes. Made with Dark rum, Peach nectar, Orange juice. Instructions: Pour all of the ingredients into a highball glass almost filled with ice cubes. Stir well.. Garnished with a fresh fruit slice, placed on a dark wooden bar counter, moody lighting --v 5"
Bramble,"Flat lay, vintage speakeasy style. High-quality photo of a Bramble, served in a cocktail glass, featuring Crémeux, sucré notes. Made with Gin, lemon juice, Sugar syrup, Creme de Mure. Instructions: Fill glass with crushed ice. Build gin, lemon juice and simple syrup over. Stir, and then pour blackberry liqueur over in a circular fashion to create marbling effect. Garnish with two blackberries and lemon slice.. Garnished with a minimalist garnish, placed on a dark wooden bar counter, moody lighting --v 5"
Almeria,"Flat lay, vintage speakeasy style. High-quality photo of a Almeria, served in a cocktail glass, featuring Fruité notes. Made with Dark rum, Kahlua, Egg white. Instructions: In a shaker half-filled with ice cubes, combine all of the ingredients. Shake well. Strain into a cocktail glass.. Garnished with a fresh fruit slice, placed on a dark wooden bar counter, moody lighting --v 5"
Old Pal,"Flat lay, vintage speakeasy style. High-quality photo of a Old Pal, served in a cocktail glass, featuring Amer notes. Made with Rye whiskey, Campari, Dry Vermouth. Instructions: Chill cocktail glass. Add ingredients to a mixing glass, and fill 2/3 full with ice. Stir about 20 seconds. Empty cocktail glass and strain into the glass. Garnish with a twist of lemon peel.. Garnished with a minimalist garnish, placed on a dark wooden bar counter, moody lighting --v 5"
Thriller,"Flat lay, vintage speakeasy style. High-quality photo of a Thriller, served in a cocktail glass, featuring Fruité, sucré notes. Made with Scotch, Wine, Orange juice. Instructions: In a shaker half-filled with ice cubes, combine all of the ingredients. Shake well. Strain into a cocktail glass.. Garnished with a fresh fruit slice, placed on a dark wooden bar counter, moody lighting --v 5"
Brooklyn,"Flat lay, vintage speakeasy style. High-quality photo of a Brooklyn, served in a cocktail glass, featuring Amer, sucré, sucré notes. Made with Rye Whiskey, Dry Vermouth, Maraschino Liqueur, Angostura Bitters, Maraschino Cherry. Instructions: Combine ingredients with ice and stir until well-chilled. Strain into a chilled cocktail glass.. Garnished with a minimalist garnish, placed on a dark wooden bar counter, moody lighting --v 5"
Bluebird,"Flat lay, vintage speakeasy style. High-quality photo of a Bluebird, served in a cocktail glass, featuring Fruité notes. Made with Gin, Triple sec, Blue Curacao, Bitters, Maraschino cherry, Lemon peel. Instructions: In a mixing glass half-filled with crushed ice, combine the gin, triple sec, Curacao, and bitters. Stir well. Strain into a cocktail glass and garnish with the lemon twist and the cherry.. Garnished with a fresh fruit slice, placed on a dark wooden bar counter, moody lighting --v 5"
Snowball,"Flat lay, vintage speakeasy style. High-quality photo of a Snowball, served in a cocktail glass, featuring Fruité notes. Made with Advocaat, Lemonade, Lemon, Ice. Instructions: Place one ice cube in the glass and add 1 1/2 oz of Advocaat. Fill up the glass with lemonade and decorate with a slice of lemon. Serve at once.. Garnished with a fresh fruit slice, placed on a dark wooden bar counter, moody lighting --v 5"
Applecar,"Flat lay, vintage speakeasy style. High-quality photo of a Applecar, served in a cocktail glass, featuring Fruité, sucré notes. Made with Applejack, Triple sec, Lemon juice. Instructions: Shake all ingredients with ice, strain into a cocktail glass, and serve.. Garnished with a fresh fruit slice, placed on a dark wooden bar counter, moody lighting --v 5"
Godchild,"Flat lay, vintage speakeasy style. High-quality photo of a Godchild, served in a cocktail glass, featuring Fruité notes. Made with Vodka, Amaretto, Heavy cream. Instructions: Shake all ingredients well with cracked ice, strain into a champagne flute, and serve.. Garnished with a fresh fruit slice, placed on a dark wooden bar counter, moody lighting --v 5"
Balmoral,"Flat lay, vintage speakeasy style. High-quality photo of a Balmoral, served in a cocktail glass, featuring Amer, sucré notes. Made with Scotch, Sweet Vermouth, Dry Vermouth, Bitters. Instructions: In a mixing glass half-filled with ice cubes, combine all of the ingredients. Stir well. Strain into a cocktail glass.. Garnished with a minimalist garnish, placed on a dark wooden bar counter, moody lighting --v 5"
Acapulco,"Flat lay, vintage speakeasy style. High-quality photo of a Acapulco, served in a cocktail glass, featuring Acide, sucré notes. Made with Light rum, Triple sec, Lime juice, Sugar, Egg white, Mint. Instructions: Combine and shake all ingredients (except mint) with ice and strain into an old-fashioned glass over ice cubes. Add the sprig of mint and serve.. Garnished with a minimalist garnish, placed on a dark wooden bar counter, moody lighting --v 5"
501 Blue,"Flat lay, vintage speakeasy style. High-quality photo of a 501 Blue, served in a cocktail glass, featuring Fruité notes. Made with Blue Curacao, Blueberry schnapps, Vodka, Sour mix, 7-Up. Instructions: Mix equal amounts into a glass with ice.. Garnished with a fresh fruit slice, placed on a dark wooden bar counter, moody lighting --v 5"
Alexander,"Flat lay, vintage speakeasy style. High-quality photo of a Alexander, served in a cocktail glass, featuring Crémeux, épicé, épicé notes. Made with Gin, Creme de Cacao, Light cream, Nutmeg. Instructions: Shake all ingredients with ice and strain contents into a cocktail glass. Sprinkle nutmeg on top and serve.. Garnished with a minimalist garnish, placed on a dark wooden bar counter, moody lighting --v 5"
Algonquin,"Flat lay, vintage speakeasy style. High-quality photo of a Algonquin, served in a cocktail glass, featuring Amer, sucré notes. Made with Blended whiskey, Dry Vermouth, Pineapple juice. Instructions: Combine and shake all ingredients with ice, strain contents into a cocktail glass, and serve.. Garnished with a minimalist garnish, placed on a dark wooden bar counter, moody lighting --v 5"
Smut,"Flat lay, vintage speakeasy style. High-quality photo of a Smut, served in a cocktail glass, featuring Fruité, sucré notes. Made with Red wine, Peach schnapps, Pepsi Cola, Orange juice. Instructions: Throw it all together and serve real cold.. Garnished with a fresh fruit slice, placed on a dark wooden bar counter, moody lighting --v 5"
Adam,"Flat lay, vintage speakeasy style. High-quality photo of a Adam, served in a cocktail glass, featuring Fruité, sucré, sucré notes. Made with Dark rum, Lemon juice, Grenadine. Instructions: In a shaker half-filled with ice cubes, combine all of the ingredients. Shake well. Strain into a cocktail glass.. Garnished with a fresh fruit slice, placed on a dark wooden bar counter, moody lighting --v 5"
Melya,"Flat lay, vintage speakeasy style. High-quality photo of a Melya, served in a cocktail glass, featuring Fruité, sucré notes. Made with Espresso, Honey, Cocoa powder. Instructions: Brew espresso. In a coffee mug, place 1 teaspoon of unsweetened powdered cocoa, then cover a teaspoon with honey and drizzle it into the cup. Stir while the coffee brews, this is the fun part. The cocoa seems to coat the honey without mixing, so you get a dusty, sticky mass that looks as though it will never mix. Then all at once, presto! It looks like dark chocolate sauce. Pour hot espresso over the honey, stirring to dissolve. Serve with cream.. Garnished with a fresh fruit slice, placed on a dark wooden bar counter, moody lighting --v 5"
Mojito,"Flat lay, vintage speakeasy style. High-quality photo of a Mojito, served in a highball glass, featuring Acide, sucré notes. Made with Light rum, Lime, Sugar, Mint, Soda water. Instructions: Muddle mint leaves with sugar and lime juice. Add a splash of soda water and fill the glass with cracked ice. Pour the rum and top with soda water. Garnish and serve with straw.. Garnished with a minimalist garnish, placed on a dark wooden bar counter, moody lighting --v 5"
Mimosa,"Flat lay, vintage speakeasy style. High-quality photo of a Mimosa, served in a cocktail glass, featuring Fruité, sucré notes. Made with Champagne, Orange juice. Instructions: Ensure both ingredients are well chilled, then mix into the glass. Serve cold.. Garnished with a fresh fruit slice, placed on a dark wooden bar counter, moody lighting --v 5"
Paloma,"Flat lay, vintage speakeasy style. High-quality photo of a Paloma, served in a cocktail glass, featuring Fruité notes. Made with Grape Soda, Tequila. Instructions: Stir together and serve over ice.. Garnished with a fresh fruit slice, placed on a dark wooden bar counter, moody lighting --v 5"
Orgasm,"Flat lay, vintage speakeasy style. High-quality photo of a Orgasm, served in a cocktail glass, featuring Crémeux notes. Made with Creme de Cacao, Amaretto, Triple sec, Vodka, Light cream. Instructions: Shake all ingredients with ice, strain into a chilled cocktail glass, and serve.. Garnished with a minimalist garnish, placed on a dark wooden bar counter, moody lighting --v 5"
Zombie,"Flat lay, vintage speakeasy style. High-quality photo of a Zombie, served in a cocktail glass, featuring Acide, sucré, sucré notes. Made with Rum, Gold rum, 151 proof rum, Pernod, Grenadine, Lime Juice, Angostura Bitters. Instructions: Blend at high speed for no more than 5 seconds.

Pour into a glass, add ice cubes to fill, then add the garnish.

*Donn’s mix: Bring 3 crushed cinnamon sticks, 1 cup of sugar and 1 cup of water to a boil, stirring until the sugar is dissolved.

Simmer for 2 minutes, then remove from the heat and let sit for at least 2 hours before straining into a clean glass bottle.

Then add 1 part of the syrup and 2 parts of fresh grapefruit juice together.. Garnished with a minimalist garnish, placed on a dark wooden bar counter, moody lighting --v 5"
Gimlet,"Flat lay, vintage speakeasy style. High-quality photo of a Gimlet, served in a cocktail glass, featuring Acide, sucré notes. Made with Gin, Lime Juice, Sugar Syrup, Lime. Instructions: Add all the ingredients to a shaker and fill with ice.

Shake, and strain into a chilled cocktail glass or an Old Fashioned glass filled with fresh ice.

Garnish with a lime wheel.. Garnished with a minimalist garnish, placed on a dark wooden bar counter, moody lighting --v 5"
Limeade,"Flat lay, vintage speakeasy style. High-quality photo of a Limeade, served in a cocktail glass, featuring Acide, sucré notes. Made with Lime, Sugar, Soda water, Lime peel. Instructions: In a large glass, put the lime juice and sugar, and stir well. Add cold seltzer water to fill. Put the lime peels in the glass. Drink. Repeat until limes or soda run out.. Garnished with a minimalist garnish, placed on a dark wooden bar counter, moody lighting --v 5"
Bramble,"Flat lay, vintage speakeasy style. High-quality photo of a Bramble, served in a cocktail glass, featuring Crémeux, sucré notes. Made with Gin, lemon juice, Sugar syrup, Creme de Mure. Instructions: Fill glass with crushed ice. Build gin, lemon juice and simple syrup over. Stir, and then pour blackberry liqueur over in a circular fashion to create marbling effect. Garnish with two blackberries and lemon slice.. Garnished with a minimalist garnish, placed on a dark wooden bar counter, moody lighting --v 5"
Almeria,"Flat lay, vintage speakeasy style. High-quality photo of a Almeria, served in a cocktail glass, featuring Fruité notes. Made with Dark rum, Kahlua, Egg white. Instructions: In a shaker half-filled with ice cubes, combine all of the ingredients. Shake well. Strain into a cocktail glass.. Garnished with a fresh fruit slice, placed on a dark wooden bar counter, moody lighting --v 5"
Vampiro,"Flat lay, vintage speakeasy style. High-quality photo of a Vampiro, served in a cocktail glass, featuring Acide, sucré, salé notes. Made with Tequila, Tomato Juice, Orange Juice, Lime Juice, Sugar Syrup, Salt. Instructions: Vampiros may be made in a tall glass or an old fashioned glass. Bartenders may first ""rim"" the glass with Kosher Salt, which is done by placing a layer of Kosher Salt on a chopping board, moistening the glass' rim with lime juice or water, and then placing the upside down glass rim onto the Kosher Salt, so that the salt sticks to the moistened rim. The second step is to fill half the glass with ice and add one or two shooter glasses full of high quality Tequila. The next stage is to add the flavouring elements. This is done by squeezing a fresh lime into the glass, adding a few grains of salt, adding citrus-flavoured soda pop, until the glass is 4/5 full, and then adding spicy Viuda de Sanchez (or orange juice, lime juice and pico de gallo). The final step is to stir the ingredients so that the flavours are properly blended.. Garnished with a minimalist garnish, placed on a dark wooden bar counter, moody lighting --v 5"
Martini,"Flat lay, vintage speakeasy style. High-quality photo of a Martini, served in a martini glass, featuring Amer, salé, salé notes. Made with Gin, Dry Vermouth, Olive. Instructions: Straight: Pour all ingredients into mixing glass with ice cubes. Stir well. Strain in chilled martini cocktail glass. Squeeze oil from lemon peel onto the drink, or garnish with olive.. Garnished with a minimalist garnish, placed on a dark wooden bar counter, moody lighting --v 5"
Zambeer,"Flat lay, vintage speakeasy style. High-quality photo of a Zambeer, served in a cocktail glass, featuring Fruité notes. Made with Sambuca, Root beer, Ice. Instructions: Mix sambuca with rootbeer and stir. Add ice. Garnished with a fresh fruit slice, placed on a dark wooden bar counter, moody lighting --v 5"
Ipamena,"Flat lay, vintage speakeasy style. High-quality photo of a Ipamena, served in a cocktail glass, featuring Acide, épicé, sucré, épicé notes. Made with Lime, Brown sugar, Passion fruit juice, Ginger ale, Ice. Instructions: Cut half a lime into pieces, place in a shaker, add the sugar and crush. Measure the passion fruit juice, add it to the shaker and fill up with ice cubes. Close the shaker and shake vigorously. Pour the liquid into a glass, top up with ginger ale, stir with a teaspoon and then garnish the rim of the glass with a slice of lime. Garnished with a minimalist garnish, placed on a dark wooden bar counter, moody lighting --v 5"
Mai Tai,"Flat lay, vintage speakeasy style. High-quality photo of a Mai Tai, served in a tiki mug, featuring Fruité, sucré notes. Made with Light rum, Orgeat syrup, Triple sec, Sweet and sour, Cherry. Instructions: Shake all ingredients with ice. Strain into glass. Garnish and serve with straw.. Garnished with a fresh fruit slice, placed on a dark wooden bar counter, moody lighting --v 5"
Rum Sour,"Flat lay, vintage speakeasy style. High-quality photo of a Rum Sour, served in a cocktail glass, featuring Fruité, sucré notes. Made with Light rum, Lemon juice, Sugar, Orange, Maraschino cherry. Instructions: In a shaker half-filled with ice cubes, combine the rum, lemon juice, and sugar. Shake well. Strain into a sour glass and garnish with the orange slice and the cherry.. Garnished with a fresh fruit slice, placed on a dark wooden bar counter, moody lighting --v 5"
Balmoral,"Flat lay, vintage speakeasy style. High-quality photo of a Balmoral, served in a cocktail glass, featuring Amer, sucré notes. Made with Scotch, Sweet Vermouth, Dry Vermouth, Bitters. Instructions: In a mixing glass half-filled with ice cubes, combine all of the ingredients. Stir well. Strain into a cocktail glass.. Garnished with a minimalist garnish, placed on a dark wooden bar counter, moody lighting --v 5"
Kamikaze,"Flat lay, vintage speakeasy style. High-quality photo of a Kamikaze, served in a cocktail glass, featuring Acide, sucré notes. Made with Vodka, Triple sec, Lime juice. Instructions: Shake all ingredients together with ice. Strain into glass, garnish and serve.. Garnished with a minimalist garnish, placed on a dark wooden bar counter, moody lighting --v 5"
Manhattan,"Flat lay, vintage speakeasy style. High-quality photo of a Manhattan, served in a cocktail glass, featuring Amer, sucré notes. Made with Sweet Vermouth, Bourbon, Angostura bitters, Ice, Maraschino cherry, Orange peel. Instructions: Stirred over ice, strained into a chilled glass, garnished, and served up.. Garnished with a minimalist garnish, placed on a dark wooden bar counter, moody lighting --v 5"
Americano,"Flat lay, vintage speakeasy style. High-quality photo of a Americano, served in a cocktail glass, featuring Amer, sucré notes. Made with Campari, Sweet Vermouth, Lemon peel, Orange peel. Instructions: Pour the Campari and vermouth over ice into glass, add a splash of soda water and garnish with half orange slice.. Garnished with a minimalist garnish, placed on a dark wooden bar counter, moody lighting --v 5"
Rum Toddy,"Flat lay, vintage speakeasy style. High-quality photo of a Rum Toddy, served in a cocktail glass, featuring Fruité, sucré notes. Made with Rum, Powdered sugar, Lemon peel, Water. Instructions: Dissolve powdered sugar in water in an old-fashioned glass. Add rum and one ice cube and stir. Add the twist of lemon peel and serve.. Garnished with a fresh fruit slice, placed on a dark wooden bar counter, moody lighting --v 5"
Jam Donut,"Flat lay, vintage speakeasy style. High-quality photo of a Jam Donut, served in a cocktail glass, featuring Crémeux, sucré, sucré notes. Made with Baileys irish cream, Chambord raspberry liqueur, Sugar syrup, Sugar. Instructions: Coat the rim of a shot glass with sugar using sugar syrup to stick. Add the Chambord raspberry liqueur to the shot glass, and carefully layer the Baileys Irish Cream on top. Serve.. Garnished with a minimalist garnish, placed on a dark wooden bar counter, moody lighting --v 5"
Tia-Maria,"Flat lay, vintage speakeasy style. High-quality photo of a Tia-Maria, served in a cocktail glass, featuring Fruité, sucré notes. Made with Water, Brown sugar, Coffee, Rum, Vanilla extract. Instructions: Boil water, sugar and coffe for 10 mins and let cool. Add rum and vanilla. Put in clean bottle(s) and leave for 1 week before using.. Garnished with a fresh fruit slice, placed on a dark wooden bar counter, moody lighting --v 5"
Casino,"Flat lay, vintage speakeasy style. High-quality photo of a Casino, served in a cocktail glass, featuring Fruité, sucré, sucré notes. Made with Gin, Maraschino liqueur, Lemon juice, Orange bitters, Cherry. Instructions: Pour all ingredients into shaker with ice cubes. Shake well. Strain into chilled cocktail glass. Garnish with a lemon twist and a maraschino cherry. Serve without a straw.. Garnished with a fresh fruit slice, placed on a dark wooden bar counter, moody lighting --v 5"
Avalon,"Flat lay, vintage speakeasy style. High-quality photo of a Avalon, served in a cocktail glass, featuring Fruité, sucré notes. Made with Vodka, Pisang Ambon, Apple juice, Lemon juice, Lemonade. Instructions: Fill a tall glass with ice. Layer the Finlandia Vodka, lemon and apple juices, Pisang Ambon, and top up with lemonade. Stir slightly and garnish with a spiralled cucumber skin and a red cherry. The cucumber provides zest and looks attractive. This drink, created by Timo Haimi, took first prize in the 1991 Finlandia Vodka Long Drink Competition.. Garnished with a fresh fruit slice, placed on a dark wooden bar counter, moody lighting --v 5"
Zinger,"Flat lay, vintage speakeasy style. High-quality photo of a Zinger, served in a cocktail glass, featuring Fruité notes. Made with Peachtree schnapps, Surge. Instructions: Get a shot glass and pour in three shots of the schnapps. Do the same with the Surge Cola. Then down it like Scheetz would.. Garnished with a fresh fruit slice, placed on a dark wooden bar counter, moody lighting --v 5"
Negroni,"Flat lay, vintage speakeasy style. High-quality photo of a Negroni, served in a old-fashioned glass, featuring Amer, sucré notes. Made with Gin, Campari, Sweet Vermouth. Instructions: Stir into glass over ice, garnish and serve.. Garnished with a minimalist garnish, placed on a dark wooden bar counter, moody lighting --v 5"
Quentin,"Flat lay, vintage speakeasy style. High-quality photo of a Quentin, served in a cocktail glass, featuring Fruité, épicé, épicé notes. Made with Dark rum, Kahlua, Light cream, Nutmeg. Instructions: In a shaker half-filled with ice cubes, combine the rum, Kahlua, and cream. Shake well. Strain into a cocktail glass and garnish with the nutmeg.. Garnished with a fresh fruit slice, placed on a dark wooden bar counter, moody lighting --v 5"
Addison,"Flat lay, vintage speakeasy style. High-quality photo of a Addison, served in a cocktail glass, featuring Amer notes. Made with Gin, Vermouth. Instructions: Shake together all the ingredients and strain into a cold glass.. Garnished with a minimalist garnish, placed on a dark wooden bar counter, moody lighting --v 5"
Snowday,"Flat lay, vintage speakeasy style. High-quality photo of a Snowday, served in a cocktail glass, featuring Amer notes. Made with Vodka, Amaro Montenegro, Ruby Port, Blood Orange, Angostura Bitters, Orange Peel. Instructions: Stir all ingredients with ice. Strain into a chilled rocks glass over fresh ice. Express orange peel over drink and garnish.. Garnished with a minimalist garnish, placed on a dark wooden bar counter, moody lighting --v 5"
Martini,"Flat lay, vintage speakeasy style. High-quality photo of a Martini, served in a martini glass, featuring Amer, salé, salé notes. Made with Gin, Dry Vermouth, Olive. Instructions: Straight: Pour all ingredients into mixing glass with ice cubes. Stir well. Strain in chilled martini cocktail glass. Squeeze oil from lemon peel onto the drink, or garnish with olive.. Garnished with a minimalist garnish, placed on a dark wooden bar counter, moody lighting --v 5"
Bellini,"Flat lay, vintage speakeasy style. High-quality photo of a Bellini, served in a cocktail glass, featuring Fruité notes. Made with Champagne, Peach schnapps. Instructions: Pour peach purée into chilled flute, add sparkling wine. Stir gently.. Garnished with a fresh fruit slice, placed on a dark wooden bar counter, moody lighting --v 5"
Abilene,"Flat lay, vintage speakeasy style. High-quality photo of a Abilene, served in a cocktail glass, featuring Fruité, sucré notes. Made with Dark rum, Peach nectar, Orange juice. Instructions: Pour all of the ingredients into a highball glass almost filled with ice cubes. Stir well.. Garnished with a fresh fruit slice, placed on a dark wooden bar counter, moody lighting --v 5"
Ipamena,"Flat lay, vintage speakeasy style. High-quality photo of a Ipamena, served in a cocktail glass, featuring Acide, épicé, sucré, épicé notes. Made with Lime, Brown sugar, Passion fruit juice, Ginger ale, Ice. Instructions: Cut half a lime into pieces, place in a shaker, add the sugar and crush. Measure the passion fruit juice, add it to the shaker and fill up with ice cubes. Close the shaker and shake vigorously. Pour the liquid into a glass, top up with ginger ale, stir with a teaspoon and then garnish the rim of the glass with a slice of lime. Garnished with a minimalist garnish, placed on a dark wooden bar counter, moody lighting --v 5"
Veteran,"Flat lay, vintage speakeasy style. High-quality photo of a Veteran, served in a cocktail glass, featuring Fruité notes. Made with Dark rum, Cherry brandy. Instructions: Pour the rum and cherry brandy into an old-fashioned glass almost filled with ice cubes. Stir well.. Garnished with a fresh fruit slice, placed on a dark wooden bar counter, moody lighting --v 5"
Stinger,"Flat lay, vintage speakeasy style. High-quality photo of a Stinger, served in a cocktail glass, featuring Herbacé notes. Made with Brandy, White Creme de Menthe. Instructions: Pour in a mixing glass with ice, stir and strain into a cocktail glass. May also be served on rocks in a rocks glass.. Garnished with a minimalist garnish, placed on a dark wooden bar counter, moody lighting --v 5"
Sangria,"Flat lay, vintage speakeasy style. High-quality photo of a Sangria, served in a cocktail glass, featuring Fruité, épicé, sucré, épicé notes. Made with Red wine, Sugar, Orange juice, Lemon juice, Cloves, Cinnamon. Instructions: Mix all together in a pitcher and refrigerate. Add cloves and cinnamon sticks to taste. Serve in wine glasses.. Garnished with a fresh fruit slice, placed on a dark wooden bar counter, moody lighting --v 5"
Gin Fizz,"Flat lay, vintage speakeasy style. High-quality photo of a Gin Fizz, served in a cocktail glass, featuring Fruité, sucré notes. Made with Gin, Lemon, Powdered sugar, Carbonated water. Instructions: Shake all ingredients with ice cubes, except soda water. Pour into glass. Top with soda water.. Garnished with a fresh fruit slice, placed on a dark wooden bar counter, moody lighting --v 5"
Danbooka,"Flat lay, vintage speakeasy style. High-quality photo of a Danbooka, served in a cocktail glass, featuring Fruité notes. Made with Coffee, Everclear. Instructions: pour it in and mix it.. Garnished with a fresh fruit slice, placed on a dark wooden bar counter, moody lighting --v 5"
Aviation,"Flat lay, vintage speakeasy style. High-quality photo of a Aviation, served in a cocktail glass, featuring Fruité, sucré, sucré notes. Made with Gin, lemon juice, maraschino liqueur. Instructions: Add all ingredients into cocktail shaker filled with ice. Shake well and strain into cocktail glass. Garnish with a cherry.. Garnished with a fresh fruit slice, placed on a dark wooden bar counter, moody lighting --v 5"
Brooklyn,"Flat lay, vintage speakeasy style. High-quality photo of a Brooklyn, served in a cocktail glass, featuring Amer, sucré, sucré notes. Made with Rye Whiskey, Dry Vermouth, Maraschino Liqueur, Angostura Bitters, Maraschino Cherry. Instructions: Combine ingredients with ice and stir until well-chilled. Strain into a chilled cocktail glass.. Garnished with a minimalist garnish, placed on a dark wooden bar counter, moody lighting --v 5"
410 Gone,"Flat lay, vintage speakeasy style. High-quality photo of a 410 Gone, served in a cocktail glass, featuring Fruité notes. Made with Peach Vodka, Coca-Cola. Instructions: Mix together and enjoy!. Garnished with a fresh fruit slice, placed on a dark wooden bar counter, moody lighting --v 5"
Snowball,"Flat lay, vintage speakeasy style. High-quality photo of a Snowball, served in a cocktail glass, featuring Fruité notes. Made with Advocaat, Lemonade, Lemon, Ice. Instructions: Place one ice cube in the glass and add 1 1/2 oz of Advocaat. Fill up the glass with lemonade and decorate with a slice of lemon. Serve at once.. Garnished with a fresh fruit slice, placed on a dark wooden bar counter, moody lighting --v 5"
Pink Gin,"Flat lay, vintage speakeasy style. High-quality photo of a Pink Gin, served in a cocktail glass, featuring Fruité notes. Made with Bitters, Gin. Instructions: Pour the bitters into a wine glass. Swirl the glass to coat the inside with the bitters, shake out the excess. Pour the gin into the glass. Do not add ice.. Garnished with a fresh fruit slice, placed on a dark wooden bar counter, moody lighting --v 5"
Affinity,"Flat lay, vintage speakeasy style. High-quality photo of a Affinity, served in a cocktail glass, featuring Amer, sucré notes. Made with Scotch, Sweet Vermouth, Dry Vermouth, Orange bitters. Instructions: In a mixing glass half-filled with ice cubes, combine all of the ingredients. Stir well. Strain into a cocktail glass.. Garnished with a minimalist garnish, placed on a dark wooden bar counter, moody lighting --v 5"
Shot-gun,"Flat lay, vintage speakeasy style. High-quality photo of a Shot-gun, served in a cocktail glass, featuring Fruité notes. Made with Jim Beam, Jack Daniels, Wild Turkey. Instructions: Pour one part Jack Daneils and one part Jim Beam into shot glass then float Wild Turkey on top.. Garnished with a fresh fruit slice, placed on a dark wooden bar counter, moody lighting --v 5"
Gin Sour,"Flat lay, vintage speakeasy style. High-quality photo of a Gin Sour, served in a sour glass, featuring Fruité, sucré notes. Made with Gin, Lemon juice, Sugar, Orange, Maraschino cherry. Instructions: In a shaker half-filled with ice cubes, combine the gin, lemon juice, and sugar. Shake well. Strain into a sour glass and garnish with the orange slice and the cherry.. Garnished with a fresh fruit slice, placed on a dark wooden bar counter, moody lighting --v 5"
Manhattan,"Flat lay, vintage speakeasy style. High-quality photo of a Manhattan, served in a cocktail glass, featuring Amer, sucré notes. Made with Sweet Vermouth, Bourbon, Angostura bitters, Ice, Maraschino cherry, Orange peel. Instructions: Stirred over ice, strained into a chilled glass, garnished, and served up.. Garnished with a minimalist garnish, placed on a dark wooden bar counter, moody lighting --v 5"
Rose,"Flat lay, vintage speakeasy style. High-quality photo of a Rose, served in a cocktail glass, featuring Amer, sucré, sucré notes. Made with Dry Vermouth, Gin, Apricot brandy, Lemon juice, Grenadine, Powdered sugar. Instructions: Shake together in a cocktail shaker, then strain into chilled glass. Garnish and serve.. Garnished with a minimalist garnish, placed on a dark wooden bar counter, moody lighting --v 5"
Zorro,"Flat lay, vintage speakeasy style. High-quality photo of a Zorro, served in a cocktail glass, featuring Herbacé notes. Made with Sambuca, Baileys irish cream, White Creme de Menthe. Instructions: add all and pour black coffee and add whipped cream on top.. Garnished with a minimalist garnish, placed on a dark wooden bar counter, moody lighting --v 5"
Bijou,"Flat lay, vintage speakeasy style. High-quality photo of a Bijou, served in a cocktail glass, featuring Amer, sucré notes. Made with Orange Bitters, Green Chartreuse, Gin, Sweet Vermouth. Instructions: Stir in mixing glass with ice and strain
. Garnished with a minimalist garnish, placed on a dark wooden bar counter, moody lighting --v 5"
Mojito,"Flat lay, vintage speakeasy style. High-quality photo of a Mojito, served in a highball glass, featuring Acide, sucré notes. Made with Light rum, Lime, Sugar, Mint, Soda water. Instructions: Muddle mint leaves with sugar and lime juice. Add a splash of soda water and fill the glass with cracked ice. Pour the rum and top with soda water. Garnish and serve with straw.. Garnished with a minimalist garnish, placed on a dark wooden bar counter, moody lighting --v 5"
Paloma,"Flat lay, vintage speakeasy style. High-quality photo of a Paloma, served in a cocktail glass, featuring Fruité notes. Made with Grape Soda, Tequila. Instructions: Stir together and serve over ice.. Garnished with a fresh fruit slice, placed on a dark wooden bar counter, moody lighting --v 5"
Avalon,"Flat lay, vintage speakeasy style. High-quality photo of a Avalon, served in a cocktail glass, featuring Fruité, sucré notes. Made with Vodka, Pisang Ambon, Apple juice, Lemon juice, Lemonade. Instructions: Fill a tall glass with ice. Layer the Finlandia Vodka, lemon and apple juices, Pisang Ambon, and top up with lemonade. Stir slightly and garnish with a spiralled cucumber skin and a red cherry. The cucumber provides zest and looks attractive. This drink, created by Timo Haimi, took first prize in the 1991 Finlandia Vodka Long Drink Competition.. Garnished with a fresh fruit slice, placed on a dark wooden bar counter, moody lighting --v 5"
Boxcar,"Flat lay, vintage speakeasy style. High-quality photo of a Boxcar, served in a cocktail glass, featuring Fruité, sucré, sucré notes. Made with Gin, Triple sec, Lemon juice, Grenadine, Egg white. Instructions: In a shaker half-filled with ice cubes, combine all of the ingredients. Shake well. Strain into a sour glass.. Garnished with a fresh fruit slice, placed on a dark wooden bar counter, moody lighting --v 5"
Casino,"Flat lay, vintage speakeasy style. High-quality photo of a Casino, served in a cocktail glass, featuring Fruité, sucré, sucré notes. Made with Gin, Maraschino liqueur, Lemon juice, Orange bitters, Cherry. Instructions: Pour all ingredients into shaker with ice cubes. Shake well. Strain into chilled cocktail glass. Garnish with a lemon twist and a maraschino cherry. Serve without a straw.. Garnished with a fresh fruit slice, placed on a dark wooden bar counter, moody lighting --v 5"
Zombie,"Flat lay, vintage speakeasy style. High-quality photo of a Zombie, served in a cocktail glass, featuring Acide, sucré, sucré notes. Made with Rum, Gold rum, 151 proof rum, Pernod, Grenadine, Lime Juice, Angostura Bitters. Instructions: Blend at high speed for no more than 5 seconds.

Pour into a glass, add ice cubes to fill, then add the garnish.

*Donn’s mix: Bring 3 crushed cinnamon sticks, 1 cup of sugar and 1 cup of water to a boil, stirring until the sugar is dissolved.

Simmer for 2 minutes, then remove from the heat and let sit for at least 2 hours before straining into a clean glass bottle.

Then add 1 part of the syrup and 2 parts of fresh grapefruit juice together.. Garnished with a minimalist garnish, placed on a dark wooden bar counter, moody lighting --v 5"
Apello,"Flat lay, vintage speakeasy style. High-quality photo of a Apello, served in a cocktail glass, featuring Fruité, sucré notes. Made with Orange juice, Grapefruit juice, Apple juice, Maraschino cherry. Instructions: Stirr. Grnish with maraschino cherry.. Garnished with a fresh fruit slice, placed on a dark wooden bar counter, moody lighting --v 5"
Zoksel,"Flat lay, vintage speakeasy style. High-quality photo of a Zoksel, served in a cocktail glass, featuring Crémeux notes. Made with Beer, Root beer, Lemonade, Coca-Cola, 7-Up, Creme de Cassis, Lemon. Instructions: No specific mixing instructions, just poor every ingredient in one glass. The lemon goes with it.. Garnished with a minimalist garnish, placed on a dark wooden bar counter, moody lighting --v 5"
Victor,"Flat lay, vintage speakeasy style. High-quality photo of a Victor, served in a cocktail glass, featuring Amer, sucré notes. Made with Gin, Sweet Vermouth, Brandy. Instructions: Shake all ingredients with ice, strain into a cocktail glass, and serve.. Garnished with a minimalist garnish, placed on a dark wooden bar counter, moody lighting --v 5"
Orgasm,"Flat lay, vintage speakeasy style. High-quality photo of a Orgasm, served in a cocktail glass, featuring Crémeux notes. Made with Creme de Cacao, Amaretto, Triple sec, Vodka, Light cream. Instructions: Shake all ingredients with ice, strain into a chilled cocktail glass, and serve.. Garnished with a minimalist garnish, placed on a dark wooden bar counter, moody lighting --v 5"
Frosé,"Flat lay, vintage speakeasy style. High-quality photo of a Frosé, served in a cocktail glass, featuring Floral, sucré notes. Made with Rose, Sugar, Strawberries, Lemon Juice. Instructions: Step 1
Pour rosé into a 13x9"" pan and freeze until almost solid (it won't completely solidify due to the alcohol), at least 6 hours.

Step 2
Meanwhile, bring sugar and ½ cup water to a boil in a medium saucepan; cook, stirring constantly, until sugar dissolves, about 3 minutes. Add strawberries, remove from heat, and let sit 30 minutes to infuse syrup with strawberry flavor. Strain through a fine-mesh sieve into a small bowl (do not press on solids); cover and chill until cold, about 30 minutes.

Step 3
Scrape rosé into a blender. Add lemon juice, 3½ ounces strawberry syrup, and 1 cup crushed ice and purée until smooth. Transfer blender jar to freezer and freeze until frosé is thickened (aim for milkshake consistency), 25–35 minutes.

Step 4
Blend again until frosé is slushy. Divide among glasses.

Step 5
Do Ahead: Rosé can be frozen 1 week ahead.. Garnished with a minimalist garnish, placed on a dark wooden bar counter, moody lighting --v 5"
Mimosa,"Flat lay, vintage speakeasy style. High-quality photo of a Mimosa, served in a cocktail glass, featuring Fruité, sucré notes. Made with Champagne, Orange juice. Instructions: Ensure both ingredients are well chilled, then mix into the glass. Serve cold.. Garnished with a fresh fruit slice, placed on a dark wooden bar counter, moody lighting --v 5"
Vampiro,"Flat lay, vintage speakeasy style. High-quality photo of a Vampiro, served in a cocktail glass, featuring Acide, sucré, salé notes. Made with Tequila, Tomato Juice, Orange Juice, Lime Juice, Sugar Syrup, Salt. Instructions: Vampiros may be made in a tall glass or an old fashioned glass. Bartenders may first ""rim"" the glass with Kosher Salt, which is done by placing a layer of Kosher Salt on a chopping board, moistening the glass' rim with lime juice or water, and then placing the upside down glass rim onto the Kosher Salt, so that the salt sticks to the moistened rim. The second step is to fill half the glass with ice and add one or two shooter glasses full of high quality Tequila. The next stage is to add the flavouring elements. This is done by squeezing a fresh lime into the glass, adding a few grains of salt, adding citrus-flavoured soda pop, until the glass is 4/5 full, and then adding spicy Viuda de Sanchez (or orange juice, lime juice and pico de gallo). The final step is to stir the ingredients so that the flavours are properly blended.. Garnished with a minimalist garnish, placed on a dark wooden bar counter, moody lighting --v 5"
Negroni,"Flat lay, vintage speakeasy style. High-quality photo of a Negroni, served in a old-fashioned glass, featuring Amer, sucré notes. Made with Gin, Campari, Sweet Vermouth. Instructions: Stir into glass over ice, garnish and serve.. Garnished with a minimalist garnish, placed on a dark wooden bar counter, moody lighting --v 5"
Vesuvio,"Flat lay, vintage speakeasy style. High-quality photo of a Vesuvio, served in a cocktail glass, featuring Amer, sucré notes. Made with Light rum, Sweet Vermouth, Lemon, Powdered sugar, Egg white. Instructions: Shake all ingredients with ice, strain into an old-fashioned glass over ice cubes, and serve.. Garnished with a minimalist garnish, placed on a dark wooden bar counter, moody lighting --v 5"
Old Pal,"Flat lay, vintage speakeasy style. High-quality photo of a Old Pal, served in a cocktail glass, featuring Amer notes. Made with Rye whiskey, Campari, Dry Vermouth. Instructions: Chill cocktail glass. Add ingredients to a mixing glass, and fill 2/3 full with ice. Stir about 20 seconds. Empty cocktail glass and strain into the glass. Garnish with a twist of lemon peel.. Garnished with a minimalist garnish, placed on a dark wooden bar counter, moody lighting --v 5"
Scooter,"Flat lay, vintage speakeasy style. High-quality photo of a Scooter, served in a cocktail glass, featuring Fruité notes. Made with Brandy, Amaretto, Light cream. Instructions: Shake all ingredients well with cracked ice, strain into a cocktail glass, and serve.. Garnished with a fresh fruit slice, placed on a dark wooden bar counter, moody lighting --v 5"
Addison,"Flat lay, vintage speakeasy style. High-quality photo of a Addison, served in a cocktail glass, featuring Amer notes. Made with Gin, Vermouth. Instructions: Shake together all the ingredients and strain into a cold glass.. Garnished with a minimalist garnish, placed on a dark wooden bar counter, moody lighting --v 5"
Snowday,"Flat lay, vintage speakeasy style. High-quality photo of a Snowday, served in a cocktail glass, featuring Amer notes. Made with Vodka, Amaro Montenegro, Ruby Port, Blood Orange, Angostura Bitters, Orange Peel. Instructions: Stir all ingredients with ice. Strain into a chilled rocks glass over fresh ice. Express orange peel over drink and garnish.. Garnished with a minimalist garnish, placed on a dark wooden bar counter, moody lighting --v 5"
Danbooka,"Flat lay, vintage speakeasy style. High-quality photo of a Danbooka, served in a cocktail glass, featuring Fruité notes. Made with Coffee, Everclear. Instructions: pour it in and mix it.. Garnished with a fresh fruit slice, placed on a dark wooden bar counter, moody lighting --v 5"
Aviation,"Flat lay, vintage speakeasy style. High-quality photo of a Aviation, served in a cocktail glass, featuring Fruité, sucré, sucré notes. Made with Gin, lemon juice, maraschino liqueur. Instructions: Add all ingredients into cocktail shaker filled with ice. Shake well and strain into cocktail glass. Garnish with a cherry.. Garnished with a fresh fruit slice, placed on a dark wooden bar counter, moody lighting --v 5"
410 Gone,"Flat lay, vintage speakeasy style. High-quality photo of a 410 Gone, served in a cocktail glass, featuring Fruité notes. Made with Peach Vodka, Coca-Cola. Instructions: Mix together and enjoy!. Garnished with a fresh fruit slice, placed on a dark wooden bar counter, moody lighting --v 5"
Spritz,"Flat lay, vintage speakeasy style. High-quality photo of a Spritz, served in a cocktail glass, featuring Amer notes. Made with Prosecco, Campari, Soda Water. Instructions: Build into glass over ice, garnish and serve.. Garnished with a minimalist garnish, placed on a dark wooden bar counter, moody lighting --v 5"
Apello,"Flat lay, vintage speakeasy style. High-quality photo of a Apello, served in a cocktail glass, featuring Fruité, sucré notes. Made with Orange juice, Grapefruit juice, Apple juice, Maraschino cherry. Instructions: Stirr. Grnish with maraschino cherry.. Garnished with a fresh fruit slice, placed on a dark wooden bar counter, moody lighting --v 5"
Vesper,"Flat lay, vintage speakeasy style. High-quality photo of a Vesper, served in a cocktail glass, featuring Fruité notes. Made with Gin, Vodka, Lillet Blanc. Instructions: Shake over ice until well chilled, then strain into a deep goblet and garnish with a thin slice of lemon peel.. Garnished with a fresh fruit slice, placed on a dark wooden bar counter, moody lighting --v 5"
Paloma,"Flat lay, vintage speakeasy style. High-quality photo of a Paloma, served in a cocktail glass, featuring Fruité notes. Made with Grape Soda, Tequila. Instructions: Stir together and serve over ice.. Garnished with a fresh fruit slice, placed on a dark wooden bar counter, moody lighting --v 5"
Vampiro,"Flat lay, vintage speakeasy style. High-quality photo of a Vampiro, served in a cocktail glass, featuring Acide, sucré, salé notes. Made with Tequila, Tomato Juice, Orange Juice, Lime Juice, Sugar Syrup, Salt. Instructions: Vampiros may be made in a tall glass or an old fashioned glass. Bartenders may first ""rim"" the glass with Kosher Salt, which is done by placing a layer of Kosher Salt on a chopping board, moistening the glass' rim with lime juice or water, and then placing the upside down glass rim onto the Kosher Salt, so that the salt sticks to the moistened rim. The second step is to fill half the glass with ice and add one or two shooter glasses full of high quality Tequila. The next stage is to add the flavouring elements. This is done by squeezing a fresh lime into the glass, adding a few grains of salt, adding citrus-flavoured soda pop, until the glass is 4/5 full, and then adding spicy Viuda de Sanchez (or orange juice, lime juice and pico de gallo). The final step is to stir the ingredients so that the flavours are properly blended.. Garnished with a minimalist garnish, placed on a dark wooden bar counter, moody lighting --v 5"
Frappé,"Flat lay, vintage speakeasy style. High-quality photo of a Frappé, served in a cocktail glass, featuring Fruité, sucré notes. Made with Coffee, Milk, Sugar. Instructions: Mix together. Blend at highest blender speed for about 1 minute. Pour into a glass and drink with a straw. Notes: This works best if everything is cold (if you make fresh coffee, mix it with the milk and let it sit in the fridge for 1/2 hour. If it is not frothy, add more milk, or even just some more milk powder. The froth gradually turns to liquid at the bottom of the glass, so you will find that you can sit and drink this for about 1/2 hour, with more iced coffee continually appearing at the bottom. Very refreshing.. Garnished with a fresh fruit slice, placed on a dark wooden bar counter, moody lighting --v 5"
Old Pal,"Flat lay, vintage speakeasy style. High-quality photo of a Old Pal, served in a cocktail glass, featuring Amer notes. Made with Rye whiskey, Campari, Dry Vermouth. Instructions: Chill cocktail glass. Add ingredients to a mixing glass, and fill 2/3 full with ice. Stir about 20 seconds. Empty cocktail glass and strain into the glass. Garnish with a twist of lemon peel.. Garnished with a minimalist garnish, placed on a dark wooden bar counter, moody lighting --v 5"
Ipamena,"Flat lay, vintage speakeasy style. High-quality photo of a Ipamena, served in a cocktail glass, featuring Acide, épicé, sucré, épicé notes. Made with Lime, Brown sugar, Passion fruit juice, Ginger ale, Ice. Instructions: Cut half a lime into pieces, place in a shaker, add the sugar and crush. Measure the passion fruit juice, add it to the shaker and fill up with ice cubes. Close the shaker and shake vigorously. Pour the liquid into a glass, top up with ginger ale, stir with a teaspoon and then garnish the rim of the glass with a slice of lime. Garnished with a minimalist garnish, placed on a dark wooden bar counter, moody lighting --v 5"
Ice Pick,"Flat lay, vintage speakeasy style. High-quality photo of a Ice Pick, served in a cocktail glass, featuring Fruité, sucré notes. Made with Vodka, Iced tea, Lemon juice. Instructions: Put Vodka in glass fill with iced tea. Stir in lemon to taste.. Garnished with a fresh fruit slice, placed on a dark wooden bar counter, moody lighting --v 5"
Applecar,"Flat lay, vintage speakeasy style. High-quality photo of a Applecar, served in a cocktail glass, featuring Fruité, sucré notes. Made with Applejack, Triple sec, Lemon juice. Instructions: Shake all ingredients with ice, strain into a cocktail glass, and serve.. Garnished with a fresh fruit slice, placed on a dark wooden bar counter, moody lighting --v 5"
Paradise,"Flat lay, vintage speakeasy style. High-quality photo of a Paradise, served in a cocktail glass, featuring Fruité, sucré notes. Made with Gin, Apricot Brandy, Orange Juice. Instructions: Shake together over ice. Strain into cocktail glass and serve chilled.. Garnished with a fresh fruit slice, placed on a dark wooden bar counter, moody lighting --v 5"
Acapulco,"Flat lay, vintage speakeasy style. High-quality photo of a Acapulco, served in a cocktail glass, featuring Acide, sucré notes. Made with Light rum, Triple sec, Lime juice, Sugar, Egg white, Mint. Instructions: Combine and shake all ingredients (except mint) with ice and strain into an old-fashioned glass over ice cubes. Add the sprig of mint and serve.. Garnished with a minimalist garnish, placed on a dark wooden bar counter, moody lighting --v 5"
Pink Gin,"Flat lay, vintage speakeasy style. High-quality photo of a Pink Gin, served in a cocktail glass, featuring Fruité notes. Made with Bitters, Gin. Instructions: Pour the bitters into a wine glass. Swirl the glass to coat the inside with the bitters, shake out the excess. Pour the gin into the glass. Do not add ice.. Garnished with a fresh fruit slice, placed on a dark wooden bar counter, moody lighting --v 5"
Spice 75,"Flat lay, vintage speakeasy style. High-quality photo of a Spice 75, served in a cocktail glass, featuring Acide, sucré notes. Made with Sugar, Allspice, Rum, Lime Juice, Champagne, Orange spiral. Instructions: Gently warm 60g golden caster sugar in a pan with 30ml water and 1 tbsp allspice. Cook gently until the sugar has dissolved, then leave the mixture to cool. Strain through a sieve lined with a coffee filter (or a double layer of kitchen paper).

Pour 60ml of the spiced syrup into a cocktail shaker along with 200ml rum and 90ml lime juice. Shake with ice and strain between six flute glasses. Top up with 600ml champagne and garnish each with an orange twist.. Garnished with a minimalist garnish, placed on a dark wooden bar counter, moody lighting --v 5"
Pegu Club,"Flat lay, vintage speakeasy style. High-quality photo of a Pegu Club, served in a cocktail glass, featuring Acide, sucré notes. Made with Gin, Orange Curacao, Lime Juice, Angostura Bitters, Orange Bitters. Instructions: Shake, strain, up, cocktail glass. Garnished with a minimalist garnish, placed on a dark wooden bar counter, moody lighting --v 5"
Pink Moon,"Flat lay, vintage speakeasy style. High-quality photo of a Pink Moon, served in a cocktail glass, featuring Acide, sucré, sucré notes. Made with Gin, Coconut Liqueur, Elderflower cordial, Lime Juice, Blackberries. Instructions: Slowly shake in a shaker with ice, strain into a square whiskey glass. Top with fresh ice. Add the blackberries to garnish. Add flowers and a green leaf for a special look!. Garnished with a minimalist garnish, placed on a dark wooden bar counter, moody lighting --v 5"
Pink Lady,"Flat lay, vintage speakeasy style. High-quality photo of a Pink Lady, served in a cocktail glass, featuring Fruité, sucré, sucré notes. Made with Gin, Grenadine, Light cream, Egg white. Instructions: Shake all ingredients with ice, strain into a cocktail glass, and serve.. Garnished with a fresh fruit slice, placed on a dark wooden bar counter, moody lighting --v 5"
Applejack,"Flat lay, vintage speakeasy style. High-quality photo of a Applejack, served in a cocktail glass, featuring Fruité, sucré, sucré notes. Made with Jack Daniels, Midori melon liqueur, Sour mix. Instructions: Add all ingredients into mixing glass, chill and strain into cocktail glass. Garnished with a fresh fruit slice, placed on a dark wooden bar counter, moody lighting --v 5"
Tipperary,"Flat lay, vintage speakeasy style. High-quality photo of a Tipperary, served in a cocktail glass, featuring Amer, sucré notes. Made with Irish Whiskey, Sweet Vermouth, Green Chartreuse. Instructions: Stir over ice. Strain into chilled glass. Cut a wide swath of orange peel, and express the orange oils over the drink. Discard orange twist.. Garnished with a minimalist garnish, placed on a dark wooden bar counter, moody lighting --v 5"
Rum Punch,"Flat lay, vintage speakeasy style. High-quality photo of a Rum Punch, served in a cocktail glass, featuring Fruité, épicé, sucré, épicé notes. Made with Rum, Ginger ale, Fruit punch, Orange juice, Ice. Instructions: Mix all ingredients in a punch bowl and serve.. Garnished with a fresh fruit slice, placed on a dark wooden bar counter, moody lighting --v 5"
Archbishop,"Flat lay, vintage speakeasy style. High-quality photo of a Archbishop, served in a cocktail glass, featuring Acide notes. Made with Gin, Wine, Benedictine, Lime. Instructions: In an old-fashioned glass almost filled with ice cubes, combine all of the ingredients. Stir well.. Garnished with a minimalist garnish, placed on a dark wooden bar counter, moody lighting --v 5"
Zipperhead,"Flat lay, vintage speakeasy style. High-quality photo of a Zipperhead, served in a cocktail glass, featuring Fruité, sucré, sucré notes. Made with Chambord raspberry liqueur, Vodka, Soda water. Instructions: Fill glass with rocks, add straw before putting in liquor. Then add the ingredients in order, trying to keep layered as much as possible (i.e. Chambord on bottom, then Vodka, Then soda on top).. Garnished with a fresh fruit slice, placed on a dark wooden bar counter, moody lighting --v 5"
Wine Punch,"Flat lay, vintage speakeasy style. High-quality photo of a Wine Punch, served in a cocktail glass, featuring Fruité, sucré notes. Made with Red wine, Lemon, Orange juice, Orange, Pineapple juice. Instructions: Combine all of the ingredients and pour over a block of ice.. Garnished with a fresh fruit slice, placed on a dark wooden bar counter, moody lighting --v 5"
Lemon Drop,"Flat lay, vintage speakeasy style. High-quality photo of a Lemon Drop, served in a cocktail glass, featuring Fruité notes. Made with Vodka, Cointreau, Lemon. Instructions: Shake and strain into a chilled cocktail glass rimmed with sugar.. Garnished with a fresh fruit slice, placed on a dark wooden bar counter, moody lighting --v 5"
Porto flip,"Flat lay, vintage speakeasy style. High-quality photo of a Porto flip, served in a cocktail glass, featuring Fruité notes. Made with Brandy, Port, Egg Yolk. Instructions: Shake ingredients together in a mixer with ice. Strain into glass, garnish and serve.. Garnished with a fresh fruit slice, placed on a dark wooden bar counter, moody lighting --v 5"
Quentin,"Flat lay, vintage speakeasy style. High-quality photo of a Quentin, served in a cocktail glass, featuring Fruité, épicé, épicé notes. Made with Dark rum, Kahlua, Light cream, Nutmeg. Instructions: In a shaker half-filled with ice cubes, combine the rum, Kahlua, and cream. Shake well. Strain into a cocktail glass and garnish with the nutmeg.. Garnished with a fresh fruit slice, placed on a dark wooden bar counter, moody lighting --v 5"
Daiquiri,"Flat lay, vintage speakeasy style. High-quality photo of a Daiquiri, served in a coupette glass, featuring Acide, sucré notes. Made with Light rum, Lime, Powdered sugar. Instructions: Pour all ingredients into shaker with ice cubes. Shake well. Strain in chilled cocktail glass.. Garnished with a minimalist garnish, placed on a dark wooden bar counter, moody lighting --v 5"
Algonquin,"Flat lay, vintage speakeasy style. High-quality photo of a Algonquin, served in a cocktail glass, featuring Amer, sucré notes. Made with Blended whiskey, Dry Vermouth, Pineapple juice. Instructions: Combine and shake all ingredients with ice, strain contents into a cocktail glass, and serve.. Garnished with a minimalist garnish, placed on a dark wooden bar counter, moody lighting --v 5"
Mauresque,"Flat lay, vintage speakeasy style. High-quality photo of a Mauresque, served in a cocktail glass, featuring Fruité, sucré notes. Made with Ricard, Orgeat Syrup, Water. Instructions: 1 - Pour the Ricard (or pastis)
2 - Pour the orgeat syrup
3 - Finally pour the water and add ice cubes at your convenience.

Add the ice cubes at the end, otherwise the syrup and pastis do not mix well.. Garnished with a fresh fruit slice, placed on a dark wooden bar counter, moody lighting --v 5"
Queen Bee,"Flat lay, vintage speakeasy style. High-quality photo of a Queen Bee, served in a cocktail glass, featuring Acide notes. Made with Coffee brandy, Lime vodka, Sherry. Instructions: Shake all ingredients with ice, strain into a cocktail glass, and serve.. Garnished with a minimalist garnish, placed on a dark wooden bar counter, moody lighting --v 5"
Quick-sand,"Flat lay, vintage speakeasy style. High-quality photo of a Quick-sand, served in a cocktail glass, featuring Fruité, sucré notes. Made with Black Sambuca, Orange juice. Instructions: Simply add the orange juice, quite a quick pour in order to mix the sambucca with the orange juice. The juice MUST have fruit pulp!. Garnished with a fresh fruit slice, placed on a dark wooden bar counter, moody lighting --v 5"
Gin Squirt,"Flat lay, vintage speakeasy style. High-quality photo of a Gin Squirt, served in a cocktail glass, featuring Fruité, sucré, sucré notes. Made with Gin, Grenadine, Powdered sugar, Pineapple, Strawberries, Carbonated water. Instructions: Stir gin, grenadine, and powdered sugar with ice and strain into a highball glass over ice cubes. Fill with carbonated water and stir. Decorate with the pineapple chunks and the strawberries and serve.. Garnished with a fresh fruit slice, placed on a dark wooden bar counter, moody lighting --v 5"
Aquamarine,"Flat lay, vintage speakeasy style. High-quality photo of a Aquamarine, served in a cocktail glass, featuring Fruité, sucré, sucré notes. Made with Hpnotiq, Pineapple Juice, Banana Liqueur. Instructions: Shake well in a shaker with ice.
Strain in a martini glass.. Garnished with a fresh fruit slice, placed on a dark wooden bar counter, moody lighting --v 5"
Quick F**K,"Flat lay, vintage speakeasy style. High-quality photo of a Quick F**K, served in a cocktail glass, featuring Crémeux, sucré, sucré notes. Made with Kahlua, Midori melon liqueur, Baileys irish cream. Instructions: In a shot glass add 1/3 Kahlua first. Then 1/3 Miduri, topping it off with a 1/3 bailey's irish cream. Garnished with a minimalist garnish, placed on a dark wooden bar counter, moody lighting --v 5"
Tequila Fizz,"Flat lay, vintage speakeasy style. High-quality photo of a Tequila Fizz, served in a cocktail glass, featuring Fruité, sucré, épicé, sucré, épicé notes. Made with Tequila, Lemon juice, Grenadine, Egg white, Ginger ale. Instructions: Shake all ingredients (except ginger ale) with ice and strain into a collins glass over ice cubes. Fill with ginger ale, stir, and serve.. Garnished with a fresh fruit slice, placed on a dark wooden bar counter, moody lighting --v 5"
Tequila Sour,"Flat lay, vintage speakeasy style. High-quality photo of a Tequila Sour, served in a cocktail glass, featuring Fruité, sucré notes. Made with Tequila, Lemon, Powdered sugar, Lemon, Cherry. Instructions: Shake tequila, juice of lemon, and powdered sugar with ice and strain into a whiskey sour glass. Add the half-slice of lemon, top with the cherry, and serve.. Garnished with a fresh fruit slice, placed on a dark wooden bar counter, moody lighting --v 5"
Kiss me Quick,"Flat lay, vintage speakeasy style. High-quality photo of a Kiss me Quick, served in a cocktail glass, featuring Fruité, sucré notes. Made with Cranberry vodka, Apfelkorn, Schweppes Russchian, Apple juice, Ice. Instructions: mix in the glass. Garnished with a fresh fruit slice, placed on a dark wooden bar counter, moody lighting --v 5"
Coffee Liqueur,"Flat lay, vintage speakeasy style. High-quality photo of a Coffee Liqueur, served in a cocktail glass, featuring Fruité, sucré notes. Made with Coffee, Vanilla extract, Sugar, Vodka, Water. Instructions: Combine coffee, sugar and water. Simmer 1 hour and let cool. Add vanilla and vodka. Age in sealed jar 2 to 3 weeks.. Garnished with a fresh fruit slice, placed on a dark wooden bar counter, moody lighting --v 5"
Banana Daiquiri,"Flat lay, vintage speakeasy style. High-quality photo of a Banana Daiquiri, served in a cocktail glass, featuring Acide, sucré notes. Made with Light rum, Triple sec, Banana, Lime juice, Sugar, Cherry. Instructions: Pour all ingredients into shaker with ice cubes. Shake well. Strain in chilled cocktail glass.. Garnished with a minimalist garnish, placed on a dark wooden bar counter, moody lighting --v 5"
Frozen Daiquiri,"Flat lay, vintage speakeasy style. High-quality photo of a Frozen Daiquiri, served in a cocktail glass, featuring Acide, sucré notes. Made with Light rum, Triple sec, Lime juice, Sugar, Cherry, Ice. Instructions: Combine all ingredients (except for the cherry) in an electric blender and blend at a low speed for five seconds, then blend at a high speed until firm. Pour contents into a champagne flute, top with the cherry, and serve.. Garnished with a minimalist garnish, placed on a dark wooden bar counter, moody lighting --v 5"
Queen Charlotte,"Flat lay, vintage speakeasy style. High-quality photo of a Queen Charlotte, served in a cocktail glass, featuring Acide, sucré, sucré notes. Made with Red wine, Grenadine, Lemon-lime soda. Instructions: Pour red wine and grenadine into a collins glass over ice cubes. Fill with lemon-lime soda, stir, and serve.. Garnished with a minimalist garnish, placed on a dark wooden bar counter, moody lighting --v 5"
Queen Elizabeth,"Flat lay, vintage speakeasy style. High-quality photo of a Queen Elizabeth, served in a cocktail glass, featuring Amer notes. Made with Dry Vermouth, Gin, Benedictine. Instructions: Stir all ingredients with ice, strain into a cocktail glass, and serve.. Garnished with a minimalist garnish, placed on a dark wooden bar counter, moody lighting --v 5"
Tequila Slammer,"Flat lay, vintage speakeasy style. High-quality photo of a Tequila Slammer, served in a cocktail glass, featuring Fruité notes. Made with Tequila, 7-up. Instructions: Mix carefully to avoid releasing the dissolved CO2.. Garnished with a fresh fruit slice, placed on a dark wooden bar counter, moody lighting --v 5"
Tequila Sunrise,"Flat lay, vintage speakeasy style. High-quality photo of a Tequila Sunrise, served in a cocktail glass, featuring Fruité, sucré, sucré notes. Made with Tequila, Orange juice, Grenadine. Instructions: Pour the tequila and orange juice into glass over ice. Add the grenadine, which will sink to the bottom. Stir gently to create the sunrise effect. Garnish and serve.. Garnished with a fresh fruit slice, placed on a dark wooden bar counter, moody lighting --v 5"
Amaretto Liqueur,"Flat lay, vintage speakeasy style. High-quality photo of a Amaretto Liqueur, served in a cocktail glass, featuring Fruité, sucré notes. Made with Sugar, Water, Apricot, Almond flavoring, Grain alcohol, Water, Brandy, Food coloring, Food coloring, Food coloring, Glycerine. Instructions: Combine sugar and 3/4 cup water in a small saucepan. Bring to a boil, stirring constantly. Reduce heat and simmer until all sugar is dissolved. Remove from heat and cool. In an aging container, combine apricot halves, almond extract, grain alcohol with 1/2 cup water, and brandy. Stir in cooled sugar syrup mixture. Cap and let age for 2 days. Remove apricot halves. (Save apricot halves, can be used for cooking). Add food coloring and glycerine. Stir, recap and continue aging for 1 to 2 months. Re-bottle as desired. Liqueur is ready to serve but will continue to improve with additional aging.. Garnished with a fresh fruit slice, placed on a dark wooden bar counter, moody lighting --v 5"
Angelica Liqueur,"Flat lay, vintage speakeasy style. High-quality photo of a Angelica Liqueur, served in a cocktail glass, featuring Fruité, épicé, sucré, épicé notes. Made with Angelica root, Almond, Allspice, Cinnamon, Anise, Coriander, Marjoram leaves, Vodka, Sugar, Water, Food coloring, Food coloring. Instructions: Combine all herbs, nuts and spices with vodka in a 1 quart or larger aging container. Cap tightly and shake daily for 2 weeks. Strain through a fine muslin cloth or coffee filter, discarding solids. Clean out aging container. Place liquid back in container. Place sugar and water in saucepan and stir to combine over medium heat. When sugar is completely dissolved, set aside and let cool. When cool combine with food coloring and add to liqueur liquid. Cap and allow to age and mellow in a cool, dark place for one month.. Garnished with a fresh fruit slice, placed on a dark wooden bar counter, moody lighting --v 5"
Tequila Surprise,"Flat lay, vintage speakeasy style. High-quality photo of a Tequila Surprise, served in a cocktail glass, featuring Fruité notes. Made with Tequila, Tabasco sauce. Instructions: Fill shot glass with Tequila. Add drops of Tobasco sauce.. Garnished with a fresh fruit slice, placed on a dark wooden bar counter, moody lighting --v 5"
Quaker's Cocktail,"Flat lay, vintage speakeasy style. High-quality photo of a Quaker's Cocktail, served in a cocktail glass, featuring Fruité, sucré notes. Made with Light rum, Brandy, Lemon, Raspberry syrup. Instructions: Shake all ingredients with ice, strain into a cocktail glass, and serve.. Garnished with a fresh fruit slice, placed on a dark wooden bar counter, moody lighting --v 5"
National Aquarium,"Flat lay, vintage speakeasy style. High-quality photo of a National Aquarium, served in a cocktail glass, featuring Acide notes. Made with Rum, Vodka, Gin, Blue Curacao, Sour mix, Lemon-lime soda. Instructions: Pour all ingredients into a shaker of ice. Shake well. Serve on the rocks.. Garnished with a minimalist garnish, placed on a dark wooden bar counter, moody lighting --v 5"
Strawberry Daiquiri,"Flat lay, vintage speakeasy style. High-quality photo of a Strawberry Daiquiri, served in a cocktail glass, featuring Acide, sucré notes. Made with Strawberry schnapps, Light rum, Lime juice, Powdered sugar, Strawberries. Instructions: Pour all ingredients into shaker with ice cubes. Shake well. Strain in chilled cocktail glass.. Garnished with a minimalist garnish, placed on a dark wooden bar counter, moody lighting --v 5"
Kir,"Flat lay, vintage speakeasy style. High-quality photo of a Kir, served in a cocktail glass, featuring Crémeux notes. Made with Creme de Cassis, Champagne. Instructions: Add the crème de cassis to the bottom of the glass, then top up with wine.. Garnished with a minimalist garnish, placed on a dark wooden bar counter, moody lighting --v 5"
Rose,"Flat lay, vintage speakeasy style. High-quality photo of a Rose, served in a cocktail glass, featuring Amer, sucré, sucré notes. Made with Dry Vermouth, Gin, Apricot brandy, Lemon juice, Grenadine, Powdered sugar. Instructions: Shake together in a cocktail shaker, then strain into chilled glass. Garnish and serve.. Garnished with a minimalist garnish, placed on a dark wooden bar counter, moody lighting --v 5"
Derby,"Flat lay, vintage speakeasy style. High-quality photo of a Derby, served in a cocktail glass, featuring Fruité notes. Made with gin, Peach Bitters, Mint. Instructions: Pour all ingredients into a mixing glass with ice. Stir. Strain into a cocktail glass. Garnish with a sprig of fresh mint in the drink.. Garnished with a fresh fruit slice, placed on a dark wooden bar counter, moody lighting --v 5"
Zorro,"Flat lay, vintage speakeasy style. High-quality photo of a Zorro, served in a cocktail glass, featuring Herbacé notes. Made with Sambuca, Baileys irish cream, White Creme de Menthe. Instructions: add all and pour black coffee and add whipped cream on top.. Garnished with a minimalist garnish, placed on a dark wooden bar counter, moody lighting --v 5"
Karsk,"Flat lay, vintage speakeasy style. High-quality photo of a Karsk, served in a cocktail glass, featuring Fruité notes. Made with Coffee, Grain alcohol. Instructions: Put a copper coin in a coffe-cup and fill up with coffee until you no longer see the coin, then add alcohol until you see the coin. Norwegian speciality.. Garnished with a fresh fruit slice, placed on a dark wooden bar counter, moody lighting --v 5"
Affair,"Flat lay, vintage speakeasy style. High-quality photo of a Affair, served in a cocktail glass, featuring Fruité, sucré notes. Made with Strawberry schnapps, Orange juice, Cranberry juice, Club soda. Instructions: Pour schnapps, orange juice, and cranberry juice over ice in a highball glass. Top with club soda and serve.. Garnished with a fresh fruit slice, placed on a dark wooden bar counter, moody lighting --v 5"
Orgasm,"Flat lay, vintage speakeasy style. High-quality photo of a Orgasm, served in a cocktail glass, featuring Crémeux notes. Made with Creme de Cacao, Amaretto, Triple sec, Vodka, Light cream. Instructions: Shake all ingredients with ice, strain into a chilled cocktail glass, and serve.. Garnished with a minimalist garnish, placed on a dark wooden bar counter, moody lighting --v 5"
Frosé,"Flat lay, vintage speakeasy style. High-quality photo of a Frosé, served in a cocktail glass, featuring Floral, sucré notes. Made with Rose, Sugar, Strawberries, Lemon Juice. Instructions: Step 1
Pour rosé into a 13x9"" pan and freeze until almost solid (it won't completely solidify due to the alcohol), at least 6 hours.

Step 2
Meanwhile, bring sugar and ½ cup water to a boil in a medium saucepan; cook, stirring constantly, until sugar dissolves, about 3 minutes. Add strawberries, remove from heat, and let sit 30 minutes to infuse syrup with strawberry flavor. Strain through a fine-mesh sieve into a small bowl (do not press on solids); cover and chill until cold, about 30 minutes.

Step 3
Scrape rosé into a blender. Add lemon juice, 3½ ounces strawberry syrup, and 1 cup crushed ice and purée until smooth. Transfer blender jar to freezer and freeze until frosé is thickened (aim for milkshake consistency), 25–35 minutes.

Step 4
Blend again until frosé is slushy. Divide among glasses.

Step 5
Do Ahead: Rosé can be frozen 1 week ahead.. Garnished with a minimalist garnish, placed on a dark wooden bar counter, moody lighting --v 5"
Victor,"Flat lay, vintage speakeasy style. High-quality photo of a Victor, served in a cocktail glass, featuring Amer, sucré notes. Made with Gin, Sweet Vermouth, Brandy. Instructions: Shake all ingredients with ice, strain into a cocktail glass, and serve.. Garnished with a minimalist garnish, placed on a dark wooden bar counter, moody lighting --v 5"
Zinger,"Flat lay, vintage speakeasy style. High-quality photo of a Zinger, served in a cocktail glass, featuring Fruité notes. Made with Peachtree schnapps, Surge. Instructions: Get a shot glass and pour in three shots of the schnapps. Do the same with the Surge Cola. Then down it like Scheetz would.. Garnished with a fresh fruit slice, placed on a dark wooden bar counter, moody lighting --v 5"
Vesper,"Flat lay, vintage speakeasy style. High-quality photo of a Vesper, served in a cocktail glass, featuring Fruité notes. Made with Gin, Vodka, Lillet Blanc. Instructions: Shake over ice until well chilled, then strain into a deep goblet and garnish with a thin slice of lemon peel.. Garnished with a fresh fruit slice, placed on a dark wooden bar counter, moody lighting --v 5"
Radler,"Flat lay, vintage speakeasy style. High-quality photo of a Radler, served in a cocktail glass, featuring Fruité notes. Made with Beer, 7-Up. Instructions: Pour beer into large mug, slowly add the 7-up (or Sprite).. Garnished with a fresh fruit slice, placed on a dark wooden bar counter, moody lighting --v 5"
Spritz,"Flat lay, vintage speakeasy style. High-quality photo of a Spritz, served in a cocktail glass, featuring Amer notes. Made with Prosecco, Campari, Soda Water. Instructions: Build into glass over ice, garnish and serve.. Garnished with a minimalist garnish, placed on a dark wooden bar counter, moody lighting --v 5"
Boxcar,"Flat lay, vintage speakeasy style. High-quality photo of a Boxcar, served in a cocktail glass, featuring Fruité, sucré, sucré notes. Made with Gin, Triple sec, Lemon juice, Grenadine, Egg white. Instructions: In a shaker half-filled with ice cubes, combine all of the ingredients. Shake well. Strain into a sour glass.. Garnished with a fresh fruit slice, placed on a dark wooden bar counter, moody lighting --v 5"
Veteran,"Flat lay, vintage speakeasy style. High-quality photo of a Veteran, served in a cocktail glass, featuring Fruité notes. Made with Dark rum, Cherry brandy. Instructions: Pour the rum and cherry brandy into an old-fashioned glass almost filled with ice cubes. Stir well.. Garnished with a fresh fruit slice, placed on a dark wooden bar counter, moody lighting --v 5"
Sidecar,"Flat lay, vintage speakeasy style. High-quality photo of a Sidecar, served in a cocktail glass, featuring Fruité, sucré notes. Made with Cognac, Cointreau, Lemon juice. Instructions: Pour all ingredients into cocktail shaker filled with ice. Shake well and strain into cocktail glass.. Garnished with a fresh fruit slice, placed on a dark wooden bar counter, moody lighting --v 5"
Vampiro,"Flat lay, vintage speakeasy style. High-quality photo of a Vampiro, served in a cocktail glass, featuring Acide, sucré, salé notes. Made with Tequila, Tomato Juice, Orange Juice, Lime Juice, Sugar Syrup, Salt. Instructions: Vampiros may be made in a tall glass or an old fashioned glass. Bartenders may first ""rim"" the glass with Kosher Salt, which is done by placing a layer of Kosher Salt on a chopping board, moistening the glass' rim with lime juice or water, and then placing the upside down glass rim onto the Kosher Salt, so that the salt sticks to the moistened rim. The second step is to fill half the glass with ice and add one or two shooter glasses full of high quality Tequila. The next stage is to add the flavouring elements. This is done by squeezing a fresh lime into the glass, adding a few grains of salt, adding citrus-flavoured soda pop, until the glass is 4/5 full, and then adding spicy Viuda de Sanchez (or orange juice, lime juice and pico de gallo). The final step is to stir the ingredients so that the flavours are properly blended.. Garnished with a minimalist garnish, placed on a dark wooden bar counter, moody lighting --v 5"
Zambeer,"Flat lay, vintage speakeasy style. High-quality photo of a Zambeer, served in a cocktail glass, featuring Fruité notes. Made with Sambuca, Root beer, Ice. Instructions: Mix sambuca with rootbeer and stir. Add ice. Garnished with a fresh fruit slice, placed on a dark wooden bar counter, moody lighting --v 5"
Scooter,"Flat lay, vintage speakeasy style. High-quality photo of a Scooter, served in a cocktail glass, featuring Fruité notes. Made with Brandy, Amaretto, Light cream. Instructions: Shake all ingredients well with cracked ice, strain into a cocktail glass, and serve.. Garnished with a fresh fruit slice, placed on a dark wooden bar counter, moody lighting --v 5"
Big Red,"Flat lay, vintage speakeasy style. High-quality photo of a Big Red, served in a cocktail glass, featuring Fruité notes. Made with Irish cream, Goldschlager. Instructions: Pour ingredients into 1 ounce shot glass. Garnished with a fresh fruit slice, placed on a dark wooden bar counter, moody lighting --v 5"
Almeria,"Flat lay, vintage speakeasy style. High-quality photo of a Almeria, served in a cocktail glass, featuring Fruité notes. Made with Dark rum, Kahlua, Egg white. Instructions: In a shaker half-filled with ice cubes, combine all of the ingredients. Shake well. Strain into a cocktail glass.. Garnished with a fresh fruit slice, placed on a dark wooden bar counter, moody lighting --v 5"
Bramble,"Flat lay, vintage speakeasy style. High-quality photo of a Bramble, served in a cocktail glass, featuring Crémeux, sucré notes. Made with Gin, lemon juice, Sugar syrup, Creme de Mure. Instructions: Fill glass with crushed ice. Build gin, lemon juice and simple syrup over. Stir, and then pour blackberry liqueur over in a circular fashion to create marbling effect. Garnish with two blackberries and lemon slice.. Garnished with a minimalist garnish, placed on a dark wooden bar counter, moody lighting --v 5"
Stinger,"Flat lay, vintage speakeasy style. High-quality photo of a Stinger, served in a cocktail glass, featuring Herbacé notes. Made with Brandy, White Creme de Menthe. Instructions: Pour in a mixing glass with ice, stir and strain into a cocktail glass. May also be served on rocks in a rocks glass.. Garnished with a minimalist garnish, placed on a dark wooden bar counter, moody lighting --v 5"
Sazerac,"Flat lay, vintage speakeasy style. High-quality photo of a Sazerac, served in a cocktail glass, featuring Fumé, sucré notes. Made with Ricard, Sugar, Peychaud bitters, Water, Bourbon, Lemon peel. Instructions: Rinse a chilled old-fashioned glass with the absinthe, add crushed ice, and set it aside. Stir the remaining ingredients over ice and set it aside. Discard the ice and any excess absinthe from the prepared glass, and strain the drink into the glass. Add the lemon peel for garnish.. Garnished with a minimalist garnish, placed on a dark wooden bar counter, moody lighting --v 5"
Martini,"Flat lay, vintage speakeasy style. High-quality photo of a Martini, served in a martini glass, featuring Amer, salé, salé notes. Made with Gin, Dry Vermouth, Olive. Instructions: Straight: Pour all ingredients into mixing glass with ice cubes. Stir well. Strain in chilled martini cocktail glass. Squeeze oil from lemon peel onto the drink, or garnish with olive.. Garnished with a minimalist garnish, placed on a dark wooden bar counter, moody lighting --v 5"
Smut,"Flat lay, vintage speakeasy style. High-quality photo of a Smut, served in a cocktail glass, featuring Fruité, sucré notes. Made with Red wine, Peach schnapps, Pepsi Cola, Orange juice. Instructions: Throw it all together and serve real cold.. Garnished with a fresh fruit slice, placed on a dark wooden bar counter, moody lighting --v 5"
Rose,"Flat lay, vintage speakeasy style. High-quality photo of a Rose, served in a cocktail glass, featuring Amer, sucré, sucré notes. Made with Dry Vermouth, Gin, Apricot brandy, Lemon juice, Grenadine, Powdered sugar. Instructions: Shake together in a cocktail shaker, then strain into chilled glass. Garnish and serve.. Garnished with a minimalist garnish, placed on a dark wooden bar counter, moody lighting --v 5"
Karsk,"Flat lay, vintage speakeasy style. High-quality photo of a Karsk, served in a cocktail glass, featuring Fruité notes. Made with Coffee, Grain alcohol. Instructions: Put a copper coin in a coffe-cup and fill up with coffee until you no longer see the coin, then add alcohol until you see the coin. Norwegian speciality.. Garnished with a fresh fruit slice, placed on a dark wooden bar counter, moody lighting --v 5"
Zoksel,"Flat lay, vintage speakeasy style. High-quality photo of a Zoksel, served in a cocktail glass, featuring Crémeux notes. Made with Beer, Root beer, Lemonade, Coca-Cola, 7-Up, Creme de Cassis, Lemon. Instructions: No specific mixing instructions, just poor every ingredient in one glass. The lemon goes with it.. Garnished with a minimalist garnish, placed on a dark wooden bar counter, moody lighting --v 5"
Diesel,"Flat lay, vintage speakeasy style. High-quality photo of a Diesel, served in a cocktail glass, featuring Fruité notes. Made with Lager, Cider, Blackcurrant cordial. Instructions: Pour the lager first then add the blackcurrant cordial. Top up with the cider. The colour sholud be very dark approaching the colour of Guiness.. Garnished with a fresh fruit slice, placed on a dark wooden bar counter, moody lighting --v 5"
Mimosa,"Flat lay, vintage speakeasy style. High-quality photo of a Mimosa, served in a cocktail glass, featuring Fruité, sucré notes. Made with Champagne, Orange juice. Instructions: Ensure both ingredients are well chilled, then mix into the glass. Serve cold.. Garnished with a fresh fruit slice, placed on a dark wooden bar counter, moody lighting --v 5"
Frosé,"Flat lay, vintage speakeasy style. High-quality photo of a Frosé, served in a cocktail glass, featuring Floral, sucré notes. Made with Rose, Sugar, Strawberries, Lemon Juice. Instructions: Step 1
Pour rosé into a 13x9"" pan and freeze until almost solid (it won't completely solidify due to the alcohol), at least 6 hours.

Step 2
Meanwhile, bring sugar and ½ cup water to a boil in a medium saucepan; cook, stirring constantly, until sugar dissolves, about 3 minutes. Add strawberries, remove from heat, and let sit 30 minutes to infuse syrup with strawberry flavor. Strain through a fine-mesh sieve into a small bowl (do not press on solids); cover and chill until cold, about 30 minutes.

Step 3
Scrape rosé into a blender. Add lemon juice, 3½ ounces strawberry syrup, and 1 cup crushed ice and purée until smooth. Transfer blender jar to freezer and freeze until frosé is thickened (aim for milkshake consistency), 25–35 minutes.

Step 4
Blend again until frosé is slushy. Divide among glasses.

Step 5
Do Ahead: Rosé can be frozen 1 week ahead.. Garnished with a minimalist garnish, placed on a dark wooden bar counter, moody lighting --v 5"
Casino,"Flat lay, vintage speakeasy style. High-quality photo of a Casino, served in a cocktail glass, featuring Fruité, sucré, sucré notes. Made with Gin, Maraschino liqueur, Lemon juice, Orange bitters, Cherry. Instructions: Pour all ingredients into shaker with ice cubes. Shake well. Strain into chilled cocktail glass. Garnish with a lemon twist and a maraschino cherry. Serve without a straw.. Garnished with a fresh fruit slice, placed on a dark wooden bar counter, moody lighting --v 5"
Orgasm,"Flat lay, vintage speakeasy style. High-quality photo of a Orgasm, served in a cocktail glass, featuring Crémeux notes. Made with Creme de Cacao, Amaretto, Triple sec, Vodka, Light cream. Instructions: Shake all ingredients with ice, strain into a chilled cocktail glass, and serve.. Garnished with a minimalist garnish, placed on a dark wooden bar counter, moody lighting --v 5"
Spritz,"Flat lay, vintage speakeasy style. High-quality photo of a Spritz, served in a cocktail glass, featuring Amer notes. Made with Prosecco, Campari, Soda Water. Instructions: Build into glass over ice, garnish and serve.. Garnished with a minimalist garnish, placed on a dark wooden bar counter, moody lighting --v 5"
Vesper,"Flat lay, vintage speakeasy style. High-quality photo of a Vesper, served in a cocktail glass, featuring Fruité notes. Made with Gin, Vodka, Lillet Blanc. Instructions: Shake over ice until well chilled, then strain into a deep goblet and garnish with a thin slice of lemon peel.. Garnished with a fresh fruit slice, placed on a dark wooden bar counter, moody lighting --v 5"
Snowday,"Flat lay, vintage speakeasy style. High-quality photo of a Snowday, served in a cocktail glass, featuring Amer notes. Made with Vodka, Amaro Montenegro, Ruby Port, Blood Orange, Angostura Bitters, Orange Peel. Instructions: Stir all ingredients with ice. Strain into a chilled rocks glass over fresh ice. Express orange peel over drink and garnish.. Garnished with a minimalist garnish, placed on a dark wooden bar counter, moody lighting --v 5"
Sazerac,"Flat lay, vintage speakeasy style. High-quality photo of a Sazerac, served in a cocktail glass, featuring Fumé, sucré notes. Made with Ricard, Sugar, Peychaud bitters, Water, Bourbon, Lemon peel. Instructions: Rinse a chilled old-fashioned glass with the absinthe, add crushed ice, and set it aside. Stir the remaining ingredients over ice and set it aside. Discard the ice and any excess absinthe from the prepared glass, and strain the drink into the glass. Add the lemon peel for garnish.. Garnished with a minimalist garnish, placed on a dark wooden bar counter, moody lighting --v 5"
Vesuvio,"Flat lay, vintage speakeasy style. High-quality photo of a Vesuvio, served in a cocktail glass, featuring Amer, sucré notes. Made with Light rum, Sweet Vermouth, Lemon, Powdered sugar, Egg white. Instructions: Shake all ingredients with ice, strain into an old-fashioned glass over ice cubes, and serve.. Garnished with a minimalist garnish, placed on a dark wooden bar counter, moody lighting --v 5"
Sangria,"Flat lay, vintage speakeasy style. High-quality photo of a Sangria, served in a cocktail glass, featuring Fruité, épicé, sucré, épicé notes. Made with Red wine, Sugar, Orange juice, Lemon juice, Cloves, Cinnamon. Instructions: Mix all together in a pitcher and refrigerate. Add cloves and cinnamon sticks to taste. Serve in wine glasses.. Garnished with a fresh fruit slice, placed on a dark wooden bar counter, moody lighting --v 5"
Scooter,"Flat lay, vintage speakeasy style. High-quality photo of a Scooter, served in a cocktail glass, featuring Fruité notes. Made with Brandy, Amaretto, Light cream. Instructions: Shake all ingredients well with cracked ice, strain into a cocktail glass, and serve.. Garnished with a fresh fruit slice, placed on a dark wooden bar counter, moody lighting --v 5"
Stinger,"Flat lay, vintage speakeasy style. High-quality photo of a Stinger, served in a cocktail glass, featuring Herbacé notes. Made with Brandy, White Creme de Menthe. Instructions: Pour in a mixing glass with ice, stir and strain into a cocktail glass. May also be served on rocks in a rocks glass.. Garnished with a minimalist garnish, placed on a dark wooden bar counter, moody lighting --v 5"
Addison,"Flat lay, vintage speakeasy style. High-quality photo of a Addison, served in a cocktail glass, featuring Amer notes. Made with Gin, Vermouth. Instructions: Shake together all the ingredients and strain into a cold glass.. Garnished with a minimalist garnish, placed on a dark wooden bar counter, moody lighting --v 5"
Sidecar,"Flat lay, vintage speakeasy style. High-quality photo of a Sidecar, served in a cocktail glass, featuring Fruité, sucré notes. Made with Cognac, Cointreau, Lemon juice. Instructions: Pour all ingredients into cocktail shaker filled with ice. Shake well and strain into cocktail glass.. Garnished with a fresh fruit slice, placed on a dark wooden bar counter, moody lighting --v 5"
Paradise,"Flat lay, vintage speakeasy style. High-quality photo of a Paradise, served in a cocktail glass, featuring Fruité, sucré notes. Made with Gin, Apricot Brandy, Orange Juice. Instructions: Shake together over ice. Strain into cocktail glass and serve chilled.. Garnished with a fresh fruit slice, placed on a dark wooden bar counter, moody lighting --v 5"
Snowball,"Flat lay, vintage speakeasy style. High-quality photo of a Snowball, served in a cocktail glass, featuring Fruité notes. Made with Advocaat, Lemonade, Lemon, Ice. Instructions: Place one ice cube in the glass and add 1 1/2 oz of Advocaat. Fill up the glass with lemonade and decorate with a slice of lemon. Serve at once.. Garnished with a fresh fruit slice, placed on a dark wooden bar counter, moody lighting --v 5"
Shot-gun,"Flat lay, vintage speakeasy style. High-quality photo of a Shot-gun, served in a cocktail glass, featuring Fruité notes. Made with Jim Beam, Jack Daniels, Wild Turkey. Instructions: Pour one part Jack Daneils and one part Jim Beam into shot glass then float Wild Turkey on top.. Garnished with a fresh fruit slice, placed on a dark wooden bar counter, moody lighting --v 5"
Gin Sour,"Flat lay, vintage speakeasy style. High-quality photo of a Gin Sour, served in a sour glass, featuring Fruité, sucré notes. Made with Gin, Lemon juice, Sugar, Orange, Maraschino cherry. Instructions: In a shaker half-filled with ice cubes, combine the gin, lemon juice, and sugar. Shake well. Strain into a sour glass and garnish with the orange slice and the cherry.. Garnished with a fresh fruit slice, placed on a dark wooden bar counter, moody lighting --v 5"
Rum Sour,"Flat lay, vintage speakeasy style. High-quality photo of a Rum Sour, served in a cocktail glass, featuring Fruité, sucré notes. Made with Light rum, Lemon juice, Sugar, Orange, Maraschino cherry. Instructions: In a shaker half-filled with ice cubes, combine the rum, lemon juice, and sugar. Shake well. Strain into a sour glass and garnish with the orange slice and the cherry.. Garnished with a fresh fruit slice, placed on a dark wooden bar counter, moody lighting --v 5"
Spice 75,"Flat lay, vintage speakeasy style. High-quality photo of a Spice 75, served in a cocktail glass, featuring Acide, sucré notes. Made with Sugar, Allspice, Rum, Lime Juice, Champagne, Orange spiral. Instructions: Gently warm 60g golden caster sugar in a pan with 30ml water and 1 tbsp allspice. Cook gently until the sugar has dissolved, then leave the mixture to cool. Strain through a sieve lined with a coffee filter (or a double layer of kitchen paper).

Pour 60ml of the spiced syrup into a cocktail shaker along with 200ml rum and 90ml lime juice. Shake with ice and strain between six flute glasses. Top up with 600ml champagne and garnish each with an orange twist.. Garnished with a minimalist garnish, placed on a dark wooden bar counter, moody lighting --v 5"
AT&T,"Flat lay, vintage speakeasy style. High-quality photo of a AT&T, served in a cocktail glass, featuring Fruité notes. Made with Absolut Vodka, Gin, Tonic water. Instructions: Pour Vodka and Gin over ice, add Tonic and Stir. Garnished with a fresh fruit slice, placed on a dark wooden bar counter, moody lighting --v 5"
Smut,"Flat lay, vintage speakeasy style. High-quality photo of a Smut, served in a cocktail glass, featuring Fruité, sucré notes. Made with Red wine, Peach schnapps, Pepsi Cola, Orange juice. Instructions: Throw it all together and serve real cold.. Garnished with a fresh fruit slice, placed on a dark wooden bar counter, moody lighting --v 5"
Mojito,"Flat lay, vintage speakeasy style. High-quality photo of a Mojito, served in a highball glass, featuring Acide, sucré notes. Made with Light rum, Lime, Sugar, Mint, Soda water. Instructions: Muddle mint leaves with sugar and lime juice. Add a splash of soda water and fill the glass with cracked ice. Pour the rum and top with soda water. Garnish and serve with straw.. Garnished with a minimalist garnish, placed on a dark wooden bar counter, moody lighting --v 5"
Victor,"Flat lay, vintage speakeasy style. High-quality photo of a Victor, served in a cocktail glass, featuring Amer, sucré notes. Made with Gin, Sweet Vermouth, Brandy. Instructions: Shake all ingredients with ice, strain into a cocktail glass, and serve.. Garnished with a minimalist garnish, placed on a dark wooden bar counter, moody lighting --v 5"
Gimlet,"Flat lay, vintage speakeasy style. High-quality photo of a Gimlet, served in a cocktail glass, featuring Acide, sucré notes. Made with Gin, Lime Juice, Sugar Syrup, Lime. Instructions: Add all the ingredients to a shaker and fill with ice.

Shake, and strain into a chilled cocktail glass or an Old Fashioned glass filled with fresh ice.

Garnish with a lime wheel.. Garnished with a minimalist garnish, placed on a dark wooden bar counter, moody lighting --v 5"
Spritz,"Flat lay, vintage speakeasy style. High-quality photo of a Spritz, served in a cocktail glass, featuring Amer notes. Made with Prosecco, Campari, Soda Water. Instructions: Build into glass over ice, garnish and serve.. Garnished with a minimalist garnish, placed on a dark wooden bar counter, moody lighting --v 5"
Scooter,"Flat lay, vintage speakeasy style. High-quality photo of a Scooter, served in a cocktail glass, featuring Fruité notes. Made with Brandy, Amaretto, Light cream. Instructions: Shake all ingredients well with cracked ice, strain into a cocktail glass, and serve.. Garnished with a fresh fruit slice, placed on a dark wooden bar counter, moody lighting --v 5"
Quentin,"Flat lay, vintage speakeasy style. High-quality photo of a Quentin, served in a cocktail glass, featuring Fruité, épicé, épicé notes. Made with Dark rum, Kahlua, Light cream, Nutmeg. Instructions: In a shaker half-filled with ice cubes, combine the rum, Kahlua, and cream. Shake well. Strain into a cocktail glass and garnish with the nutmeg.. Garnished with a fresh fruit slice, placed on a dark wooden bar counter, moody lighting --v 5"
Martini,"Flat lay, vintage speakeasy style. High-quality photo of a Martini, served in a martini glass, featuring Amer, salé, salé notes. Made with Gin, Dry Vermouth, Olive. Instructions: Straight: Pour all ingredients into mixing glass with ice cubes. Stir well. Strain in chilled martini cocktail glass. Squeeze oil from lemon peel onto the drink, or garnish with olive.. Garnished with a minimalist garnish, placed on a dark wooden bar counter, moody lighting --v 5"
Mai Tai,"Flat lay, vintage speakeasy style. High-quality photo of a Mai Tai, served in a tiki mug, featuring Fruité, sucré notes. Made with Light rum, Orgeat syrup, Triple sec, Sweet and sour, Cherry. Instructions: Shake all ingredients with ice. Strain into glass. Garnish and serve with straw.. Garnished with a fresh fruit slice, placed on a dark wooden bar counter, moody lighting --v 5"
Veteran,"Flat lay, vintage speakeasy style. High-quality photo of a Veteran, served in a cocktail glass, featuring Fruité notes. Made with Dark rum, Cherry brandy. Instructions: Pour the rum and cherry brandy into an old-fashioned glass almost filled with ice cubes. Stir well.. Garnished with a fresh fruit slice, placed on a dark wooden bar counter, moody lighting --v 5"
Stinger,"Flat lay, vintage speakeasy style. High-quality photo of a Stinger, served in a cocktail glass, featuring Herbacé notes. Made with Brandy, White Creme de Menthe. Instructions: Pour in a mixing glass with ice, stir and strain into a cocktail glass. May also be served on rocks in a rocks glass.. Garnished with a minimalist garnish, placed on a dark wooden bar counter, moody lighting --v 5"
Affinity,"Flat lay, vintage speakeasy style. High-quality photo of a Affinity, served in a cocktail glass, featuring Amer, sucré notes. Made with Scotch, Sweet Vermouth, Dry Vermouth, Orange bitters. Instructions: In a mixing glass half-filled with ice cubes, combine all of the ingredients. Stir well. Strain into a cocktail glass.. Garnished with a minimalist garnish, placed on a dark wooden bar counter, moody lighting --v 5"
Shot-gun,"Flat lay, vintage speakeasy style. High-quality photo of a Shot-gun, served in a cocktail glass, featuring Fruité notes. Made with Jim Beam, Jack Daniels, Wild Turkey. Instructions: Pour one part Jack Daneils and one part Jim Beam into shot glass then float Wild Turkey on top.. Garnished with a fresh fruit slice, placed on a dark wooden bar counter, moody lighting --v 5"
Aviation,"Flat lay, vintage speakeasy style. High-quality photo of a Aviation, served in a cocktail glass, featuring Fruité, sucré, sucré notes. Made with Gin, lemon juice, maraschino liqueur. Instructions: Add all ingredients into cocktail shaker filled with ice. Shake well and strain into cocktail glass. Garnish with a cherry.. Garnished with a fresh fruit slice, placed on a dark wooden bar counter, moody lighting --v 5"
Thriller,"Flat lay, vintage speakeasy style. High-quality photo of a Thriller, served in a cocktail glass, featuring Fruité, sucré notes. Made with Scotch, Wine, Orange juice. Instructions: In a shaker half-filled with ice cubes, combine all of the ingredients. Shake well. Strain into a cocktail glass.. Garnished with a fresh fruit slice, placed on a dark wooden bar counter, moody lighting --v 5"
Jam Donut,"Flat lay, vintage speakeasy style. High-quality photo of a Jam Donut, served in a cocktail glass, featuring Crémeux, sucré, sucré notes. Made with Baileys irish cream, Chambord raspberry liqueur, Sugar syrup, Sugar. Instructions: Coat the rim of a shot glass with sugar using sugar syrup to stick. Add the Chambord raspberry liqueur to the shot glass, and carefully layer the Baileys Irish Cream on top. Serve.. Garnished with a minimalist garnish, placed on a dark wooden bar counter, moody lighting --v 5"
Manhattan,"Flat lay, vintage speakeasy style. High-quality photo of a Manhattan, served in a cocktail glass, featuring Amer, sucré notes. Made with Sweet Vermouth, Bourbon, Angostura bitters, Ice, Maraschino cherry, Orange peel. Instructions: Stirred over ice, strained into a chilled glass, garnished, and served up.. Garnished with a minimalist garnish, placed on a dark wooden bar counter, moody lighting --v 5"
Salty Dog,"Flat lay, vintage speakeasy style. High-quality photo of a Salty Dog, served in a cocktail glass, featuring Fruité, sucré, salé notes. Made with Grapefruit juice, Gin, Salt. Instructions: Pour all ingredients over ice cubes in a highball glass. Stir well and serve. (Vodka may be substituted for gin, if preferred.). Garnished with a fresh fruit slice, placed on a dark wooden bar counter, moody lighting --v 5"
Artillery,"Flat lay, vintage speakeasy style. High-quality photo of a Artillery, served in a cocktail glass, featuring Amer, sucré notes. Made with Sweet Vermouth, Gin, Bitters. Instructions: Stir all ingredients with ice, strain into a cocktail glass, and serve.. Garnished with a minimalist garnish, placed on a dark wooden bar counter, moody lighting --v 5"
Jitterbug,"Flat lay, vintage speakeasy style. High-quality photo of a Jitterbug, served in a cocktail glass, featuring Acide, sucré, sucré notes. Made with Gin, Vodka, Grenadine, Lime juice, Sugar, Sugar syrup, Soda water. Instructions: Wet glass, dip rim in sugar. Then add Ice. Then add everything else. It's that simple!. Garnished with a minimalist garnish, placed on a dark wooden bar counter, moody lighting --v 5"
Zorbatini,"Flat lay, vintage speakeasy style. High-quality photo of a Zorbatini, served in a cocktail glass, featuring Fruité notes. Made with Vodka, Ouzo. Instructions: Prepare like a Martini. Garnish with a green olive.. Garnished with a fresh fruit slice, placed on a dark wooden bar counter, moody lighting --v 5"
Afterglow,"Flat lay, vintage speakeasy style. High-quality photo of a Afterglow, served in a cocktail glass, featuring Fruité, sucré, sucré notes. Made with Grenadine, Orange juice, Pineapple juice. Instructions: Mix. Serve over ice.. Garnished with a fresh fruit slice, placed on a dark wooden bar counter, moody lighting --v 5"
Rum Toddy,"Flat lay, vintage speakeasy style. High-quality photo of a Rum Toddy, served in a cocktail glass, featuring Fruité, sucré notes. Made with Rum, Powdered sugar, Lemon peel, Water. Instructions: Dissolve powdered sugar in water in an old-fashioned glass. Add rum and one ice cube and stir. Add the twist of lemon peel and serve.. Garnished with a fresh fruit slice, placed on a dark wooden bar counter, moody lighting --v 5"
Tia-Maria,"Flat lay, vintage speakeasy style. High-quality photo of a Tia-Maria, served in a cocktail glass, featuring Fruité, sucré notes. Made with Water, Brown sugar, Coffee, Rum, Vanilla extract. Instructions: Boil water, sugar and coffe for 10 mins and let cool. Add rum and vanilla. Put in clean bottle(s) and leave for 1 week before using.. Garnished with a fresh fruit slice, placed on a dark wooden bar counter, moody lighting --v 5"
Smut,"Flat lay, vintage speakeasy style. High-quality photo of a Smut, served in a cocktail glass, featuring Fruité, sucré notes. Made with Red wine, Peach schnapps, Pepsi Cola, Orange juice. Instructions: Throw it all together and serve real cold.. Garnished with a fresh fruit slice, placed on a dark wooden bar counter, moody lighting --v 5"
Bijou,"Flat lay, vintage speakeasy style. High-quality photo of a Bijou, served in a cocktail glass, featuring Amer, sucré notes. Made with Orange Bitters, Green Chartreuse, Gin, Sweet Vermouth. Instructions: Stir in mixing glass with ice and strain
. Garnished with a minimalist garnish, placed on a dark wooden bar counter, moody lighting --v 5"
Quentin,"Flat lay, vintage speakeasy style. High-quality photo of a Quentin, served in a cocktail glass, featuring Fruité, épicé, épicé notes. Made with Dark rum, Kahlua, Light cream, Nutmeg. Instructions: In a shaker half-filled with ice cubes, combine the rum, Kahlua, and cream. Shake well. Strain into a cocktail glass and garnish with the nutmeg.. Garnished with a fresh fruit slice, placed on a dark wooden bar counter, moody lighting --v 5"
Vesuvio,"Flat lay, vintage speakeasy style. High-quality photo of a Vesuvio, served in a cocktail glass, featuring Amer, sucré notes. Made with Light rum, Sweet Vermouth, Lemon, Powdered sugar, Egg white. Instructions: Shake all ingredients with ice, strain into an old-fashioned glass over ice cubes, and serve.. Garnished with a minimalist garnish, placed on a dark wooden bar counter, moody lighting --v 5"
Daiquiri,"Flat lay, vintage speakeasy style. High-quality photo of a Daiquiri, served in a coupette glass, featuring Acide, sucré notes. Made with Light rum, Lime, Powdered sugar. Instructions: Pour all ingredients into shaker with ice cubes. Shake well. Strain in chilled cocktail glass.. Garnished with a minimalist garnish, placed on a dark wooden bar counter, moody lighting --v 5"
Gin Sour,"Flat lay, vintage speakeasy style. High-quality photo of a Gin Sour, served in a sour glass, featuring Fruité, sucré notes. Made with Gin, Lemon juice, Sugar, Orange, Maraschino cherry. Instructions: In a shaker half-filled with ice cubes, combine the gin, lemon juice, and sugar. Shake well. Strain into a sour glass and garnish with the orange slice and the cherry.. Garnished with a fresh fruit slice, placed on a dark wooden bar counter, moody lighting --v 5"
Rum Sour,"Flat lay, vintage speakeasy style. High-quality photo of a Rum Sour, served in a cocktail glass, featuring Fruité, sucré notes. Made with Light rum, Lemon juice, Sugar, Orange, Maraschino cherry. Instructions: In a shaker half-filled with ice cubes, combine the rum, lemon juice, and sugar. Shake well. Strain into a sour glass and garnish with the orange slice and the cherry.. Garnished with a fresh fruit slice, placed on a dark wooden bar counter, moody lighting --v 5"
Bluebird,"Flat lay, vintage speakeasy style. High-quality photo of a Bluebird, served in a cocktail glass, featuring Fruité notes. Made with Gin, Triple sec, Blue Curacao, Bitters, Maraschino cherry, Lemon peel. Instructions: In a mixing glass half-filled with crushed ice, combine the gin, triple sec, Curacao, and bitters. Stir well. Strain into a cocktail glass and garnish with the lemon twist and the cherry.. Garnished with a fresh fruit slice, placed on a dark wooden bar counter, moody lighting --v 5"
501 Blue,"Flat lay, vintage speakeasy style. High-quality photo of a 501 Blue, served in a cocktail glass, featuring Fruité notes. Made with Blue Curacao, Blueberry schnapps, Vodka, Sour mix, 7-Up. Instructions: Mix equal amounts into a glass with ice.. Garnished with a fresh fruit slice, placed on a dark wooden bar counter, moody lighting --v 5"
Acapulco,"Flat lay, vintage speakeasy style. High-quality photo of a Acapulco, served in a cocktail glass, featuring Acide, sucré notes. Made with Light rum, Triple sec, Lime juice, Sugar, Egg white, Mint. Instructions: Combine and shake all ingredients (except mint) with ice and strain into an old-fashioned glass over ice cubes. Add the sprig of mint and serve.. Garnished with a minimalist garnish, placed on a dark wooden bar counter, moody lighting --v 5"
Shot-gun,"Flat lay, vintage speakeasy style. High-quality photo of a Shot-gun, served in a cocktail glass, featuring Fruité notes. Made with Jim Beam, Jack Daniels, Wild Turkey. Instructions: Pour one part Jack Daneils and one part Jim Beam into shot glass then float Wild Turkey on top.. Garnished with a fresh fruit slice, placed on a dark wooden bar counter, moody lighting --v 5"
Buccaneer,"Flat lay, vintage speakeasy style. High-quality photo of a Buccaneer, served in a cocktail glass, featuring Fruité notes. Made with Corona, Bacardi Limon. Instructions: Pour the corona into an 18oz beer glass pour the bacardi limon into the beer stir very gently. Garnished with a fresh fruit slice, placed on a dark wooden bar counter, moody lighting --v 5"
Rum Punch,"Flat lay, vintage speakeasy style. High-quality photo of a Rum Punch, served in a cocktail glass, featuring Fruité, épicé, sucré, épicé notes. Made with Rum, Ginger ale, Fruit punch, Orange juice, Ice. Instructions: Mix all ingredients in a punch bowl and serve.. Garnished with a fresh fruit slice, placed on a dark wooden bar counter, moody lighting --v 5"
Algonquin,"Flat lay, vintage speakeasy style. High-quality photo of a Algonquin, served in a cocktail glass, featuring Amer, sucré notes. Made with Blended whiskey, Dry Vermouth, Pineapple juice. Instructions: Combine and shake all ingredients with ice, strain contents into a cocktail glass, and serve.. Garnished with a minimalist garnish, placed on a dark wooden bar counter, moody lighting --v 5"
Rum Toddy,"Flat lay, vintage speakeasy style. High-quality photo of a Rum Toddy, served in a cocktail glass, featuring Fruité, sucré notes. Made with Rum, Powdered sugar, Lemon peel, Water. Instructions: Dissolve powdered sugar in water in an old-fashioned glass. Add rum and one ice cube and stir. Add the twist of lemon peel and serve.. Garnished with a fresh fruit slice, placed on a dark wooden bar counter, moody lighting --v 5"
Autodafé,"Flat lay, vintage speakeasy style. High-quality photo of a Autodafé, served in a cocktail glass, featuring Acide, sucré notes. Made with Vodka, Lime juice, Soda water. Instructions: Mix and fill up with soda water. Drunk by finns on a sunny day any time of the year and day.. Garnished with a minimalist garnish, placed on a dark wooden bar counter, moody lighting --v 5"
Lunch Box,"Flat lay, vintage speakeasy style. High-quality photo of a Lunch Box, served in a cocktail glass, featuring Fruité, sucré notes. Made with Beer, Amaretto, Orange juice. Instructions: Fill a pint glass almost full with beer. Then fill the rest with orange juice (careful not to fill it to the top). Then take the shot of Amaretto and drop it in.. Garnished with a fresh fruit slice, placed on a dark wooden bar counter, moody lighting --v 5"
Greyhound,"Flat lay, vintage speakeasy style. High-quality photo of a Greyhound, served in a cocktail glass, featuring Fruité, sucré notes. Made with Vodka, Grapefruit Juice. Instructions: Add the vodka to a Collins glass filled with ice.
Top with grapefruit juice and stir.

. Garnished with a fresh fruit slice, placed on a dark wooden bar counter, moody lighting --v 5"
Gluehwein,"Flat lay, vintage speakeasy style. High-quality photo of a Gluehwein, served in a cocktail glass, featuring Fruité, épicé, sucré, épicé notes. Made with Red wine, Water, Sugar, Cinnamon, Cloves, Lemon peel. Instructions: Boil sugar and spices in water, leave in the water for 30 minutes. Strain the spiced water and mix with the wine. Heat slowly until short of boiling temperature. (To remove alcohol, let it boil for a while.) You may add lemon or orange juice to taste. Serve in irish coffee cup.. Garnished with a fresh fruit slice, placed on a dark wooden bar counter, moody lighting --v 5"
Jam Donut,"Flat lay, vintage speakeasy style. High-quality photo of a Jam Donut, served in a cocktail glass, featuring Crémeux, sucré, sucré notes. Made with Baileys irish cream, Chambord raspberry liqueur, Sugar syrup, Sugar. Instructions: Coat the rim of a shot glass with sugar using sugar syrup to stick. Add the Chambord raspberry liqueur to the shot glass, and carefully layer the Baileys Irish Cream on top. Serve.. Garnished with a minimalist garnish, placed on a dark wooden bar counter, moody lighting --v 5"
Mauresque,"Flat lay, vintage speakeasy style. High-quality photo of a Mauresque, served in a cocktail glass, featuring Fruité, sucré notes. Made with Ricard, Orgeat Syrup, Water. Instructions: 1 - Pour the Ricard (or pastis)
2 - Pour the orgeat syrup
3 - Finally pour the water and add ice cubes at your convenience.

Add the ice cubes at the end, otherwise the syrup and pastis do not mix well.. Garnished with a fresh fruit slice, placed on a dark wooden bar counter, moody lighting --v 5"
Barracuda,"Flat lay, vintage speakeasy style. High-quality photo of a Barracuda, served in a cocktail glass, featuring Acide, sucré notes. Made with Rum, Galliano, Pineapple Juice, Lime Juice, Prosecco. Instructions: Shake pour ingredients with ice. Strain into glass, top with Sparkling wine.. Garnished with a minimalist garnish, placed on a dark wooden bar counter, moody lighting --v 5"
Old Cuban,"Flat lay, vintage speakeasy style. High-quality photo of a Old Cuban, served in a cocktail glass, featuring Acide, sucré notes. Made with White Rum, Sugar Syrup, Lime Juice, Angostura Bitters, Prosecco. Instructions: Shake a handful of mint, 2oz white rum, 1oz of sugar syrup, 1oz lime juice and 2 dashes angostura bitters with ice. Double strain into a glass and top with 2oz of prosecco.. Garnished with a minimalist garnish, placed on a dark wooden bar counter, moody lighting --v 5"
Jitterbug,"Flat lay, vintage speakeasy style. High-quality photo of a Jitterbug, served in a cocktail glass, featuring Acide, sucré, sucré notes. Made with Gin, Vodka, Grenadine, Lime juice, Sugar, Sugar syrup, Soda water. Instructions: Wet glass, dip rim in sugar. Then add Ice. Then add everything else. It's that simple!. Garnished with a minimalist garnish, placed on a dark wooden bar counter, moody lighting --v 5"
Queen Bee,"Flat lay, vintage speakeasy style. High-quality photo of a Queen Bee, served in a cocktail glass, featuring Acide notes. Made with Coffee brandy, Lime vodka, Sherry. Instructions: Shake all ingredients with ice, strain into a cocktail glass, and serve.. Garnished with a minimalist garnish, placed on a dark wooden bar counter, moody lighting --v 5"
Vesper,"Flat lay, vintage speakeasy style. High-quality photo of a Vesper, served in a cocktail glass, featuring Fruité notes. Made with Gin, Vodka, Lillet Blanc. Instructions: Shake over ice until well chilled, then strain into a deep goblet and garnish with a thin slice of lemon peel.. Garnished with a fresh fruit slice, placed on a dark wooden bar counter, moody lighting --v 5"
Victor,"Flat lay, vintage speakeasy style. High-quality photo of a Victor, served in a cocktail glass, featuring Amer, sucré notes. Made with Gin, Sweet Vermouth, Brandy. Instructions: Shake all ingredients with ice, strain into a cocktail glass, and serve.. Garnished with a minimalist garnish, placed on a dark wooden bar counter, moody lighting --v 5"
Avalon,"Flat lay, vintage speakeasy style. High-quality photo of a Avalon, served in a cocktail glass, featuring Fruité, sucré notes. Made with Vodka, Pisang Ambon, Apple juice, Lemon juice, Lemonade. Instructions: Fill a tall glass with ice. Layer the Finlandia Vodka, lemon and apple juices, Pisang Ambon, and top up with lemonade. Stir slightly and garnish with a spiralled cucumber skin and a red cherry. The cucumber provides zest and looks attractive. This drink, created by Timo Haimi, took first prize in the 1991 Finlandia Vodka Long Drink Competition.. Garnished with a fresh fruit slice, placed on a dark wooden bar counter, moody lighting --v 5"
Vesuvio,"Flat lay, vintage speakeasy style. High-quality photo of a Vesuvio, served in a cocktail glass, featuring Amer, sucré notes. Made with Light rum, Sweet Vermouth, Lemon, Powdered sugar, Egg white. Instructions: Shake all ingredients with ice, strain into an old-fashioned glass over ice cubes, and serve.. Garnished with a minimalist garnish, placed on a dark wooden bar counter, moody lighting --v 5"
Veteran,"Flat lay, vintage speakeasy style. High-quality photo of a Veteran, served in a cocktail glass, featuring Fruité notes. Made with Dark rum, Cherry brandy. Instructions: Pour the rum and cherry brandy into an old-fashioned glass almost filled with ice cubes. Stir well.. Garnished with a fresh fruit slice, placed on a dark wooden bar counter, moody lighting --v 5"
Vampiro,"Flat lay, vintage speakeasy style. High-quality photo of a Vampiro, served in a cocktail glass, featuring Acide, sucré, salé notes. Made with Tequila, Tomato Juice, Orange Juice, Lime Juice, Sugar Syrup, Salt. Instructions: Vampiros may be made in a tall glass or an old fashioned glass. Bartenders may first ""rim"" the glass with Kosher Salt, which is done by placing a layer of Kosher Salt on a chopping board, moistening the glass' rim with lime juice or water, and then placing the upside down glass rim onto the Kosher Salt, so that the salt sticks to the moistened rim. The second step is to fill half the glass with ice and add one or two shooter glasses full of high quality Tequila. The next stage is to add the flavouring elements. This is done by squeezing a fresh lime into the glass, adding a few grains of salt, adding citrus-flavoured soda pop, until the glass is 4/5 full, and then adding spicy Viuda de Sanchez (or orange juice, lime juice and pico de gallo). The final step is to stir the ingredients so that the flavours are properly blended.. Garnished with a minimalist garnish, placed on a dark wooden bar counter, moody lighting --v 5"
Aviation,"Flat lay, vintage speakeasy style. High-quality photo of a Aviation, served in a cocktail glass, featuring Fruité, sucré, sucré notes. Made with Gin, lemon juice, maraschino liqueur. Instructions: Add all ingredients into cocktail shaker filled with ice. Shake well and strain into cocktail glass. Garnish with a cherry.. Garnished with a fresh fruit slice, placed on a dark wooden bar counter, moody lighting --v 5"
Van Vleet,"Flat lay, vintage speakeasy style. High-quality photo of a Van Vleet, served in a cocktail glass, featuring Fruité, sucré notes. Made with Light rum, Maple syrup, Lemon juice. Instructions: Shake all ingredients with ice, strain into an old-fashioned glass over ice cubes, and serve.. Garnished with a fresh fruit slice, placed on a dark wooden bar counter, moody lighting --v 5"
Avalanche,"Flat lay, vintage speakeasy style. High-quality photo of a Avalanche, served in a cocktail glass, featuring Fruité notes. Made with Crown Royal, Kahlua, Cream. Instructions: Mix in highball glass over ice, shake well.. Garnished with a fresh fruit slice, placed on a dark wooden bar counter, moody lighting --v 5"
Vodka Fizz,"Flat lay, vintage speakeasy style. High-quality photo of a Vodka Fizz, served in a cocktail glass, featuring Acide, épicé, épicé notes. Made with Vodka, Half-and-half, Limeade, Ice, Nutmeg. Instructions: Blend all ingredients, save nutmeg. Pour into large white wine glass and sprinkle nutmeg on top.. Garnished with a minimalist garnish, placed on a dark wooden bar counter, moody lighting --v 5"
Adam & Eve,"Flat lay, vintage speakeasy style. High-quality photo of a Adam & Eve, served in a cocktail glass, featuring Crémeux, sucré notes. Made with Gin, Cognac, Creme de Cassis, Fresh Lemon Juice. Instructions: Shake together all the ingredients and strain into a cold glass.. Garnished with a minimalist garnish, placed on a dark wooden bar counter, moody lighting --v 5"
Cafe Savoy,"Flat lay, vintage speakeasy style. High-quality photo of a Cafe Savoy, served in a cocktail glass, featuring Fruité notes. Made with Coffee, Milk, Triple sec, Brandy. Instructions: Fill mug almost to top with coffee.Add milk, triple sec and brandy. Stir.. Garnished with a fresh fruit slice, placed on a dark wooden bar counter, moody lighting --v 5"
Long vodka,"Flat lay, vintage speakeasy style. High-quality photo of a Long vodka, served in a cocktail glass, featuring Acide notes. Made with Vodka, Lime, Angostura bitters, Tonic water, Ice. Instructions: Shake a tall glass with ice cubes and Angostura, coating the inside of the glass. Por the vodka onto this, add 1 slice of lime and squeeze juice out of remainder, mix with tonic, stir and voila you have a Long Vodka. Garnished with a minimalist garnish, placed on a dark wooden bar counter, moody lighting --v 5"
After Five,"Flat lay, vintage speakeasy style. High-quality photo of a After Five, served in a cocktail glass, featuring Crémeux, épicé notes. Made with Peppermint schnapps, Kahlua, Baileys irish cream. Instructions: 1. Pour Kahlua into shot glass to about 1/2 full. 2. Using a spoon(inverted), slowly pour in the Peppermint Schnapps until glass is about 3/4 full. Done correctly, the Schnapps will flow under the Kahlua for a clear layer. 3. Again using a spoon, but this time right side up, slowly top off the glass with a layer of Bailey's. Be careful to place the spoon right at the top of the Kahlua layer and to raise it as the glass fills up. Done correctly, this will provide a layer of Bailey's floating over the Kahlua. 4. Toss it down all at once for something like a Peppermint Pattie, WITH A BANG!!! NOTE: Best if all ingredients are chilled. Garnished with a minimalist garnish, placed on a dark wooden bar counter, moody lighting --v 5"
Miami Vice,"Flat lay, vintage speakeasy style. High-quality photo of a Miami Vice, served in a cocktail glass, featuring Fruité notes. Made with 151 proof rum, Pina colada mix, Daiquiri mix. Instructions: First: Mix pina colada with 2.5 oz. of rum with ice(set aside). Second: Mix daiquiri with 2.5 oz. of rum with ice. Third: While frozen, add pina colda mix then daiquiri mix in glass (Making sure they do not get mixed together).. Garnished with a fresh fruit slice, placed on a dark wooden bar counter, moody lighting --v 5"
Vodka Slime,"Flat lay, vintage speakeasy style. High-quality photo of a Vodka Slime, served in a cocktail glass, featuring Acide, sucré notes. Made with Sprite, Lime Juice, Vodka. Instructions: Fill glass with ice. Add vodka, 7-up then finish with the lime juice.. Garnished with a minimalist garnish, placed on a dark wooden bar counter, moody lighting --v 5"
Vodka Tonic,"Flat lay, vintage speakeasy style. High-quality photo of a Vodka Tonic, served in a cocktail glass, featuring Fruité notes. Made with Vodka, Tonic Water, Lemon Peel. Instructions: Wash and cut 1 wedge and 1 slice of lime or lemon.
Fill a tumbler with fresh ice.
Pour the desired dose of vodka and top up with the tonic.
Squeeze the lime wedge into the glass and decorate with the slice.
That's all, very simple: it's just the recipe for happiness!. Garnished with a fresh fruit slice, placed on a dark wooden bar counter, moody lighting --v 5"
Vodka Lemon,"Flat lay, vintage speakeasy style. High-quality photo of a Vodka Lemon, served in a cocktail glass, featuring Fruité, sucré notes. Made with Vodka, Lemon Juice, Lemon Peel, Ice. Instructions: The vodka lemon is prepared directly in a highball glass or in a large tumbler: put 6-7 ice cubes in the glass, pour the vodka, lemonade and mix with a bar spoon. Finally decorate with a slice of lemon and, if you prefer, add a few mint leaves. Your vodka lemon is ready to be served.. Garnished with a fresh fruit slice, placed on a dark wooden bar counter, moody lighting --v 5"
Screwdriver,"Flat lay, vintage speakeasy style. High-quality photo of a Screwdriver, served in a cocktail glass, featuring Fruité, sucré notes. Made with Vodka, Orange juice. Instructions: Mix in a highball glass with ice. Garnish and serve.. Garnished with a fresh fruit slice, placed on a dark wooden bar counter, moody lighting --v 5"
Clover Club,"Flat lay, vintage speakeasy style. High-quality photo of a Clover Club, served in a cocktail glass, featuring Fruité, sucré, sucré notes. Made with Gin, Grenadine, Lemon, Egg white. Instructions: Dry shake ingredients to emulsify, add ice, shake and served straight up.. Garnished with a fresh fruit slice, placed on a dark wooden bar counter, moody lighting --v 5"
Boulevardier,"Flat lay, vintage speakeasy style. High-quality photo of a Boulevardier, served in a cocktail glass, featuring Amer, sucré notes. Made with Campari, Sweet Vermouth, Rye whiskey, Orange Peel. Instructions: Stir with ice, strain, garnish and serve.. Garnished with a minimalist garnish, placed on a dark wooden bar counter, moody lighting --v 5"
Coffee-Vodka,"Flat lay, vintage speakeasy style. High-quality photo of a Coffee-Vodka, served in a cocktail glass, featuring Fruité, sucré notes. Made with Water, Sugar, Coffee, Vanilla, Vodka, Caramel coloring. Instructions: Boil water and sugar until dissolved. Turn off heat. Slowly add dry instant coffee and continue stirring. Add a chopped vanilla bean to the vodka, then combine the cooled sugar syrup and coffee solution with the vodka. Cover tightly and shake vigorously each day for 3 weeks. Strain and filter. Its also best to let the sugar mixture cool completely so the vodka won't evaporate when its added. If you like a smoother feel to the liqueur you can add about 1 teaspoon of glycerine to the finished product.. Garnished with a fresh fruit slice, placed on a dark wooden bar counter, moody lighting --v 5"
Arise My Love,"Flat lay, vintage speakeasy style. High-quality photo of a Arise My Love, served in a cocktail glass, featuring Herbacé notes. Made with Champagne, Green Creme de Menthe. Instructions: Put creme de menthe into a champagne flute. Fill with chilled champagne and serve.. Garnished with a minimalist garnish, placed on a dark wooden bar counter, moody lighting --v 5"
Vodka Russian,"Flat lay, vintage speakeasy style. High-quality photo of a Vodka Russian, served in a cocktail glass, featuring Fruité notes. Made with Vodka, Schweppes Russchian. Instructions: Mix it as a ordinary drink .. Garnished with a fresh fruit slice, placed on a dark wooden bar counter, moody lighting --v 5"
Vodka Martini,"Flat lay, vintage speakeasy style. High-quality photo of a Vodka Martini, served in a cocktail glass, featuring Amer, salé, salé notes. Made with Vodka, Dry Vermouth, Olive. Instructions: Shake the vodka and vermouth together with a number of ice cubes, strain into a cocktail glass, add the olive and serve.. Garnished with a minimalist garnish, placed on a dark wooden bar counter, moody lighting --v 5"
Snowday,"Flat lay, vintage speakeasy style. High-quality photo of a Snowday, served in a cocktail glass, featuring Amer notes. Made with Vodka, Amaro Montenegro, Ruby Port, Blood Orange, Angostura Bitters, Orange Peel. Instructions: Stir all ingredients with ice. Strain into a chilled rocks glass over fresh ice. Express orange peel over drink and garnish.. Garnished with a minimalist garnish, placed on a dark wooden bar counter, moody lighting --v 5"
Snowball,"Flat lay, vintage speakeasy style. High-quality photo of a Snowball, served in a cocktail glass, featuring Fruité notes. Made with Advocaat, Lemonade, Lemon, Ice. Instructions: Place one ice cube in the glass and add 1 1/2 oz of Advocaat. Fill up the glass with lemonade and decorate with a slice of lemon. Serve at once.. Garnished with a fresh fruit slice, placed on a dark wooden bar counter, moody lighting --v 5"
Downshift,"Flat lay, vintage speakeasy style. High-quality photo of a Downshift, served in a cocktail glass, featuring Fruité notes. Made with Fruit punch, Sprite, Tequila, 151 proof rum. Instructions: Start with the Sprite. Next comes the tequila. After that, add the Minute Maid Fruit Punch, then float the 151. Rocks optional.. Garnished with a fresh fruit slice, placed on a dark wooden bar counter, moody lighting --v 5"
Afterglow,"Flat lay, vintage speakeasy style. High-quality photo of a Afterglow, served in a cocktail glass, featuring Fruité, sucré, sucré notes. Made with Grenadine, Orange juice, Pineapple juice. Instructions: Mix. Serve over ice.. Garnished with a fresh fruit slice, placed on a dark wooden bar counter, moody lighting --v 5"
Gluehwein,"Flat lay, vintage speakeasy style. High-quality photo of a Gluehwein, served in a cocktail glass, featuring Fruité, épicé, sucré, épicé notes. Made with Red wine, Water, Sugar, Cinnamon, Cloves, Lemon peel. Instructions: Boil sugar and spices in water, leave in the water for 30 minutes. Strain the spiced water and mix with the wine. Heat slowly until short of boiling temperature. (To remove alcohol, let it boil for a while.) You may add lemon or orange juice to taste. Serve in irish coffee cup.. Garnished with a fresh fruit slice, placed on a dark wooden bar counter, moody lighting --v 5"
White Lady,"Flat lay, vintage speakeasy style. High-quality photo of a White Lady, served in a cocktail glass, featuring Fruité, sucré notes. Made with Gin, Triple Sec, Lemon Juice. Instructions: Add all ingredients into cocktail shaker filled with ice. Shake well and strain into large cocktail glass.. Garnished with a fresh fruit slice, placed on a dark wooden bar counter, moody lighting --v 5"
Kiwi Lemon,"Flat lay, vintage speakeasy style. High-quality photo of a Kiwi Lemon, served in a cocktail glass, featuring Fruité, sucré, sucré notes. Made with Kiwi liqueur, Bitter lemon, Ice. Instructions: Mix in highball glass. Stirr. Garnish with slice of kiwi.. Garnished with a fresh fruit slice, placed on a dark wooden bar counter, moody lighting --v 5"
Wine Punch,"Flat lay, vintage speakeasy style. High-quality photo of a Wine Punch, served in a cocktail glass, featuring Fruité, sucré notes. Made with Red wine, Lemon, Orange juice, Orange, Pineapple juice. Instructions: Combine all of the ingredients and pour over a block of ice.. Garnished with a fresh fruit slice, placed on a dark wooden bar counter, moody lighting --v 5"
Whisky Mac,"Flat lay, vintage speakeasy style. High-quality photo of a Whisky Mac, served in a cocktail glass, featuring Fruité notes. Made with Scotch, Wine. Instructions: Pour both of the ingredients into a wine goblet with no ice.. Garnished with a fresh fruit slice, placed on a dark wooden bar counter, moody lighting --v 5"
3 Wise Men,"Flat lay, vintage speakeasy style. High-quality photo of a 3 Wise Men, served in a cocktail glass, featuring Fruité notes. Made with Jack Daniels, Johnnie Walker, Jim Beam. Instructions: put them them in a glass... and slam it to tha head.. Garnished with a fresh fruit slice, placed on a dark wooden bar counter, moody lighting --v 5"
Moscow Mule,"Flat lay, vintage speakeasy style. High-quality photo of a Moscow Mule, served in a copper mug, featuring Acide, épicé, sucré, épicé notes. Made with Vodka, Lime juice, Ginger ale. Instructions: Combine vodka and ginger beer in a highball glass filled with ice. Add lime juice. Stir gently. Garnish.. Garnished with a minimalist garnish, placed on a dark wooden bar counter, moody lighting --v 5"
Gin Swizzle,"Flat lay, vintage speakeasy style. High-quality photo of a Gin Swizzle, served in a cocktail glass, featuring Acide, sucré notes. Made with Lime juice, Sugar, Gin, Bitters, Club soda. Instructions: In a shaker half-filled with ice cubes, combine the lime juice, sugar, gin, and bitters. Shake well. Almost fill a colling glass with ice cubes. Stir until the glass is frosted. Strain the mixture in the shaker into the glass and add the club soda.. Garnished with a minimalist garnish, placed on a dark wooden bar counter, moody lighting --v 5"
Yellow Bird,"Flat lay, vintage speakeasy style. High-quality photo of a Yellow Bird, served in a cocktail glass, featuring Acide, sucré notes. Made with White Rum, Galliano, Triple Sec, Lime Juice. Instructions: Shake and strain into a chilled cocktail glass. Garnished with a minimalist garnish, placed on a dark wooden bar counter, moody lighting --v 5"
London Town,"Flat lay, vintage speakeasy style. High-quality photo of a London Town, served in a cocktail glass, featuring Fruité, sucré, sucré notes. Made with Gin, Maraschino liqueur, Orange bitters. Instructions: In a mixing glass half-filled with ice cubes, combine all of the ingredients. Stir well. Strain into a cocktail glass.. Garnished with a fresh fruit slice, placed on a dark wooden bar counter, moody lighting --v 5"
Orange Whip,"Flat lay, vintage speakeasy style. High-quality photo of a Orange Whip, served in a cocktail glass, featuring Fruité, sucré notes. Made with Orange juice, Rum, Vodka, Cream, Ice. Instructions: Pour ingredients over ice and stir.. Garnished with a fresh fruit slice, placed on a dark wooden bar counter, moody lighting --v 5"
Sweet Tooth,"Flat lay, vintage speakeasy style. High-quality photo of a Sweet Tooth, served in a cocktail glass, featuring Fruité, sucré, sucré notes. Made with Godiva liqueur, Milk. Instructions: Put 2 shots Godiva Liquour into a glass, add as much or as little milk as you would like.. Garnished with a fresh fruit slice, placed on a dark wooden bar counter, moody lighting --v 5"
Screwdriver,"Flat lay, vintage speakeasy style. High-quality photo of a Screwdriver, served in a cocktail glass, featuring Fruité, sucré notes. Made with Vodka, Orange juice. Instructions: Mix in a highball glass with ice. Garnish and serve.. Garnished with a fresh fruit slice, placed on a dark wooden bar counter, moody lighting --v 5"
Mulled Wine,"Flat lay, vintage speakeasy style. High-quality photo of a Mulled Wine, served in a cocktail glass, featuring Fruité, épicé, sucré, épicé notes. Made with Water, Sugar, Cloves, Cinnamon, Lemon peel, Red wine, Brandy. Instructions: Simmer 3 cups water with, sugar, cloves, cinnamon sticks, and lemon peel in a stainless steel pot for 10 minutes. Add wine heat to a ""coffee temperature"" (DO NOT BOIL) then add the brandy.. Garnished with a fresh fruit slice, placed on a dark wooden bar counter, moody lighting --v 5"
Wine Cooler,"Flat lay, vintage speakeasy style. High-quality photo of a Wine Cooler, served in a cocktail glass, featuring Acide notes. Made with Red wine, Lemon-lime soda, Ice. Instructions: Mix wine and soft drink. Pour into glass. Add ice.. Garnished with a minimalist garnish, placed on a dark wooden bar counter, moody lighting --v 5"
Winter Rita,"Flat lay, vintage speakeasy style. High-quality photo of a Winter Rita, served in a cocktail glass, featuring Acide, sucré, salé notes. Made with Tequila, Campari, Lime Juice, Orange Juice, Rosemary Syrup, Salt. Instructions: Salt rim. Combine all ingredients, shake with ice, and strain over fresh ice.⠀. Garnished with a minimalist garnish, placed on a dark wooden bar counter, moody lighting --v 5"
9 1/2 Weeks,"Flat lay, vintage speakeasy style. High-quality photo of a 9 1/2 Weeks, served in a cocktail glass, featuring Acide, sucré, sucré notes. Made with Absolut Citron, Orange Curacao, Strawberry liqueur, Orange juice. Instructions: Combine all ingredients in glass mixer. Chill and strain into Cocktail glass. Garnish with sliced strawberry.. Garnished with a minimalist garnish, placed on a dark wooden bar counter, moody lighting --v 5"
Whiskey Sour,"Flat lay, vintage speakeasy style. High-quality photo of a Whiskey Sour, served in a rocks glass, featuring Fruité, sucré notes. Made with Blended whiskey, Lemon, Powdered sugar, Cherry, Lemon. Instructions: Shake with ice. Strain into chilled glass, garnish and serve. If served 'On the rocks', strain ingredients into old-fashioned glass filled with ice.. Garnished with a fresh fruit slice, placed on a dark wooden bar counter, moody lighting --v 5"
Kiwi Martini,"Flat lay, vintage speakeasy style. High-quality photo of a Kiwi Martini, served in a cocktail glass, featuring Fruité, sucré notes. Made with Kiwi, Sugar Syrup, Vodka, Kiwi. Instructions: The kiwi martini is a very fun vodka cocktail and it is one of the best drinks that makes use of fresh fruit. Though there are a few recipes floating around, this is one of the easiest and it is an absolutely delightful green martini to drink.

For this recipe, you'll simply muddle slices of kiwi with simple syrup, then shake it with vodka. It's a drink that anyone can mix up in minutes and a perfect cocktail to show off your favorite vodka.. Garnished with a fresh fruit slice, placed on a dark wooden bar counter, moody lighting --v 5"
Monkey Wrench,"Flat lay, vintage speakeasy style. High-quality photo of a Monkey Wrench, served in a cocktail glass, featuring Fruité, sucré notes. Made with Light rum, Grapefruit juice, Bitters. Instructions: Pour all of the ingredients into an old-fashioned glass almost filled with ice cubes. Stir well.. Garnished with a fresh fruit slice, placed on a dark wooden bar counter, moody lighting --v 5"
New York Sour,"Flat lay, vintage speakeasy style. High-quality photo of a New York Sour, served in a cocktail glass, featuring Fruité, sucré notes. Made with Blended whiskey, Lemon, Sugar, Red wine, Lemon, Cherry. Instructions: Shake blended whiskey, juice of lemon, and powdered sugar with ice and strain into a whiskey sour glass. Float claret on top. Decorate with the half-slice of lemon and the cherry and serve.. Garnished with a fresh fruit slice, placed on a dark wooden bar counter, moody lighting --v 5"
Boxcar,"Flat lay, vintage speakeasy style. High-quality photo of a Boxcar, served in a cocktail glass, featuring Fruité, sucré, sucré notes. Made with Gin, Triple sec, Lemon juice, Grenadine, Egg white. Instructions: In a shaker half-filled with ice cubes, combine all of the ingredients. Shake well. Strain into a sour glass.. Garnished with a fresh fruit slice, placed on a dark wooden bar counter, moody lighting --v 5"
Alexander,"Flat lay, vintage speakeasy style. High-quality photo of a Alexander, served in a cocktail glass, featuring Crémeux, épicé, épicé notes. Made with Gin, Creme de Cacao, Light cream, Nutmeg. Instructions: Shake all ingredients with ice and strain contents into a cocktail glass. Sprinkle nutmeg on top and serve.. Garnished with a minimalist garnish, placed on a dark wooden bar counter, moody lighting --v 5"
Foxy Lady,"Flat lay, vintage speakeasy style. High-quality photo of a Foxy Lady, served in a cocktail glass, featuring Crémeux notes. Made with Amaretto, Creme de Cacao, Light cream. Instructions: Shake all ingredients with ice, strain into a chilled cocktail glass, and serve.. Garnished with a minimalist garnish, placed on a dark wooden bar counter, moody lighting --v 5"
Lunch Box,"Flat lay, vintage speakeasy style. High-quality photo of a Lunch Box, served in a cocktail glass, featuring Fruité, sucré notes. Made with Beer, Amaretto, Orange juice. Instructions: Fill a pint glass almost full with beer. Then fill the rest with orange juice (careful not to fill it to the top). Then take the shot of Amaretto and drop it in.. Garnished with a fresh fruit slice, placed on a dark wooden bar counter, moody lighting --v 5"
After sex,"Flat lay, vintage speakeasy style. High-quality photo of a After sex, served in a cocktail glass, featuring Crémeux, sucré notes. Made with Vodka, Creme de Banane, Orange juice. Instructions: Pour the vodka and creme over some ice cubes in a tall glass and fill up with juice. to make it beuty full make the top of the glass with a grenadine and sugar. Garnished with a minimalist garnish, placed on a dark wooden bar counter, moody lighting --v 5"
Absolut Sex,"Flat lay, vintage speakeasy style. High-quality photo of a Absolut Sex, served in a cocktail glass, featuring Fruité, sucré, sucré notes. Made with Absolut Kurant, Midori melon liqueur, Cranberry juice, Sprite. Instructions: Shake Absolut Kurant, Midori, and Cranberry juice in shaker with ice: Strain into rocks glass: Splash of seven on top.Absolut Sex.. Garnished with a fresh fruit slice, placed on a dark wooden bar counter, moody lighting --v 5"
Texas Sling,"Flat lay, vintage speakeasy style. High-quality photo of a Texas Sling, served in a cocktail glass, featuring Fruité notes. Made with Kahlua, Irish cream, Amaretto, 151 proof rum, Cream. Instructions: Blend with Ice until smooth. Serve in a tulip glass, top with whip cream.. Garnished with a fresh fruit slice, placed on a dark wooden bar counter, moody lighting --v 5"
Mojito Extra,"Flat lay, vintage speakeasy style. High-quality photo of a Mojito Extra, served in a cocktail glass, featuring Amer, sucré notes. Made with Mint, Lemon juice, Dark rum, Club soda, Angostura bitters. Instructions: Put mint with lemon juice in a glas, mash the mint with a spoon, ice, rum & fill up with club soda. Top it with Angostura.. Garnished with a minimalist garnish, placed on a dark wooden bar counter, moody lighting --v 5"
Midnight Manx,"Flat lay, vintage speakeasy style. High-quality photo of a Midnight Manx, served in a cocktail glass, featuring Crémeux notes. Made with Kahlua, Baileys irish cream, Goldschlager, Heavy cream, Coffee. Instructions: Fill a mixer with ice and add Baileys, Kahlua, Goldshlager, and cream. Shake for 5 seconds and Strain into a double rocks glass filled with ice. Add chilled coffee Stir and enjoy!. Garnished with a minimalist garnish, placed on a dark wooden bar counter, moody lighting --v 5"
Tuxedo Cocktail,"Flat lay, vintage speakeasy style. High-quality photo of a Tuxedo Cocktail, served in a cocktail glass, featuring Amer, sucré, sucré notes. Made with Dry Vermouth, Gin, Maraschino liqueur, Anis, Orange bitters, Cherry. Instructions: Stir all ingredients with ice and strain into a cocktail glass. Garnish with a cherry and a twist of lemon zest.. Garnished with a minimalist garnish, placed on a dark wooden bar counter, moody lighting --v 5"
Brandy Alexander,"Flat lay, vintage speakeasy style. High-quality photo of a Brandy Alexander, served in a cocktail glass, featuring Crémeux, épicé, épicé notes. Made with Brandy, Creme de Cacao, Light cream, Nutmeg. Instructions: Shake all ingredients (except nutmeg) with ice and strain contents into a cocktail glass. Sprinkle nutmeg on top and serve.. Garnished with a minimalist garnish, placed on a dark wooden bar counter, moody lighting --v 5"
Sex on the Beach,"Flat lay, vintage speakeasy style. High-quality photo of a Sex on the Beach, served in a cocktail glass, featuring Fruité, sucré notes. Made with Vodka, Peach schnapps, Cranberry juice, Orange juice. Instructions: Build all ingredients in a highball glass filled with ice. Garnish with orange slice.. Garnished with a fresh fruit slice, placed on a dark wooden bar counter, moody lighting --v 5"
Texas Rattlesnake,"Flat lay, vintage speakeasy style. High-quality photo of a Texas Rattlesnake, served in a cocktail glass, featuring Fruité, sucré notes. Made with Yukon Jack, Cherry brandy, Southern Comfort, Sweet and sour. Instructions: Mix all ingredients and Shake well. Sweet at first, with a BITE at the end.... Garnished with a fresh fruit slice, placed on a dark wooden bar counter, moody lighting --v 5"
Melya,"Flat lay, vintage speakeasy style. High-quality photo of a Melya, served in a cocktail glass, featuring Fruité, sucré notes. Made with Espresso, Honey, Cocoa powder. Instructions: Brew espresso. In a coffee mug, place 1 teaspoon of unsweetened powdered cocoa, then cover a teaspoon with honey and drizzle it into the cup. Stir while the coffee brews, this is the fun part. The cocoa seems to coat the honey without mixing, so you get a dusty, sticky mass that looks as though it will never mix. Then all at once, presto! It looks like dark chocolate sauce. Pour hot espresso over the honey, stirring to dissolve. Serve with cream.. Garnished with a fresh fruit slice, placed on a dark wooden bar counter, moody lighting --v 5"
Derby,"Flat lay, vintage speakeasy style. High-quality photo of a Derby, served in a cocktail glass, featuring Fruité notes. Made with gin, Peach Bitters, Mint. Instructions: Pour all ingredients into a mixing glass with ice. Stir. Strain into a cocktail glass. Garnish with a sprig of fresh mint in the drink.. Garnished with a fresh fruit slice, placed on a dark wooden bar counter, moody lighting --v 5"
Snowday,"Flat lay, vintage speakeasy style. High-quality photo of a Snowday, served in a cocktail glass, featuring Amer notes. Made with Vodka, Amaro Montenegro, Ruby Port, Blood Orange, Angostura Bitters, Orange Peel. Instructions: Stir all ingredients with ice. Strain into a chilled rocks glass over fresh ice. Express orange peel over drink and garnish.. Garnished with a minimalist garnish, placed on a dark wooden bar counter, moody lighting --v 5"
Brooklyn,"Flat lay, vintage speakeasy style. High-quality photo of a Brooklyn, served in a cocktail glass, featuring Amer, sucré, sucré notes. Made with Rye Whiskey, Dry Vermouth, Maraschino Liqueur, Angostura Bitters, Maraschino Cherry. Instructions: Combine ingredients with ice and stir until well-chilled. Strain into a chilled cocktail glass.. Garnished with a minimalist garnish, placed on a dark wooden bar counter, moody lighting --v 5"
Affinity,"Flat lay, vintage speakeasy style. High-quality photo of a Affinity, served in a cocktail glass, featuring Amer, sucré notes. Made with Scotch, Sweet Vermouth, Dry Vermouth, Orange bitters. Instructions: In a mixing glass half-filled with ice cubes, combine all of the ingredients. Stir well. Strain into a cocktail glass.. Garnished with a minimalist garnish, placed on a dark wooden bar counter, moody lighting --v 5"
Allegheny,"Flat lay, vintage speakeasy style. High-quality photo of a Allegheny, served in a cocktail glass, featuring Amer, sucré notes. Made with Dry Vermouth, Bourbon, Blackberry brandy, Lemon juice, Lemon peel. Instructions: Shake all ingredients (except lemon peel) with ice and strain into a cocktail glass. Top with the twist of lemon peel and serve.. Garnished with a minimalist garnish, placed on a dark wooden bar counter, moody lighting --v 5"
Greyhound,"Flat lay, vintage speakeasy style. High-quality photo of a Greyhound, served in a cocktail glass, featuring Fruité, sucré notes. Made with Vodka, Grapefruit Juice. Instructions: Add the vodka to a Collins glass filled with ice.
Top with grapefruit juice and stir.

. Garnished with a fresh fruit slice, placed on a dark wooden bar counter, moody lighting --v 5"
Honey Bee,"Flat lay, vintage speakeasy style. High-quality photo of a Honey Bee, served in a cocktail glass, featuring Fruité, sucré notes. Made with White Rum, Honey, Lemon Juice. Instructions: Shake ingredients with crushed ice
. Garnished with a fresh fruit slice, placed on a dark wooden bar counter, moody lighting --v 5"
Artillery,"Flat lay, vintage speakeasy style. High-quality photo of a Artillery, served in a cocktail glass, featuring Amer, sucré notes. Made with Sweet Vermouth, Gin, Bitters. Instructions: Stir all ingredients with ice, strain into a cocktail glass, and serve.. Garnished with a minimalist garnish, placed on a dark wooden bar counter, moody lighting --v 5"
Pink Lady,"Flat lay, vintage speakeasy style. High-quality photo of a Pink Lady, served in a cocktail glass, featuring Fruité, sucré, sucré notes. Made with Gin, Grenadine, Light cream, Egg white. Instructions: Shake all ingredients with ice, strain into a cocktail glass, and serve.. Garnished with a fresh fruit slice, placed on a dark wooden bar counter, moody lighting --v 5"
Tipperary,"Flat lay, vintage speakeasy style. High-quality photo of a Tipperary, served in a cocktail glass, featuring Amer, sucré notes. Made with Irish Whiskey, Sweet Vermouth, Green Chartreuse. Instructions: Stir over ice. Strain into chilled glass. Cut a wide swath of orange peel, and express the orange oils over the drink. Discard orange twist.. Garnished with a minimalist garnish, placed on a dark wooden bar counter, moody lighting --v 5"
Salty Dog,"Flat lay, vintage speakeasy style. High-quality photo of a Salty Dog, served in a cocktail glass, featuring Fruité, sucré, salé notes. Made with Grapefruit juice, Gin, Salt. Instructions: Pour all ingredients over ice cubes in a highball glass. Stir well and serve. (Vodka may be substituted for gin, if preferred.). Garnished with a fresh fruit slice, placed on a dark wooden bar counter, moody lighting --v 5"
Dragonfly,"Flat lay, vintage speakeasy style. High-quality photo of a Dragonfly, served in a cocktail glass, featuring Acide, épicé, épicé notes. Made with Gin, Ginger ale, Lime. Instructions: In a highball glass almost filled with ice cubes, combine the gin and ginger ale. Stir well. Garnish with the lime wedge.. Garnished with a minimalist garnish, placed on a dark wooden bar counter, moody lighting --v 5"
Foxy Lady,"Flat lay, vintage speakeasy style. High-quality photo of a Foxy Lady, served in a cocktail glass, featuring Crémeux notes. Made with Amaretto, Creme de Cacao, Light cream. Instructions: Shake all ingredients with ice, strain into a chilled cocktail glass, and serve.. Garnished with a minimalist garnish, placed on a dark wooden bar counter, moody lighting --v 5"
Gin Daisy,"Flat lay, vintage speakeasy style. High-quality photo of a Gin Daisy, served in a cocktail glass, featuring Fruité, sucré, sucré notes. Made with Gin, Lemon juice, Sugar, Grenadine, Maraschino cherry, Orange. Instructions: In a shaker half-filled with ice cubes, combine the gin, lemon juice, sugar, and grenadine. Shake well. Pour into an old-fashioned glass and garnish with the cherry and the orange slice.. Garnished with a fresh fruit slice, placed on a dark wooden bar counter, moody lighting --v 5"
Gin Toddy,"Flat lay, vintage speakeasy style. High-quality photo of a Gin Toddy, served in a cocktail glass, featuring Fruité, sucré notes. Made with Gin, Water, Powdered sugar, Lemon peel. Instructions: Mix powdered sugar and water in an old-fashioned glass. Add gin and one ice cube. Stir, add the twist of lemon peel, and serve.. Garnished with a fresh fruit slice, placed on a dark wooden bar counter, moody lighting --v 5"
Rum Toddy,"Flat lay, vintage speakeasy style. High-quality photo of a Rum Toddy, served in a cocktail glass, featuring Fruité, sucré notes. Made with Rum, Powdered sugar, Lemon peel, Water. Instructions: Dissolve powdered sugar in water in an old-fashioned glass. Add rum and one ice cube and stir. Add the twist of lemon peel and serve.. Garnished with a fresh fruit slice, placed on a dark wooden bar counter, moody lighting --v 5"
Hot Toddy,"Flat lay, vintage speakeasy style. High-quality photo of a Hot Toddy, served in a cocktail glass, featuring Fruité, épicé, sucré, épicé notes. Made with Whiskey, Honey, Cinnamon, lemon, Cloves. Instructions: STEP 1
Whisk the whisky and honey together and split between 2 heatproof glasses. Add half of the cinnamon stick to each, then top up with 200ml boiling water.

STEP 2
Add a splash of lemon juice to each, then taste and add more to your preference. Finish each with a slice of lemon, studded with a clove, and serve immediately.. Garnished with a fresh fruit slice, placed on a dark wooden bar counter, moody lighting --v 5"
Bob Marley,"Flat lay, vintage speakeasy style. High-quality photo of a Bob Marley, served in a cocktail glass, featuring Fruité, sucré, sucré notes. Made with Midori melon liqueur, Jägermeister, Goldschlager. Instructions: Layer in a 2 oz shot glass or pony glass. Garnished with a fresh fruit slice, placed on a dark wooden bar counter, moody lighting --v 5"
Almond Joy,"Flat lay, vintage speakeasy style. High-quality photo of a Almond Joy, served in a cocktail glass, featuring Crémeux notes. Made with Amaretto, Creme de Cacao, Light cream. Instructions: Shake all ingredients with ice, strain into a cocktail glass, and serve.. Garnished with a minimalist garnish, placed on a dark wooden bar counter, moody lighting --v 5"
Kir Royale,"Flat lay, vintage speakeasy style. High-quality photo of a Kir Royale, served in a cocktail glass, featuring Crémeux notes. Made with Creme de Cassis, Champagne. Instructions: Pour Creme de cassis in glass, gently pour champagne on top. Garnished with a minimalist garnish, placed on a dark wooden bar counter, moody lighting --v 5"
Gin Rickey,"Flat lay, vintage speakeasy style. High-quality photo of a Gin Rickey, served in a cocktail glass, featuring Acide, sucré, sucré notes. Made with Gin, Grenadine, lemon, Soda Water, Lime. Instructions: Half-fill a tall glass with ice. Mix the gin and Grenadine together and pour over the ice. Add the lime or lemon juice and top off with soda water. Decorate the glass with lime and/or lemon slices.. Garnished with a minimalist garnish, placed on a dark wooden bar counter, moody lighting --v 5"
Rusty Nail,"Flat lay, vintage speakeasy style. High-quality photo of a Rusty Nail, served in a cocktail glass, featuring Fruité notes. Made with Scotch, Drambuie, Lemon peel. Instructions: Pour the Scotch and Drambuie into an old-fashioned glass almost filled with ice cubes. Stir well. Garnish with the lemon twist.. Garnished with a fresh fruit slice, placed on a dark wooden bar counter, moody lighting --v 5"
White Lady,"Flat lay, vintage speakeasy style. High-quality photo of a White Lady, served in a cocktail glass, featuring Fruité, sucré notes. Made with Gin, Triple Sec, Lemon Juice. Instructions: Add all ingredients into cocktail shaker filled with ice. Shake well and strain into large cocktail glass.. Garnished with a fresh fruit slice, placed on a dark wooden bar counter, moody lighting --v 5"
Royal Fizz,"Flat lay, vintage speakeasy style. High-quality photo of a Royal Fizz, served in a cocktail glass, featuring Fruité, sucré notes. Made with Gin, Sweet and sour, Egg, Coca-Cola. Instructions: Shake all ingredients (except cola) with ice and strain into a chilled collins glass. Fill with cola and serve.. Garnished with a fresh fruit slice, placed on a dark wooden bar counter, moody lighting --v 5"
Zorro,"Flat lay, vintage speakeasy style. High-quality photo of a Zorro, served in a cocktail glass, featuring Herbacé notes. Made with Sambuca, Baileys irish cream, White Creme de Menthe. Instructions: add all and pour black coffee and add whipped cream on top.. Garnished with a minimalist garnish, placed on a dark wooden bar counter, moody lighting --v 5"
Spritz,"Flat lay, vintage speakeasy style. High-quality photo of a Spritz, served in a cocktail glass, featuring Amer notes. Made with Prosecco, Campari, Soda Water. Instructions: Build into glass over ice, garnish and serve.. Garnished with a minimalist garnish, placed on a dark wooden bar counter, moody lighting --v 5"
Zoksel,"Flat lay, vintage speakeasy style. High-quality photo of a Zoksel, served in a cocktail glass, featuring Crémeux notes. Made with Beer, Root beer, Lemonade, Coca-Cola, 7-Up, Creme de Cassis, Lemon. Instructions: No specific mixing instructions, just poor every ingredient in one glass. The lemon goes with it.. Garnished with a minimalist garnish, placed on a dark wooden bar counter, moody lighting --v 5"
Zombie,"Flat lay, vintage speakeasy style. High-quality photo of a Zombie, served in a cocktail glass, featuring Acide, sucré, sucré notes. Made with Rum, Gold rum, 151 proof rum, Pernod, Grenadine, Lime Juice, Angostura Bitters. Instructions: Blend at high speed for no more than 5 seconds.

Pour into a glass, add ice cubes to fill, then add the garnish.

*Donn’s mix: Bring 3 crushed cinnamon sticks, 1 cup of sugar and 1 cup of water to a boil, stirring until the sugar is dissolved.

Simmer for 2 minutes, then remove from the heat and let sit for at least 2 hours before straining into a clean glass bottle.

Then add 1 part of the syrup and 2 parts of fresh grapefruit juice together.. Garnished with a minimalist garnish, placed on a dark wooden bar counter, moody lighting --v 5"
Zinger,"Flat lay, vintage speakeasy style. High-quality photo of a Zinger, served in a cocktail glass, featuring Fruité notes. Made with Peachtree schnapps, Surge. Instructions: Get a shot glass and pour in three shots of the schnapps. Do the same with the Surge Cola. Then down it like Scheetz would.. Garnished with a fresh fruit slice, placed on a dark wooden bar counter, moody lighting --v 5"
Zambeer,"Flat lay, vintage speakeasy style. High-quality photo of a Zambeer, served in a cocktail glass, featuring Fruité notes. Made with Sambuca, Root beer, Ice. Instructions: Mix sambuca with rootbeer and stir. Add ice. Garnished with a fresh fruit slice, placed on a dark wooden bar counter, moody lighting --v 5"
Sazerac,"Flat lay, vintage speakeasy style. High-quality photo of a Sazerac, served in a cocktail glass, featuring Fumé, sucré notes. Made with Ricard, Sugar, Peychaud bitters, Water, Bourbon, Lemon peel. Instructions: Rinse a chilled old-fashioned glass with the absinthe, add crushed ice, and set it aside. Stir the remaining ingredients over ice and set it aside. Discard the ice and any excess absinthe from the prepared glass, and strain the drink into the glass. Add the lemon peel for garnish.. Garnished with a minimalist garnish, placed on a dark wooden bar counter, moody lighting --v 5"
Gin Fizz,"Flat lay, vintage speakeasy style. High-quality photo of a Gin Fizz, served in a cocktail glass, featuring Fruité, sucré notes. Made with Gin, Lemon, Powdered sugar, Carbonated water. Instructions: Shake all ingredients with ice cubes, except soda water. Pour into glass. Top with soda water.. Garnished with a fresh fruit slice, placed on a dark wooden bar counter, moody lighting --v 5"
Kamikaze,"Flat lay, vintage speakeasy style. High-quality photo of a Kamikaze, served in a cocktail glass, featuring Acide, sucré notes. Made with Vodka, Triple sec, Lime juice. Instructions: Shake all ingredients together with ice. Strain into glass, garnish and serve.. Garnished with a minimalist garnish, placed on a dark wooden bar counter, moody lighting --v 5"
Zorbatini,"Flat lay, vintage speakeasy style. High-quality photo of a Zorbatini, served in a cocktail glass, featuring Fruité notes. Made with Vodka, Ouzo. Instructions: Prepare like a Martini. Garnish with a green olive.. Garnished with a fresh fruit slice, placed on a dark wooden bar counter, moody lighting --v 5"
Vodka Fizz,"Flat lay, vintage speakeasy style. High-quality photo of a Vodka Fizz, served in a cocktail glass, featuring Acide, épicé, épicé notes. Made with Vodka, Half-and-half, Limeade, Ice, Nutmeg. Instructions: Blend all ingredients, save nutmeg. Pour into large white wine glass and sprinkle nutmeg on top.. Garnished with a minimalist garnish, placed on a dark wooden bar counter, moody lighting --v 5"
Royal Fizz,"Flat lay, vintage speakeasy style. High-quality photo of a Royal Fizz, served in a cocktail glass, featuring Fruité, sucré notes. Made with Gin, Sweet and sour, Egg, Coca-Cola. Instructions: Shake all ingredients (except cola) with ice and strain into a chilled collins glass. Fill with cola and serve.. Garnished with a fresh fruit slice, placed on a dark wooden bar counter, moody lighting --v 5"
Martinez 2,"Flat lay, vintage speakeasy style. High-quality photo of a Martinez 2, served in a cocktail glass, featuring Amer, sucré, sucré notes. Made with Gin, Sweet Vermouth, Maraschino Liqueur, Angostura Bitters. Instructions: Add all ingredients to a mixing glass and fill with ice.

Stir until chilled, and strain into a chilled coupe glass.. Garnished with a minimalist garnish, placed on a dark wooden bar counter, moody lighting --v 5"
Sea breeze,"Flat lay, vintage speakeasy style. High-quality photo of a Sea breeze, served in a cocktail glass, featuring Fruité, sucré notes. Made with Vodka, Cranberry juice, Grapefruit juice. Instructions: Build all ingredients in a highball glass filled with ice. Garnish with lime wedge.. Garnished with a fresh fruit slice, placed on a dark wooden bar counter, moody lighting --v 5"
Zipperhead,"Flat lay, vintage speakeasy style. High-quality photo of a Zipperhead, served in a cocktail glass, featuring Fruité, sucré, sucré notes. Made with Chambord raspberry liqueur, Vodka, Soda water. Instructions: Fill glass with rocks, add straw before putting in liquor. Then add the ingredients in order, trying to keep layered as much as possible (i.e. Chambord on bottom, then Vodka, Then soda on top).. Garnished with a fresh fruit slice, placed on a dark wooden bar counter, moody lighting --v 5"
Zenmeister,"Flat lay, vintage speakeasy style. High-quality photo of a Zenmeister, served in a cocktail glass, featuring Fruité notes. Made with Jägermeister, Root beer. Instructions: Mix together and enjoy. Garnished with a fresh fruit slice, placed on a dark wooden bar counter, moody lighting --v 5"
Gin Swizzle,"Flat lay, vintage speakeasy style. High-quality photo of a Gin Swizzle, served in a cocktail glass, featuring Acide, sucré notes. Made with Lime juice, Sugar, Gin, Bitters, Club soda. Instructions: In a shaker half-filled with ice cubes, combine the lime juice, sugar, gin, and bitters. Shake well. Almost fill a colling glass with ice cubes. Stir until the glass is frosted. Strain the mixture in the shaker into the glass and add the club soda.. Garnished with a minimalist garnish, placed on a dark wooden bar counter, moody lighting --v 5"
Aztec Punch,"Flat lay, vintage speakeasy style. High-quality photo of a Aztec Punch, served in a cocktail glass, featuring Fruité, épicé, épicé notes. Made with Lemonade, Vodka, Rum, Ginger ale. Instructions: Mix all ingredients in a pitcher. Mix thoroughly and pour into whatever is available, the bigger the better! This drink packs a big punch, so don't over do it.. Garnished with a fresh fruit slice, placed on a dark wooden bar counter, moody lighting --v 5"
Chicago Fizz,"Flat lay, vintage speakeasy style. High-quality photo of a Chicago Fizz, served in a cocktail glass, featuring Fruité, sucré notes. Made with Light rum, Port, Lemon, Powdered sugar, Egg white, Carbonated water. Instructions: Shake all ingredients (except carbonated water) with ice and strain into a highball glass over two ice cubes. Fill with carbonated water, stir, and serve.. Garnished with a fresh fruit slice, placed on a dark wooden bar counter, moody lighting --v 5"
Zima Blaster,"Flat lay, vintage speakeasy style. High-quality photo of a Zima Blaster, served in a cocktail glass, featuring Fruité, sucré, sucré notes. Made with Zima, Chambord raspberry liqueur. Instructions: Fill glass with ice. Pour in Chambord, then fill with Zima. Mix and enjoy.. Garnished with a fresh fruit slice, placed on a dark wooden bar counter, moody lighting --v 5"
Tequila Fizz,"Flat lay, vintage speakeasy style. High-quality photo of a Tequila Fizz, served in a cocktail glass, featuring Fruité, sucré, épicé, sucré, épicé notes. Made with Tequila, Lemon juice, Grenadine, Egg white, Ginger ale. Instructions: Shake all ingredients (except ginger ale) with ice and strain into a collins glass over ice cubes. Fill with ginger ale, stir, and serve.. Garnished with a fresh fruit slice, placed on a dark wooden bar counter, moody lighting --v 5"
Grizzly Bear,"Flat lay, vintage speakeasy style. High-quality photo of a Grizzly Bear, served in a cocktail glass, featuring Fruité notes. Made with Amaretto, Jägermeister, Kahlua, Milk. Instructions: Served over ice. Sounds nasty, but tastes great.. Garnished with a fresh fruit slice, placed on a dark wooden bar counter, moody lighting --v 5"
Imperial Fizz,"Flat lay, vintage speakeasy style. High-quality photo of a Imperial Fizz, served in a cocktail glass, featuring Fruité, sucré notes. Made with Light rum, Blended whiskey, Lemon, Powdered sugar, Carbonated water. Instructions: Shake all ingredients (except carbonated water) with ice and strain into a highball glass over two ice cubes. Fill with carbonated water, stir, and serve.. Garnished with a fresh fruit slice, placed on a dark wooden bar counter, moody lighting --v 5"
Japanese Fizz,"Flat lay, vintage speakeasy style. High-quality photo of a Japanese Fizz, served in a cocktail glass, featuring Fruité, sucré notes. Made with Blended whiskey, Lemon, Powdered sugar, Port, Egg white, Carbonated water. Instructions: Shake all ingredients (except carbonated water) with ice and strain into a highball glass over two ice cubes. Fill with carbonated water, stir, and serve.. Garnished with a fresh fruit slice, placed on a dark wooden bar counter, moody lighting --v 5"
Fuzzy Asshole,"Flat lay, vintage speakeasy style. High-quality photo of a Fuzzy Asshole, served in a cocktail glass, featuring Fruité notes. Made with Coffee, Peach schnapps. Instructions: fill coffe mug half full of coffee. Fill the other half full of Peach Schnapps. Stir and drink while hot.. Garnished with a fresh fruit slice, placed on a dark wooden bar counter, moody lighting --v 5"
A1,"Flat lay, vintage speakeasy style. High-quality photo of a A1, served in a cocktail glass, featuring Fruité, sucré, sucré notes. Made with Gin, Grand Marnier, Lemon Juice, Grenadine. Instructions: Pour all ingredients into a cocktail shaker, mix and serve over ice into a chilled glass.. Garnished with a fresh fruit slice, placed on a dark wooden bar counter, moody lighting --v 5"
Ace,"Flat lay, vintage speakeasy style. High-quality photo of a Ace, served in a cocktail glass, featuring Fruité, sucré, sucré notes. Made with Gin, Grenadine, Heavy cream, Milk, Egg White. Instructions: Shake all the ingredients in a cocktail shaker and ice then strain in a cold glass.. Garnished with a fresh fruit slice, placed on a dark wooden bar counter, moody lighting --v 5"
ABC,"Flat lay, vintage speakeasy style. High-quality photo of a ABC, served in a cocktail glass, featuring Crémeux notes. Made with Amaretto, Baileys irish cream, Cognac. Instructions: Layered in a shot glass.. Garnished with a minimalist garnish, placed on a dark wooden bar counter, moody lighting --v 5"
ACID,"Flat lay, vintage speakeasy style. High-quality photo of a ACID, served in a cocktail glass, featuring Fruité notes. Made with 151 proof rum, Wild Turkey. Instructions: Poor in the 151 first followed by the 101 served with a Coke or Dr Pepper chaser.. Garnished with a fresh fruit slice, placed on a dark wooden bar counter, moody lighting --v 5"
Adam,"Flat lay, vintage speakeasy style. High-quality photo of a Adam, served in a cocktail glass, featuring Fruité, sucré, sucré notes. Made with Dark rum, Lemon juice, Grenadine. Instructions: In a shaker half-filled with ice cubes, combine all of the ingredients. Shake well. Strain into a cocktail glass.. Garnished with a fresh fruit slice, placed on a dark wooden bar counter, moody lighting --v 5"
AT&T,"Flat lay, vintage speakeasy style. High-quality photo of a AT&T, served in a cocktail glass, featuring Fruité notes. Made with Absolut Vodka, Gin, Tonic water. Instructions: Pour Vodka and Gin over ice, add Tonic and Stir. Garnished with a fresh fruit slice, placed on a dark wooden bar counter, moody lighting --v 5"
A. J.,"Flat lay, vintage speakeasy style. High-quality photo of a A. J., served in a cocktail glass, featuring Fruité, sucré notes. Made with Applejack, Grapefruit juice. Instructions: Shake ingredients with ice, strain into a cocktail glass, and serve.. Garnished with a fresh fruit slice, placed on a dark wooden bar counter, moody lighting --v 5"
Karsk,"Flat lay, vintage speakeasy style. High-quality photo of a Karsk, served in a cocktail glass, featuring Fruité notes. Made with Coffee, Grain alcohol. Instructions: Put a copper coin in a coffe-cup and fill up with coffee until you no longer see the coin, then add alcohol until you see the coin. Norwegian speciality.. Garnished with a fresh fruit slice, placed on a dark wooden bar counter, moody lighting --v 5"
Melya,"Flat lay, vintage speakeasy style. High-quality photo of a Melya, served in a cocktail glass, featuring Fruité, sucré notes. Made with Espresso, Honey, Cocoa powder. Instructions: Brew espresso. In a coffee mug, place 1 teaspoon of unsweetened powdered cocoa, then cover a teaspoon with honey and drizzle it into the cup. Stir while the coffee brews, this is the fun part. The cocoa seems to coat the honey without mixing, so you get a dusty, sticky mass that looks as though it will never mix. Then all at once, presto! It looks like dark chocolate sauce. Pour hot espresso over the honey, stirring to dissolve. Serve with cream.. Garnished with a fresh fruit slice, placed on a dark wooden bar counter, moody lighting --v 5"
Casino,"Flat lay, vintage speakeasy style. High-quality photo of a Casino, served in a cocktail glass, featuring Fruité, sucré, sucré notes. Made with Gin, Maraschino liqueur, Lemon juice, Orange bitters, Cherry. Instructions: Pour all ingredients into shaker with ice cubes. Shake well. Strain into chilled cocktail glass. Garnish with a lemon twist and a maraschino cherry. Serve without a straw.. Garnished with a fresh fruit slice, placed on a dark wooden bar counter, moody lighting --v 5"
Affair,"Flat lay, vintage speakeasy style. High-quality photo of a Affair, served in a cocktail glass, featuring Fruité, sucré notes. Made with Strawberry schnapps, Orange juice, Cranberry juice, Club soda. Instructions: Pour schnapps, orange juice, and cranberry juice over ice in a highball glass. Top with club soda and serve.. Garnished with a fresh fruit slice, placed on a dark wooden bar counter, moody lighting --v 5"
Radler,"Flat lay, vintage speakeasy style. High-quality photo of a Radler, served in a cocktail glass, featuring Fruité notes. Made with Beer, 7-Up. Instructions: Pour beer into large mug, slowly add the 7-up (or Sprite).. Garnished with a fresh fruit slice, placed on a dark wooden bar counter, moody lighting --v 5"
Paloma,"Flat lay, vintage speakeasy style. High-quality photo of a Paloma, served in a cocktail glass, featuring Fruité notes. Made with Grape Soda, Tequila. Instructions: Stir together and serve over ice.. Garnished with a fresh fruit slice, placed on a dark wooden bar counter, moody lighting --v 5"
Boxcar,"Flat lay, vintage speakeasy style. High-quality photo of a Boxcar, served in a cocktail glass, featuring Fruité, sucré, sucré notes. Made with Gin, Triple sec, Lemon juice, Grenadine, Egg white. Instructions: In a shaker half-filled with ice cubes, combine all of the ingredients. Shake well. Strain into a sour glass.. Garnished with a fresh fruit slice, placed on a dark wooden bar counter, moody lighting --v 5"
Mimosa,"Flat lay, vintage speakeasy style. High-quality photo of a Mimosa, served in a cocktail glass, featuring Fruité, sucré notes. Made with Champagne, Orange juice. Instructions: Ensure both ingredients are well chilled, then mix into the glass. Serve cold.. Garnished with a fresh fruit slice, placed on a dark wooden bar counter, moody lighting --v 5"
Avalon,"Flat lay, vintage speakeasy style. High-quality photo of a Avalon, served in a cocktail glass, featuring Fruité, sucré notes. Made with Vodka, Pisang Ambon, Apple juice, Lemon juice, Lemonade. Instructions: Fill a tall glass with ice. Layer the Finlandia Vodka, lemon and apple juices, Pisang Ambon, and top up with lemonade. Stir slightly and garnish with a spiralled cucumber skin and a red cherry. The cucumber provides zest and looks attractive. This drink, created by Timo Haimi, took first prize in the 1991 Finlandia Vodka Long Drink Competition.. Garnished with a fresh fruit slice, placed on a dark wooden bar counter, moody lighting --v 5"
Apello,"Flat lay, vintage speakeasy style. High-quality photo of a Apello, served in a cocktail glass, featuring Fruité, sucré notes. Made with Orange juice, Grapefruit juice, Apple juice, Maraschino cherry. Instructions: Stirr. Grnish with maraschino cherry.. Garnished with a fresh fruit slice, placed on a dark wooden bar counter, moody lighting --v 5"
Orgasm,"Flat lay, vintage speakeasy style. High-quality photo of a Orgasm, served in a cocktail glass, featuring Crémeux notes. Made with Creme de Cacao, Amaretto, Triple sec, Vodka, Light cream. Instructions: Shake all ingredients with ice, strain into a chilled cocktail glass, and serve.. Garnished with a minimalist garnish, placed on a dark wooden bar counter, moody lighting --v 5"
Ipamena,"Flat lay, vintage speakeasy style. High-quality photo of a Ipamena, served in a cocktail glass, featuring Acide, épicé, sucré, épicé notes. Made with Lime, Brown sugar, Passion fruit juice, Ginger ale, Ice. Instructions: Cut half a lime into pieces, place in a shaker, add the sugar and crush. Measure the passion fruit juice, add it to the shaker and fill up with ice cubes. Close the shaker and shake vigorously. Pour the liquid into a glass, top up with ginger ale, stir with a teaspoon and then garnish the rim of the glass with a slice of lime. Garnished with a minimalist garnish, placed on a dark wooden bar counter, moody lighting --v 5"
Zambeer,"Flat lay, vintage speakeasy style. High-quality photo of a Zambeer, served in a cocktail glass, featuring Fruité notes. Made with Sambuca, Root beer, Ice. Instructions: Mix sambuca with rootbeer and stir. Add ice. Garnished with a fresh fruit slice, placed on a dark wooden bar counter, moody lighting --v 5"
Bramble,"Flat lay, vintage speakeasy style. High-quality photo of a Bramble, served in a cocktail glass, featuring Crémeux, sucré notes. Made with Gin, lemon juice, Sugar syrup, Creme de Mure. Instructions: Fill glass with crushed ice. Build gin, lemon juice and simple syrup over. Stir, and then pour blackberry liqueur over in a circular fashion to create marbling effect. Garnish with two blackberries and lemon slice.. Garnished with a minimalist garnish, placed on a dark wooden bar counter, moody lighting --v 5"
Sazerac,"Flat lay, vintage speakeasy style. High-quality photo of a Sazerac, served in a cocktail glass, featuring Fumé, sucré notes. Made with Ricard, Sugar, Peychaud bitters, Water, Bourbon, Lemon peel. Instructions: Rinse a chilled old-fashioned glass with the absinthe, add crushed ice, and set it aside. Stir the remaining ingredients over ice and set it aside. Discard the ice and any excess absinthe from the prepared glass, and strain the drink into the glass. Add the lemon peel for garnish.. Garnished with a minimalist garnish, placed on a dark wooden bar counter, moody lighting --v 5"
Almeria,"Flat lay, vintage speakeasy style. High-quality photo of a Almeria, served in a cocktail glass, featuring Fruité notes. Made with Dark rum, Kahlua, Egg white. Instructions: In a shaker half-filled with ice cubes, combine all of the ingredients. Shake well. Strain into a cocktail glass.. Garnished with a fresh fruit slice, placed on a dark wooden bar counter, moody lighting --v 5"
Addison,"Flat lay, vintage speakeasy style. High-quality photo of a Addison, served in a cocktail glass, featuring Amer notes. Made with Gin, Vermouth. Instructions: Shake together all the ingredients and strain into a cold glass.. Garnished with a minimalist garnish, placed on a dark wooden bar counter, moody lighting --v 5"
Vampiro,"Flat lay, vintage speakeasy style. High-quality photo of a Vampiro, served in a cocktail glass, featuring Acide, sucré, salé notes. Made with Tequila, Tomato Juice, Orange Juice, Lime Juice, Sugar Syrup, Salt. Instructions: Vampiros may be made in a tall glass or an old fashioned glass. Bartenders may first ""rim"" the glass with Kosher Salt, which is done by placing a layer of Kosher Salt on a chopping board, moistening the glass' rim with lime juice or water, and then placing the upside down glass rim onto the Kosher Salt, so that the salt sticks to the moistened rim. The second step is to fill half the glass with ice and add one or two shooter glasses full of high quality Tequila. The next stage is to add the flavouring elements. This is done by squeezing a fresh lime into the glass, adding a few grains of salt, adding citrus-flavoured soda pop, until the glass is 4/5 full, and then adding spicy Viuda de Sanchez (or orange juice, lime juice and pico de gallo). The final step is to stir the ingredients so that the flavours are properly blended.. Garnished with a minimalist garnish, placed on a dark wooden bar counter, moody lighting --v 5"
ABC,"Flat lay, vintage speakeasy style. High-quality photo of a ABC, served in a cocktail glass, featuring Crémeux notes. Made with Amaretto, Baileys irish cream, Cognac. Instructions: Layered in a shot glass.. Garnished with a minimalist garnish, placed on a dark wooden bar counter, moody lighting --v 5"
B-53,"Flat lay, vintage speakeasy style. High-quality photo of a B-53, served in a cocktail glass, featuring Fruité notes. Made with Kahlua, Sambuca, Grand Marnier. Instructions: Layer the Kahlua, Sambucca and Grand Marnier into a shot glas in that order. Better than B-52. Garnished with a fresh fruit slice, placed on a dark wooden bar counter, moody lighting --v 5"
B-52,"Flat lay, vintage speakeasy style. High-quality photo of a B-52, served in a cocktail glass, featuring Crémeux notes. Made with Baileys irish cream, Grand Marnier, Kahlua. Instructions: Layer ingredients into a shot glass. Serve with a stirrer.. Garnished with a minimalist garnish, placed on a dark wooden bar counter, moody lighting --v 5"
Derby,"Flat lay, vintage speakeasy style. High-quality photo of a Derby, served in a cocktail glass, featuring Fruité notes. Made with gin, Peach Bitters, Mint. Instructions: Pour all ingredients into a mixing glass with ice. Stir. Strain into a cocktail glass. Garnish with a sprig of fresh mint in the drink.. Garnished with a fresh fruit slice, placed on a dark wooden bar counter, moody lighting --v 5"
Bijou,"Flat lay, vintage speakeasy style. High-quality photo of a Bijou, served in a cocktail glass, featuring Amer, sucré notes. Made with Orange Bitters, Green Chartreuse, Gin, Sweet Vermouth. Instructions: Stir in mixing glass with ice and strain
. Garnished with a minimalist garnish, placed on a dark wooden bar counter, moody lighting --v 5"
Zombie,"Flat lay, vintage speakeasy style. High-quality photo of a Zombie, served in a cocktail glass, featuring Acide, sucré, sucré notes. Made with Rum, Gold rum, 151 proof rum, Pernod, Grenadine, Lime Juice, Angostura Bitters. Instructions: Blend at high speed for no more than 5 seconds.

Pour into a glass, add ice cubes to fill, then add the garnish.

*Donn’s mix: Bring 3 crushed cinnamon sticks, 1 cup of sugar and 1 cup of water to a boil, stirring until the sugar is dissolved.

Simmer for 2 minutes, then remove from the heat and let sit for at least 2 hours before straining into a clean glass bottle.

Then add 1 part of the syrup and 2 parts of fresh grapefruit juice together.. Garnished with a minimalist garnish, placed on a dark wooden bar counter, moody lighting --v 5"
Boxcar,"Flat lay, vintage speakeasy style. High-quality photo of a Boxcar, served in a cocktail glass, featuring Fruité, sucré, sucré notes. Made with Gin, Triple sec, Lemon juice, Grenadine, Egg white. Instructions: In a shaker half-filled with ice cubes, combine all of the ingredients. Shake well. Strain into a sour glass.. Garnished with a fresh fruit slice, placed on a dark wooden bar counter, moody lighting --v 5"
Abilene,"Flat lay, vintage speakeasy style. High-quality photo of a Abilene, served in a cocktail glass, featuring Fruité, sucré notes. Made with Dark rum, Peach nectar, Orange juice. Instructions: Pour all of the ingredients into a highball glass almost filled with ice cubes. Stir well.. Garnished with a fresh fruit slice, placed on a dark wooden bar counter, moody lighting --v 5"
Zambeer,"Flat lay, vintage speakeasy style. High-quality photo of a Zambeer, served in a cocktail glass, featuring Fruité notes. Made with Sambuca, Root beer, Ice. Instructions: Mix sambuca with rootbeer and stir. Add ice. Garnished with a fresh fruit slice, placed on a dark wooden bar counter, moody lighting --v 5"
Bramble,"Flat lay, vintage speakeasy style. High-quality photo of a Bramble, served in a cocktail glass, featuring Crémeux, sucré notes. Made with Gin, lemon juice, Sugar syrup, Creme de Mure. Instructions: Fill glass with crushed ice. Build gin, lemon juice and simple syrup over. Stir, and then pour blackberry liqueur over in a circular fashion to create marbling effect. Garnish with two blackberries and lemon slice.. Garnished with a minimalist garnish, placed on a dark wooden bar counter, moody lighting --v 5"
Big Red,"Flat lay, vintage speakeasy style. High-quality photo of a Big Red, served in a cocktail glass, featuring Fruité notes. Made with Irish cream, Goldschlager. Instructions: Pour ingredients into 1 ounce shot glass. Garnished with a fresh fruit slice, placed on a dark wooden bar counter, moody lighting --v 5"
Bellini,"Flat lay, vintage speakeasy style. High-quality photo of a Bellini, served in a cocktail glass, featuring Fruité notes. Made with Champagne, Peach schnapps. Instructions: Pour peach purée into chilled flute, add sparkling wine. Stir gently.. Garnished with a fresh fruit slice, placed on a dark wooden bar counter, moody lighting --v 5"
Brooklyn,"Flat lay, vintage speakeasy style. High-quality photo of a Brooklyn, served in a cocktail glass, featuring Amer, sucré, sucré notes. Made with Rye Whiskey, Dry Vermouth, Maraschino Liqueur, Angostura Bitters, Maraschino Cherry. Instructions: Combine ingredients with ice and stir until well-chilled. Strain into a chilled cocktail glass.. Garnished with a minimalist garnish, placed on a dark wooden bar counter, moody lighting --v 5"
Balmoral,"Flat lay, vintage speakeasy style. High-quality photo of a Balmoral, served in a cocktail glass, featuring Amer, sucré notes. Made with Scotch, Sweet Vermouth, Dry Vermouth, Bitters. Instructions: In a mixing glass half-filled with ice cubes, combine all of the ingredients. Stir well. Strain into a cocktail glass.. Garnished with a minimalist garnish, placed on a dark wooden bar counter, moody lighting --v 5"
Snowball,"Flat lay, vintage speakeasy style. High-quality photo of a Snowball, served in a cocktail glass, featuring Fruité notes. Made with Advocaat, Lemonade, Lemon, Ice. Instructions: Place one ice cube in the glass and add 1 1/2 oz of Advocaat. Fill up the glass with lemonade and decorate with a slice of lemon. Serve at once.. Garnished with a fresh fruit slice, placed on a dark wooden bar counter, moody lighting --v 5"
Danbooka,"Flat lay, vintage speakeasy style. High-quality photo of a Danbooka, served in a cocktail glass, featuring Fruité notes. Made with Coffee, Everclear. Instructions: pour it in and mix it.. Garnished with a fresh fruit slice, placed on a dark wooden bar counter, moody lighting --v 5"
Bluebird,"Flat lay, vintage speakeasy style. High-quality photo of a Bluebird, served in a cocktail glass, featuring Fruité notes. Made with Gin, Triple sec, Blue Curacao, Bitters, Maraschino cherry, Lemon peel. Instructions: In a mixing glass half-filled with crushed ice, combine the gin, triple sec, Curacao, and bitters. Stir well. Strain into a cocktail glass and garnish with the lemon twist and the cherry.. Garnished with a fresh fruit slice, placed on a dark wooden bar counter, moody lighting --v 5"
501 Blue,"Flat lay, vintage speakeasy style. High-quality photo of a 501 Blue, served in a cocktail glass, featuring Fruité notes. Made with Blue Curacao, Blueberry schnapps, Vodka, Sour mix, 7-Up. Instructions: Mix equal amounts into a glass with ice.. Garnished with a fresh fruit slice, placed on a dark wooden bar counter, moody lighting --v 5"
Pegu Club,"Flat lay, vintage speakeasy style. High-quality photo of a Pegu Club, served in a cocktail glass, featuring Acide, sucré notes. Made with Gin, Orange Curacao, Lime Juice, Angostura Bitters, Orange Bitters. Instructions: Shake, strain, up, cocktail glass. Garnished with a minimalist garnish, placed on a dark wooden bar counter, moody lighting --v 5"
Old Cuban,"Flat lay, vintage speakeasy style. High-quality photo of a Old Cuban, served in a cocktail glass, featuring Acide, sucré notes. Made with White Rum, Sugar Syrup, Lime Juice, Angostura Bitters, Prosecco. Instructions: Shake a handful of mint, 2oz white rum, 1oz of sugar syrup, 1oz lime juice and 2 dashes angostura bitters with ice. Double strain into a glass and top with 2oz of prosecco.. Garnished with a minimalist garnish, placed on a dark wooden bar counter, moody lighting --v 5"
Boomerang,"Flat lay, vintage speakeasy style. High-quality photo of a Boomerang, served in a cocktail glass, featuring Amer, sucré, sucré notes. Made with Gin, Dry Vermouth, Bitters, Maraschino liqueur, Maraschino cherry. Instructions: In a mixing glass half-filled with ice cubes, combine the gin, vermouth, bitters, and maraschino liqueur. Stir well. Strain into a cocktail glass and garnish with the cherry.. Garnished with a minimalist garnish, placed on a dark wooden bar counter, moody lighting --v 5"
Barracuda,"Flat lay, vintage speakeasy style. High-quality photo of a Barracuda, served in a cocktail glass, featuring Acide, sucré notes. Made with Rum, Galliano, Pineapple Juice, Lime Juice, Prosecco. Instructions: Shake pour ingredients with ice. Strain into glass, top with Sparkling wine.. Garnished with a minimalist garnish, placed on a dark wooden bar counter, moody lighting --v 5"
Bora Bora,"Flat lay, vintage speakeasy style. High-quality photo of a Bora Bora, served in a cocktail glass, featuring Fruité, sucré, sucré notes. Made with Pineapple juice, Passion fruit juice, Lemon juice, Grenadine. Instructions: Prepare in a blender or shaker, serve in a highball glass on the rocks. Garnish with 1 slice of pineapple and one cherry.. Garnished with a fresh fruit slice, placed on a dark wooden bar counter, moody lighting --v 5"
Lunch Box,"Flat lay, vintage speakeasy style. High-quality photo of a Lunch Box, served in a cocktail glass, featuring Fruité, sucré notes. Made with Beer, Amaretto, Orange juice. Instructions: Fill a pint glass almost full with beer. Then fill the rest with orange juice (careful not to fill it to the top). Then take the shot of Amaretto and drop it in.. Garnished with a fresh fruit slice, placed on a dark wooden bar counter, moody lighting --v 5"
Jitterbug,"Flat lay, vintage speakeasy style. High-quality photo of a Jitterbug, served in a cocktail glass, featuring Acide, sucré, sucré notes. Made with Gin, Vodka, Grenadine, Lime juice, Sugar, Sugar syrup, Soda water. Instructions: Wet glass, dip rim in sugar. Then add Ice. Then add everything else. It's that simple!. Garnished with a minimalist garnish, placed on a dark wooden bar counter, moody lighting --v 5"
Ace,"Flat lay, vintage speakeasy style. High-quality photo of a Ace, served in a cocktail glass, featuring Fruité, sucré, sucré notes. Made with Gin, Grenadine, Heavy cream, Milk, Egg White. Instructions: Shake all the ingredients in a cocktail shaker and ice then strain in a cold glass.. Garnished with a fresh fruit slice, placed on a dark wooden bar counter, moody lighting --v 5"
ABC,"Flat lay, vintage speakeasy style. High-quality photo of a ABC, served in a cocktail glass, featuring Crémeux notes. Made with Amaretto, Baileys irish cream, Cognac. Instructions: Layered in a shot glass.. Garnished with a minimalist garnish, placed on a dark wooden bar counter, moody lighting --v 5"
ACID,"Flat lay, vintage speakeasy style. High-quality photo of a ACID, served in a cocktail glass, featuring Fruité notes. Made with 151 proof rum, Wild Turkey. Instructions: Poor in the 151 first followed by the 101 served with a Coke or Dr Pepper chaser.. Garnished with a fresh fruit slice, placed on a dark wooden bar counter, moody lighting --v 5"
Boxcar,"Flat lay, vintage speakeasy style. High-quality photo of a Boxcar, served in a cocktail glass, featuring Fruité, sucré, sucré notes. Made with Gin, Triple sec, Lemon juice, Grenadine, Egg white. Instructions: In a shaker half-filled with ice cubes, combine all of the ingredients. Shake well. Strain into a sour glass.. Garnished with a fresh fruit slice, placed on a dark wooden bar counter, moody lighting --v 5"
Casino,"Flat lay, vintage speakeasy style. High-quality photo of a Casino, served in a cocktail glass, featuring Fruité, sucré, sucré notes. Made with Gin, Maraschino liqueur, Lemon juice, Orange bitters, Cherry. Instructions: Pour all ingredients into shaker with ice cubes. Shake well. Strain into chilled cocktail glass. Garnish with a lemon twist and a maraschino cherry. Serve without a straw.. Garnished with a fresh fruit slice, placed on a dark wooden bar counter, moody lighting --v 5"
Victor,"Flat lay, vintage speakeasy style. High-quality photo of a Victor, served in a cocktail glass, featuring Amer, sucré notes. Made with Gin, Sweet Vermouth, Brandy. Instructions: Shake all ingredients with ice, strain into a cocktail glass, and serve.. Garnished with a minimalist garnish, placed on a dark wooden bar counter, moody lighting --v 5"
Scooter,"Flat lay, vintage speakeasy style. High-quality photo of a Scooter, served in a cocktail glass, featuring Fruité notes. Made with Brandy, Amaretto, Light cream. Instructions: Shake all ingredients well with cracked ice, strain into a cocktail glass, and serve.. Garnished with a fresh fruit slice, placed on a dark wooden bar counter, moody lighting --v 5"
Sidecar,"Flat lay, vintage speakeasy style. High-quality photo of a Sidecar, served in a cocktail glass, featuring Fruité, sucré notes. Made with Cognac, Cointreau, Lemon juice. Instructions: Pour all ingredients into cocktail shaker filled with ice. Shake well and strain into cocktail glass.. Garnished with a fresh fruit slice, placed on a dark wooden bar counter, moody lighting --v 5"
Sazerac,"Flat lay, vintage speakeasy style. High-quality photo of a Sazerac, served in a cocktail glass, featuring Fumé, sucré notes. Made with Ricard, Sugar, Peychaud bitters, Water, Bourbon, Lemon peel. Instructions: Rinse a chilled old-fashioned glass with the absinthe, add crushed ice, and set it aside. Stir the remaining ingredients over ice and set it aside. Discard the ice and any excess absinthe from the prepared glass, and strain the drink into the glass. Add the lemon peel for garnish.. Garnished with a minimalist garnish, placed on a dark wooden bar counter, moody lighting --v 5"
Acapulco,"Flat lay, vintage speakeasy style. High-quality photo of a Acapulco, served in a cocktail glass, featuring Acide, sucré notes. Made with Light rum, Triple sec, Lime juice, Sugar, Egg white, Mint. Instructions: Combine and shake all ingredients (except mint) with ice and strain into an old-fashioned glass over ice cubes. Add the sprig of mint and serve.. Garnished with a minimalist garnish, placed on a dark wooden bar counter, moody lighting --v 5"
Ice Pick,"Flat lay, vintage speakeasy style. High-quality photo of a Ice Pick, served in a cocktail glass, featuring Fruité, sucré notes. Made with Vodka, Iced tea, Lemon juice. Instructions: Put Vodka in glass fill with iced tea. Stir in lemon to taste.. Garnished with a fresh fruit slice, placed on a dark wooden bar counter, moody lighting --v 5"
Applecar,"Flat lay, vintage speakeasy style. High-quality photo of a Applecar, served in a cocktail glass, featuring Fruité, sucré notes. Made with Applejack, Triple sec, Lemon juice. Instructions: Shake all ingredients with ice, strain into a cocktail glass, and serve.. Garnished with a fresh fruit slice, placed on a dark wooden bar counter, moody lighting --v 5"
Spice 75,"Flat lay, vintage speakeasy style. High-quality photo of a Spice 75, served in a cocktail glass, featuring Acide, sucré notes. Made with Sugar, Allspice, Rum, Lime Juice, Champagne, Orange spiral. Instructions: Gently warm 60g golden caster sugar in a pan with 30ml water and 1 tbsp allspice. Cook gently until the sugar has dissolved, then leave the mixture to cool. Strain through a sieve lined with a coffee filter (or a double layer of kitchen paper).

Pour 60ml of the spiced syrup into a cocktail shaker along with 200ml rum and 90ml lime juice. Shake with ice and strain between six flute glasses. Top up with 600ml champagne and garnish each with an orange twist.. Garnished with a minimalist garnish, placed on a dark wooden bar counter, moody lighting --v 5"
Godchild,"Flat lay, vintage speakeasy style. High-quality photo of a Godchild, served in a cocktail glass, featuring Fruité notes. Made with Vodka, Amaretto, Heavy cream. Instructions: Shake all ingredients well with cracked ice, strain into a champagne flute, and serve.. Garnished with a fresh fruit slice, placed on a dark wooden bar counter, moody lighting --v 5"
Buccaneer,"Flat lay, vintage speakeasy style. High-quality photo of a Buccaneer, served in a cocktail glass, featuring Fruité notes. Made with Corona, Bacardi Limon. Instructions: Pour the corona into an 18oz beer glass pour the bacardi limon into the beer stir very gently. Garnished with a fresh fruit slice, placed on a dark wooden bar counter, moody lighting --v 5"
Applejack,"Flat lay, vintage speakeasy style. High-quality photo of a Applejack, served in a cocktail glass, featuring Fruité, sucré, sucré notes. Made with Jack Daniels, Midori melon liqueur, Sour mix. Instructions: Add all ingredients into mixing glass, chill and strain into cocktail glass. Garnished with a fresh fruit slice, placed on a dark wooden bar counter, moody lighting --v 5"
Old Cuban,"Flat lay, vintage speakeasy style. High-quality photo of a Old Cuban, served in a cocktail glass, featuring Acide, sucré notes. Made with White Rum, Sugar Syrup, Lime Juice, Angostura Bitters, Prosecco. Instructions: Shake a handful of mint, 2oz white rum, 1oz of sugar syrup, 1oz lime juice and 2 dashes angostura bitters with ice. Double strain into a glass and top with 2oz of prosecco.. Garnished with a minimalist garnish, placed on a dark wooden bar counter, moody lighting --v 5"
Americano,"Flat lay, vintage speakeasy style. High-quality photo of a Americano, served in a cocktail glass, featuring Amer, sucré notes. Made with Campari, Sweet Vermouth, Lemon peel, Orange peel. Instructions: Pour the Campari and vermouth over ice into glass, add a splash of soda water and garnish with half orange slice.. Garnished with a minimalist garnish, placed on a dark wooden bar counter, moody lighting --v 5"
Pegu Club,"Flat lay, vintage speakeasy style. High-quality photo of a Pegu Club, served in a cocktail glass, featuring Acide, sucré notes. Made with Gin, Orange Curacao, Lime Juice, Angostura Bitters, Orange Bitters. Instructions: Shake, strain, up, cocktail glass. Garnished with a minimalist garnish, placed on a dark wooden bar counter, moody lighting --v 5"
Barracuda,"Flat lay, vintage speakeasy style. High-quality photo of a Barracuda, served in a cocktail glass, featuring Acide, sucré notes. Made with Rum, Galliano, Pineapple Juice, Lime Juice, Prosecco. Instructions: Shake pour ingredients with ice. Strain into glass, top with Sparkling wine.. Garnished with a minimalist garnish, placed on a dark wooden bar counter, moody lighting --v 5"
French 75,"Flat lay, vintage speakeasy style. High-quality photo of a French 75, served in a cocktail glass, featuring Fruité, sucré notes. Made with Gin, Sugar, Lemon juice, Champagne, Orange, Maraschino cherry. Instructions: Combine gin, sugar, and lemon juice in a cocktail shaker filled with ice. Shake vigorously and strain into a chilled champagne glass. Top up with Champagne. Stir gently.. Garnished with a fresh fruit slice, placed on a dark wooden bar counter, moody lighting --v 5"
Egg Cream,"Flat lay, vintage speakeasy style. High-quality photo of a Egg Cream, served in a cocktail glass, featuring Fruité, sucré notes. Made with Chocolate syrup, Milk, Soda water. Instructions: Mix syrup and milk in a fountain glass. Add soda water, serve with a straw.. Garnished with a fresh fruit slice, placed on a dark wooden bar counter, moody lighting --v 5"
Michelada,"Flat lay, vintage speakeasy style. High-quality photo of a Michelada, served in a cocktail glass, featuring Acide, sucré, salé notes. Made with Beer, Tomato Juice, Lime Juice, Hot Sauce, Worcestershire Sauce, Soy Sauce. Instructions: Mix the beer with tomato juice, freshly squeezed lime juice, and Worcestershire sauce, teriyaki sauce, soy sauce, or hot sauce.
Served In a chilled, salt-rimmed glass
. Garnished with a minimalist garnish, placed on a dark wooden bar counter, moody lighting --v 5"
Avalanche,"Flat lay, vintage speakeasy style. High-quality photo of a Avalanche, served in a cocktail glass, featuring Fruité notes. Made with Crown Royal, Kahlua, Cream. Instructions: Mix in highball glass over ice, shake well.. Garnished with a fresh fruit slice, placed on a dark wooden bar counter, moody lighting --v 5"
Rum Punch,"Flat lay, vintage speakeasy style. High-quality photo of a Rum Punch, served in a cocktail glass, featuring Fruité, épicé, sucré, épicé notes. Made with Rum, Ginger ale, Fruit punch, Orange juice, Ice. Instructions: Mix all ingredients in a punch bowl and serve.. Garnished with a fresh fruit slice, placed on a dark wooden bar counter, moody lighting --v 5"
H.D.,"Flat lay, vintage speakeasy style. High-quality photo of a H.D., served in a cocktail glass, featuring Crémeux notes. Made with Whisky, Baileys irish cream, Coffee. Instructions: Mix the whisky and Baileys Cream in a beer-glass (at least 50 cl). Fill the rest of the glass with coffee.. Garnished with a minimalist garnish, placed on a dark wooden bar counter, moody lighting --v 5"
ACID,"Flat lay, vintage speakeasy style. High-quality photo of a ACID, served in a cocktail glass, featuring Fruité notes. Made with 151 proof rum, Wild Turkey. Instructions: Poor in the 151 first followed by the 101 served with a Coke or Dr Pepper chaser.. Garnished with a fresh fruit slice, placed on a dark wooden bar counter, moody lighting --v 5"
Adam,"Flat lay, vintage speakeasy style. High-quality photo of a Adam, served in a cocktail glass, featuring Fruité, sucré, sucré notes. Made with Dark rum, Lemon juice, Grenadine. Instructions: In a shaker half-filled with ice cubes, combine all of the ingredients. Shake well. Strain into a cocktail glass.. Garnished with a fresh fruit slice, placed on a dark wooden bar counter, moody lighting --v 5"
Derby,"Flat lay, vintage speakeasy style. High-quality photo of a Derby, served in a cocktail glass, featuring Fruité notes. Made with gin, Peach Bitters, Mint. Instructions: Pour all ingredients into a mixing glass with ice. Stir. Strain into a cocktail glass. Garnish with a sprig of fresh mint in the drink.. Garnished with a fresh fruit slice, placed on a dark wooden bar counter, moody lighting --v 5"
Diesel,"Flat lay, vintage speakeasy style. High-quality photo of a Diesel, served in a cocktail glass, featuring Fruité notes. Made with Lager, Cider, Blackcurrant cordial. Instructions: Pour the lager first then add the blackcurrant cordial. Top up with the cider. The colour sholud be very dark approaching the colour of Guiness.. Garnished with a fresh fruit slice, placed on a dark wooden bar counter, moody lighting --v 5"
Radler,"Flat lay, vintage speakeasy style. High-quality photo of a Radler, served in a cocktail glass, featuring Fruité notes. Made with Beer, 7-Up. Instructions: Pour beer into large mug, slowly add the 7-up (or Sprite).. Garnished with a fresh fruit slice, placed on a dark wooden bar counter, moody lighting --v 5"
Snowday,"Flat lay, vintage speakeasy style. High-quality photo of a Snowday, served in a cocktail glass, featuring Amer notes. Made with Vodka, Amaro Montenegro, Ruby Port, Blood Orange, Angostura Bitters, Orange Peel. Instructions: Stir all ingredients with ice. Strain into a chilled rocks glass over fresh ice. Express orange peel over drink and garnish.. Garnished with a minimalist garnish, placed on a dark wooden bar counter, moody lighting --v 5"
Limeade,"Flat lay, vintage speakeasy style. High-quality photo of a Limeade, served in a cocktail glass, featuring Acide, sucré notes. Made with Lime, Sugar, Soda water, Lime peel. Instructions: In a large glass, put the lime juice and sugar, and stir well. Add cold seltzer water to fill. Put the lime peels in the glass. Drink. Repeat until limes or soda run out.. Garnished with a minimalist garnish, placed on a dark wooden bar counter, moody lighting --v 5"
Sidecar,"Flat lay, vintage speakeasy style. High-quality photo of a Sidecar, served in a cocktail glass, featuring Fruité, sucré notes. Made with Cognac, Cointreau, Lemon juice. Instructions: Pour all ingredients into cocktail shaker filled with ice. Shake well and strain into cocktail glass.. Garnished with a fresh fruit slice, placed on a dark wooden bar counter, moody lighting --v 5"
Addison,"Flat lay, vintage speakeasy style. High-quality photo of a Addison, served in a cocktail glass, featuring Amer notes. Made with Gin, Vermouth. Instructions: Shake together all the ingredients and strain into a cold glass.. Garnished with a minimalist garnish, placed on a dark wooden bar counter, moody lighting --v 5"
Old Pal,"Flat lay, vintage speakeasy style. High-quality photo of a Old Pal, served in a cocktail glass, featuring Amer notes. Made with Rye whiskey, Campari, Dry Vermouth. Instructions: Chill cocktail glass. Add ingredients to a mixing glass, and fill 2/3 full with ice. Stir about 20 seconds. Empty cocktail glass and strain into the glass. Garnish with a twist of lemon peel.. Garnished with a minimalist garnish, placed on a dark wooden bar counter, moody lighting --v 5"
Big Red,"Flat lay, vintage speakeasy style. High-quality photo of a Big Red, served in a cocktail glass, featuring Fruité notes. Made with Irish cream, Goldschlager. Instructions: Pour ingredients into 1 ounce shot glass. Garnished with a fresh fruit slice, placed on a dark wooden bar counter, moody lighting --v 5"
Daiquiri,"Flat lay, vintage speakeasy style. High-quality photo of a Daiquiri, served in a coupette glass, featuring Acide, sucré notes. Made with Light rum, Lime, Powdered sugar. Instructions: Pour all ingredients into shaker with ice cubes. Shake well. Strain in chilled cocktail glass.. Garnished with a minimalist garnish, placed on a dark wooden bar counter, moody lighting --v 5"
Paradise,"Flat lay, vintage speakeasy style. High-quality photo of a Paradise, served in a cocktail glass, featuring Fruité, sucré notes. Made with Gin, Apricot Brandy, Orange Juice. Instructions: Shake together over ice. Strain into cocktail glass and serve chilled.. Garnished with a fresh fruit slice, placed on a dark wooden bar counter, moody lighting --v 5"
Bluebird,"Flat lay, vintage speakeasy style. High-quality photo of a Bluebird, served in a cocktail glass, featuring Fruité notes. Made with Gin, Triple sec, Blue Curacao, Bitters, Maraschino cherry, Lemon peel. Instructions: In a mixing glass half-filled with crushed ice, combine the gin, triple sec, Curacao, and bitters. Stir well. Strain into a cocktail glass and garnish with the lemon twist and the cherry.. Garnished with a fresh fruit slice, placed on a dark wooden bar counter, moody lighting --v 5"
Danbooka,"Flat lay, vintage speakeasy style. High-quality photo of a Danbooka, served in a cocktail glass, featuring Fruité notes. Made with Coffee, Everclear. Instructions: pour it in and mix it.. Garnished with a fresh fruit slice, placed on a dark wooden bar counter, moody lighting --v 5"
Godchild,"Flat lay, vintage speakeasy style. High-quality photo of a Godchild, served in a cocktail glass, featuring Fruité notes. Made with Vodka, Amaretto, Heavy cream. Instructions: Shake all ingredients well with cracked ice, strain into a champagne flute, and serve.. Garnished with a fresh fruit slice, placed on a dark wooden bar counter, moody lighting --v 5"
Salty Dog,"Flat lay, vintage speakeasy style. High-quality photo of a Salty Dog, served in a cocktail glass, featuring Fruité, sucré, salé notes. Made with Grapefruit juice, Gin, Salt. Instructions: Pour all ingredients over ice cubes in a highball glass. Stir well and serve. (Vodka may be substituted for gin, if preferred.). Garnished with a fresh fruit slice, placed on a dark wooden bar counter, moody lighting --v 5"
Orangeade,"Flat lay, vintage speakeasy style. High-quality photo of a Orangeade, served in a cocktail glass, featuring Fruité, sucré notes. Made with Lemon juice, Orange juice, Sugar syrup, Soda water. Instructions: Place some ice cubes in a large tumbler or highball glass, add lemon juice, orange juice, sugar syrup, and stir well. Top up with cold soda water, serve with a drinking straw.. Garnished with a fresh fruit slice, placed on a dark wooden bar counter, moody lighting --v 5"
Alexander,"Flat lay, vintage speakeasy style. High-quality photo of a Alexander, served in a cocktail glass, featuring Crémeux, épicé, épicé notes. Made with Gin, Creme de Cacao, Light cream, Nutmeg. Instructions: Shake all ingredients with ice and strain contents into a cocktail glass. Sprinkle nutmeg on top and serve.. Garnished with a minimalist garnish, placed on a dark wooden bar counter, moody lighting --v 5"
Addington,"Flat lay, vintage speakeasy style. High-quality photo of a Addington, served in a cocktail glass, featuring Amer, sucré notes. Made with Sweet Vermouth, Dry Vermouth, Soda Water. Instructions: Mix both the vermouth's in a shaker and strain into a cold glass. Top up with a squirt of Soda Water. . Garnished with a minimalist garnish, placed on a dark wooden bar counter, moody lighting --v 5"
Old Cuban,"Flat lay, vintage speakeasy style. High-quality photo of a Old Cuban, served in a cocktail glass, featuring Acide, sucré notes. Made with White Rum, Sugar Syrup, Lime Juice, Angostura Bitters, Prosecco. Instructions: Shake a handful of mint, 2oz white rum, 1oz of sugar syrup, 1oz lime juice and 2 dashes angostura bitters with ice. Double strain into a glass and top with 2oz of prosecco.. Garnished with a minimalist garnish, placed on a dark wooden bar counter, moody lighting --v 5"
Rum Toddy,"Flat lay, vintage speakeasy style. High-quality photo of a Rum Toddy, served in a cocktail glass, featuring Fruité, sucré notes. Made with Rum, Powdered sugar, Lemon peel, Water. Instructions: Dissolve powdered sugar in water in an old-fashioned glass. Add rum and one ice cube and stir. Add the twist of lemon peel and serve.. Garnished with a fresh fruit slice, placed on a dark wooden bar counter, moody lighting --v 5"
Barracuda,"Flat lay, vintage speakeasy style. High-quality photo of a Barracuda, served in a cocktail glass, featuring Acide, sucré notes. Made with Rum, Galliano, Pineapple Juice, Lime Juice, Prosecco. Instructions: Shake pour ingredients with ice. Strain into glass, top with Sparkling wine.. Garnished with a minimalist garnish, placed on a dark wooden bar counter, moody lighting --v 5"
Jam Donut,"Flat lay, vintage speakeasy style. High-quality photo of a Jam Donut, served in a cocktail glass, featuring Crémeux, sucré, sucré notes. Made with Baileys irish cream, Chambord raspberry liqueur, Sugar syrup, Sugar. Instructions: Coat the rim of a shot glass with sugar using sugar syrup to stick. Add the Chambord raspberry liqueur to the shot glass, and carefully layer the Baileys Irish Cream on top. Serve.. Garnished with a minimalist garnish, placed on a dark wooden bar counter, moody lighting --v 5"
Ace,"Flat lay, vintage speakeasy style. High-quality photo of a Ace, served in a cocktail glass, featuring Fruité, sucré, sucré notes. Made with Gin, Grenadine, Heavy cream, Milk, Egg White. Instructions: Shake all the ingredients in a cocktail shaker and ice then strain in a cold glass.. Garnished with a fresh fruit slice, placed on a dark wooden bar counter, moody lighting --v 5"
Rose,"Flat lay, vintage speakeasy style. High-quality photo of a Rose, served in a cocktail glass, featuring Amer, sucré, sucré notes. Made with Dry Vermouth, Gin, Apricot brandy, Lemon juice, Grenadine, Powdered sugar. Instructions: Shake together in a cocktail shaker, then strain into chilled glass. Garnish and serve.. Garnished with a minimalist garnish, placed on a dark wooden bar counter, moody lighting --v 5"
Melya,"Flat lay, vintage speakeasy style. High-quality photo of a Melya, served in a cocktail glass, featuring Fruité, sucré notes. Made with Espresso, Honey, Cocoa powder. Instructions: Brew espresso. In a coffee mug, place 1 teaspoon of unsweetened powdered cocoa, then cover a teaspoon with honey and drizzle it into the cup. Stir while the coffee brews, this is the fun part. The cocoa seems to coat the honey without mixing, so you get a dusty, sticky mass that looks as though it will never mix. Then all at once, presto! It looks like dark chocolate sauce. Pour hot espresso over the honey, stirring to dissolve. Serve with cream.. Garnished with a fresh fruit slice, placed on a dark wooden bar counter, moody lighting --v 5"
Derby,"Flat lay, vintage speakeasy style. High-quality photo of a Derby, served in a cocktail glass, featuring Fruité notes. Made with gin, Peach Bitters, Mint. Instructions: Pour all ingredients into a mixing glass with ice. Stir. Strain into a cocktail glass. Garnish with a sprig of fresh mint in the drink.. Garnished with a fresh fruit slice, placed on a dark wooden bar counter, moody lighting --v 5"
Radler,"Flat lay, vintage speakeasy style. High-quality photo of a Radler, served in a cocktail glass, featuring Fruité notes. Made with Beer, 7-Up. Instructions: Pour beer into large mug, slowly add the 7-up (or Sprite).. Garnished with a fresh fruit slice, placed on a dark wooden bar counter, moody lighting --v 5"
Zombie,"Flat lay, vintage speakeasy style. High-quality photo of a Zombie, served in a cocktail glass, featuring Acide, sucré, sucré notes. Made with Rum, Gold rum, 151 proof rum, Pernod, Grenadine, Lime Juice, Angostura Bitters. Instructions: Blend at high speed for no more than 5 seconds.

Pour into a glass, add ice cubes to fill, then add the garnish.

*Donn’s mix: Bring 3 crushed cinnamon sticks, 1 cup of sugar and 1 cup of water to a boil, stirring until the sugar is dissolved.

Simmer for 2 minutes, then remove from the heat and let sit for at least 2 hours before straining into a clean glass bottle.

Then add 1 part of the syrup and 2 parts of fresh grapefruit juice together.. Garnished with a minimalist garnish, placed on a dark wooden bar counter, moody lighting --v 5"
Diesel,"Flat lay, vintage speakeasy style. High-quality photo of a Diesel, served in a cocktail glass, featuring Fruité notes. Made with Lager, Cider, Blackcurrant cordial. Instructions: Pour the lager first then add the blackcurrant cordial. Top up with the cider. The colour sholud be very dark approaching the colour of Guiness.. Garnished with a fresh fruit slice, placed on a dark wooden bar counter, moody lighting --v 5"
Zinger,"Flat lay, vintage speakeasy style. High-quality photo of a Zinger, served in a cocktail glass, featuring Fruité notes. Made with Peachtree schnapps, Surge. Instructions: Get a shot glass and pour in three shots of the schnapps. Do the same with the Surge Cola. Then down it like Scheetz would.. Garnished with a fresh fruit slice, placed on a dark wooden bar counter, moody lighting --v 5"
Frosé,"Flat lay, vintage speakeasy style. High-quality photo of a Frosé, served in a cocktail glass, featuring Floral, sucré notes. Made with Rose, Sugar, Strawberries, Lemon Juice. Instructions: Step 1
Pour rosé into a 13x9"" pan and freeze until almost solid (it won't completely solidify due to the alcohol), at least 6 hours.

Step 2
Meanwhile, bring sugar and ½ cup water to a boil in a medium saucepan; cook, stirring constantly, until sugar dissolves, about 3 minutes. Add strawberries, remove from heat, and let sit 30 minutes to infuse syrup with strawberry flavor. Strain through a fine-mesh sieve into a small bowl (do not press on solids); cover and chill until cold, about 30 minutes.

Step 3
Scrape rosé into a blender. Add lemon juice, 3½ ounces strawberry syrup, and 1 cup crushed ice and purée until smooth. Transfer blender jar to freezer and freeze until frosé is thickened (aim for milkshake consistency), 25–35 minutes.

Step 4
Blend again until frosé is slushy. Divide among glasses.

Step 5
Do Ahead: Rosé can be frozen 1 week ahead.. Garnished with a minimalist garnish, placed on a dark wooden bar counter, moody lighting --v 5"
Zoksel,"Flat lay, vintage speakeasy style. High-quality photo of a Zoksel, served in a cocktail glass, featuring Crémeux notes. Made with Beer, Root beer, Lemonade, Coca-Cola, 7-Up, Creme de Cassis, Lemon. Instructions: No specific mixing instructions, just poor every ingredient in one glass. The lemon goes with it.. Garnished with a minimalist garnish, placed on a dark wooden bar counter, moody lighting --v 5"
Vesper,"Flat lay, vintage speakeasy style. High-quality photo of a Vesper, served in a cocktail glass, featuring Fruité notes. Made with Gin, Vodka, Lillet Blanc. Instructions: Shake over ice until well chilled, then strain into a deep goblet and garnish with a thin slice of lemon peel.. Garnished with a fresh fruit slice, placed on a dark wooden bar counter, moody lighting --v 5"
Gimlet,"Flat lay, vintage speakeasy style. High-quality photo of a Gimlet, served in a cocktail glass, featuring Acide, sucré notes. Made with Gin, Lime Juice, Sugar Syrup, Lime. Instructions: Add all the ingredients to a shaker and fill with ice.

Shake, and strain into a chilled cocktail glass or an Old Fashioned glass filled with fresh ice.

Garnish with a lime wheel.. Garnished with a minimalist garnish, placed on a dark wooden bar counter, moody lighting --v 5"
Apello,"Flat lay, vintage speakeasy style. High-quality photo of a Apello, served in a cocktail glass, featuring Fruité, sucré notes. Made with Orange juice, Grapefruit juice, Apple juice, Maraschino cherry. Instructions: Stirr. Grnish with maraschino cherry.. Garnished with a fresh fruit slice, placed on a dark wooden bar counter, moody lighting --v 5"
Sazerac,"Flat lay, vintage speakeasy style. High-quality photo of a Sazerac, served in a cocktail glass, featuring Fumé, sucré notes. Made with Ricard, Sugar, Peychaud bitters, Water, Bourbon, Lemon peel. Instructions: Rinse a chilled old-fashioned glass with the absinthe, add crushed ice, and set it aside. Stir the remaining ingredients over ice and set it aside. Discard the ice and any excess absinthe from the prepared glass, and strain the drink into the glass. Add the lemon peel for garnish.. Garnished with a minimalist garnish, placed on a dark wooden bar counter, moody lighting --v 5"
Veteran,"Flat lay, vintage speakeasy style. High-quality photo of a Veteran, served in a cocktail glass, featuring Fruité notes. Made with Dark rum, Cherry brandy. Instructions: Pour the rum and cherry brandy into an old-fashioned glass almost filled with ice cubes. Stir well.. Garnished with a fresh fruit slice, placed on a dark wooden bar counter, moody lighting --v 5"
Stinger,"Flat lay, vintage speakeasy style. High-quality photo of a Stinger, served in a cocktail glass, featuring Herbacé notes. Made with Brandy, White Creme de Menthe. Instructions: Pour in a mixing glass with ice, stir and strain into a cocktail glass. May also be served on rocks in a rocks glass.. Garnished with a minimalist garnish, placed on a dark wooden bar counter, moody lighting --v 5"
Ipamena,"Flat lay, vintage speakeasy style. High-quality photo of a Ipamena, served in a cocktail glass, featuring Acide, épicé, sucré, épicé notes. Made with Lime, Brown sugar, Passion fruit juice, Ginger ale, Ice. Instructions: Cut half a lime into pieces, place in a shaker, add the sugar and crush. Measure the passion fruit juice, add it to the shaker and fill up with ice cubes. Close the shaker and shake vigorously. Pour the liquid into a glass, top up with ginger ale, stir with a teaspoon and then garnish the rim of the glass with a slice of lime. Garnished with a minimalist garnish, placed on a dark wooden bar counter, moody lighting --v 5"
Bellini,"Flat lay, vintage speakeasy style. High-quality photo of a Bellini, served in a cocktail glass, featuring Fruité notes. Made with Champagne, Peach schnapps. Instructions: Pour peach purée into chilled flute, add sparkling wine. Stir gently.. Garnished with a fresh fruit slice, placed on a dark wooden bar counter, moody lighting --v 5"
Bramble,"Flat lay, vintage speakeasy style. High-quality photo of a Bramble, served in a cocktail glass, featuring Crémeux, sucré notes. Made with Gin, lemon juice, Sugar syrup, Creme de Mure. Instructions: Fill glass with crushed ice. Build gin, lemon juice and simple syrup over. Stir, and then pour blackberry liqueur over in a circular fashion to create marbling effect. Garnish with two blackberries and lemon slice.. Garnished with a minimalist garnish, placed on a dark wooden bar counter, moody lighting --v 5"
Scooter,"Flat lay, vintage speakeasy style. High-quality photo of a Scooter, served in a cocktail glass, featuring Fruité notes. Made with Brandy, Amaretto, Light cream. Instructions: Shake all ingredients well with cracked ice, strain into a cocktail glass, and serve.. Garnished with a fresh fruit slice, placed on a dark wooden bar counter, moody lighting --v 5"
Almeria,"Flat lay, vintage speakeasy style. High-quality photo of a Almeria, served in a cocktail glass, featuring Fruité notes. Made with Dark rum, Kahlua, Egg white. Instructions: In a shaker half-filled with ice cubes, combine all of the ingredients. Shake well. Strain into a cocktail glass.. Garnished with a fresh fruit slice, placed on a dark wooden bar counter, moody lighting --v 5"
Vesuvio,"Flat lay, vintage speakeasy style. High-quality photo of a Vesuvio, served in a cocktail glass, featuring Amer, sucré notes. Made with Light rum, Sweet Vermouth, Lemon, Powdered sugar, Egg white. Instructions: Shake all ingredients with ice, strain into an old-fashioned glass over ice cubes, and serve.. Garnished with a minimalist garnish, placed on a dark wooden bar counter, moody lighting --v 5"
Sidecar,"Flat lay, vintage speakeasy style. High-quality photo of a Sidecar, served in a cocktail glass, featuring Fruité, sucré notes. Made with Cognac, Cointreau, Lemon juice. Instructions: Pour all ingredients into cocktail shaker filled with ice. Shake well and strain into cocktail glass.. Garnished with a fresh fruit slice, placed on a dark wooden bar counter, moody lighting --v 5"
Limeade,"Flat lay, vintage speakeasy style. High-quality photo of a Limeade, served in a cocktail glass, featuring Acide, sucré notes. Made with Lime, Sugar, Soda water, Lime peel. Instructions: In a large glass, put the lime juice and sugar, and stir well. Add cold seltzer water to fill. Put the lime peels in the glass. Drink. Repeat until limes or soda run out.. Garnished with a minimalist garnish, placed on a dark wooden bar counter, moody lighting --v 5"
Zambeer,"Flat lay, vintage speakeasy style. High-quality photo of a Zambeer, served in a cocktail glass, featuring Fruité notes. Made with Sambuca, Root beer, Ice. Instructions: Mix sambuca with rootbeer and stir. Add ice. Garnished with a fresh fruit slice, placed on a dark wooden bar counter, moody lighting --v 5"
Frosé,"Flat lay, vintage speakeasy style. High-quality photo of a Frosé, served in a cocktail glass, featuring Floral, sucré notes. Made with Rose, Sugar, Strawberries, Lemon Juice. Instructions: Step 1
Pour rosé into a 13x9"" pan and freeze until almost solid (it won't completely solidify due to the alcohol), at least 6 hours.

Step 2
Meanwhile, bring sugar and ½ cup water to a boil in a medium saucepan; cook, stirring constantly, until sugar dissolves, about 3 minutes. Add strawberries, remove from heat, and let sit 30 minutes to infuse syrup with strawberry flavor. Strain through a fine-mesh sieve into a small bowl (do not press on solids); cover and chill until cold, about 30 minutes.

Step 3
Scrape rosé into a blender. Add lemon juice, 3½ ounces strawberry syrup, and 1 cup crushed ice and purée until smooth. Transfer blender jar to freezer and freeze until frosé is thickened (aim for milkshake consistency), 25–35 minutes.

Step 4
Blend again until frosé is slushy. Divide among glasses.

Step 5
Do Ahead: Rosé can be frozen 1 week ahead.. Garnished with a minimalist garnish, placed on a dark wooden bar counter, moody lighting --v 5"
Affair,"Flat lay, vintage speakeasy style. High-quality photo of a Affair, served in a cocktail glass, featuring Fruité, sucré notes. Made with Strawberry schnapps, Orange juice, Cranberry juice, Club soda. Instructions: Pour schnapps, orange juice, and cranberry juice over ice in a highball glass. Top with club soda and serve.. Garnished with a fresh fruit slice, placed on a dark wooden bar counter, moody lighting --v 5"
Frappé,"Flat lay, vintage speakeasy style. High-quality photo of a Frappé, served in a cocktail glass, featuring Fruité, sucré notes. Made with Coffee, Milk, Sugar. Instructions: Mix together. Blend at highest blender speed for about 1 minute. Pour into a glass and drink with a straw. Notes: This works best if everything is cold (if you make fresh coffee, mix it with the milk and let it sit in the fridge for 1/2 hour. If it is not frothy, add more milk, or even just some more milk powder. The froth gradually turns to liquid at the bottom of the glass, so you will find that you can sit and drink this for about 1/2 hour, with more iced coffee continually appearing at the bottom. Very refreshing.. Garnished with a fresh fruit slice, placed on a dark wooden bar counter, moody lighting --v 5"
Affinity,"Flat lay, vintage speakeasy style. High-quality photo of a Affinity, served in a cocktail glass, featuring Amer, sucré notes. Made with Scotch, Sweet Vermouth, Dry Vermouth, Orange bitters. Instructions: In a mixing glass half-filled with ice cubes, combine all of the ingredients. Stir well. Strain into a cocktail glass.. Garnished with a minimalist garnish, placed on a dark wooden bar counter, moody lighting --v 5"
Gin Fizz,"Flat lay, vintage speakeasy style. High-quality photo of a Gin Fizz, served in a cocktail glass, featuring Fruité, sucré notes. Made with Gin, Lemon, Powdered sugar, Carbonated water. Instructions: Shake all ingredients with ice cubes, except soda water. Pour into glass. Top with soda water.. Garnished with a fresh fruit slice, placed on a dark wooden bar counter, moody lighting --v 5"
After sex,"Flat lay, vintage speakeasy style. High-quality photo of a After sex, served in a cocktail glass, featuring Crémeux, sucré notes. Made with Vodka, Creme de Banane, Orange juice. Instructions: Pour the vodka and creme over some ice cubes in a tall glass and fill up with juice. to make it beuty full make the top of the glass with a grenadine and sugar. Garnished with a minimalist garnish, placed on a dark wooden bar counter, moody lighting --v 5"
Downshift,"Flat lay, vintage speakeasy style. High-quality photo of a Downshift, served in a cocktail glass, featuring Fruité notes. Made with Fruit punch, Sprite, Tequila, 151 proof rum. Instructions: Start with the Sprite. Next comes the tequila. After that, add the Minute Maid Fruit Punch, then float the 151. Rocks optional.. Garnished with a fresh fruit slice, placed on a dark wooden bar counter, moody lighting --v 5"
Dragonfly,"Flat lay, vintage speakeasy style. High-quality photo of a Dragonfly, served in a cocktail glass, featuring Acide, épicé, épicé notes. Made with Gin, Ginger ale, Lime. Instructions: In a highball glass almost filled with ice cubes, combine the gin and ginger ale. Stir well. Garnish with the lime wedge.. Garnished with a minimalist garnish, placed on a dark wooden bar counter, moody lighting --v 5"
French 75,"Flat lay, vintage speakeasy style. High-quality photo of a French 75, served in a cocktail glass, featuring Fruité, sucré notes. Made with Gin, Sugar, Lemon juice, Champagne, Orange, Maraschino cherry. Instructions: Combine gin, sugar, and lemon juice in a cocktail shaker filled with ice. Shake vigorously and strain into a chilled champagne glass. Top up with Champagne. Stir gently.. Garnished with a fresh fruit slice, placed on a dark wooden bar counter, moody lighting --v 5"
Autodafé,"Flat lay, vintage speakeasy style. High-quality photo of a Autodafé, served in a cocktail glass, featuring Acide, sucré notes. Made with Vodka, Lime juice, Soda water. Instructions: Mix and fill up with soda water. Drunk by finns on a sunny day any time of the year and day.. Garnished with a minimalist garnish, placed on a dark wooden bar counter, moody lighting --v 5"
Foxy Lady,"Flat lay, vintage speakeasy style. High-quality photo of a Foxy Lady, served in a cocktail glass, featuring Crémeux notes. Made with Amaretto, Creme de Cacao, Light cream. Instructions: Shake all ingredients with ice, strain into a chilled cocktail glass, and serve.. Garnished with a minimalist garnish, placed on a dark wooden bar counter, moody lighting --v 5"
Afterglow,"Flat lay, vintage speakeasy style. High-quality photo of a Afterglow, served in a cocktail glass, featuring Fruité, sucré, sucré notes. Made with Grenadine, Orange juice, Pineapple juice. Instructions: Mix. Serve over ice.. Garnished with a fresh fruit slice, placed on a dark wooden bar counter, moody lighting --v 5"
Godfather,"Flat lay, vintage speakeasy style. High-quality photo of a Godfather, served in a cocktail glass, featuring Fruité notes. Made with Scotch, Amaretto. Instructions: Pour all ingredients directly into old fashioned glass filled with ice cubes. Stir gently.. Garnished with a fresh fruit slice, placed on a dark wooden bar counter, moody lighting --v 5"
Afternoon,"Flat lay, vintage speakeasy style. High-quality photo of a Afternoon, served in a cocktail glass, featuring Crémeux notes. Made with Kahlua, Baileys irish cream, Frangelico, Coffee, Cream. Instructions: Build into a suiting glass, with no ice. Cream on top if wanted. Served directly.. Garnished with a minimalist garnish, placed on a dark wooden bar counter, moody lighting --v 5"
Cafe Savoy,"Flat lay, vintage speakeasy style. High-quality photo of a Cafe Savoy, served in a cocktail glass, featuring Fruité notes. Made with Coffee, Milk, Triple sec, Brandy. Instructions: Fill mug almost to top with coffee.Add milk, triple sec and brandy. Stir.. Garnished with a fresh fruit slice, placed on a dark wooden bar counter, moody lighting --v 5"
Vodka Fizz,"Flat lay, vintage speakeasy style. High-quality photo of a Vodka Fizz, served in a cocktail glass, featuring Acide, épicé, épicé notes. Made with Vodka, Half-and-half, Limeade, Ice, Nutmeg. Instructions: Blend all ingredients, save nutmeg. Pour into large white wine glass and sprinkle nutmeg on top.. Garnished with a minimalist garnish, placed on a dark wooden bar counter, moody lighting --v 5"
After Five,"Flat lay, vintage speakeasy style. High-quality photo of a After Five, served in a cocktail glass, featuring Crémeux, épicé notes. Made with Peppermint schnapps, Kahlua, Baileys irish cream. Instructions: 1. Pour Kahlua into shot glass to about 1/2 full. 2. Using a spoon(inverted), slowly pour in the Peppermint Schnapps until glass is about 3/4 full. Done correctly, the Schnapps will flow under the Kahlua for a clear layer. 3. Again using a spoon, but this time right side up, slowly top off the glass with a layer of Bailey's. Be careful to place the spoon right at the top of the Kahlua layer and to raise it as the glass fills up. Done correctly, this will provide a layer of Bailey's floating over the Kahlua. 4. Toss it down all at once for something like a Peppermint Pattie, WITH A BANG!!! NOTE: Best if all ingredients are chilled. Garnished with a minimalist garnish, placed on a dark wooden bar counter, moody lighting --v 5"
Angel Face,"Flat lay, vintage speakeasy style. High-quality photo of a Angel Face, served in a cocktail glass, featuring Fruité notes. Made with Apricot brandy, Apple brandy, Gin. Instructions: Shake all ingredients with ice and strain contents into a cocktail glass.. Garnished with a fresh fruit slice, placed on a dark wooden bar counter, moody lighting --v 5"
Quick F**K,"Flat lay, vintage speakeasy style. High-quality photo of a Quick F**K, served in a cocktail glass, featuring Crémeux, sucré, sucré notes. Made with Kahlua, Midori melon liqueur, Baileys irish cream. Instructions: In a shot glass add 1/3 Kahlua first. Then 1/3 Miduri, topping it off with a 1/3 bailey's irish cream. Garnished with a minimalist garnish, placed on a dark wooden bar counter, moody lighting --v 5"
Brain Fart,"Flat lay, vintage speakeasy style. High-quality photo of a Brain Fart, served in a cocktail glass, featuring Fruité, sucré notes. Made with Everclear, Vodka, Mountain Dew, Surge, Lemon juice, Rum. Instructions: Mix all ingredients together. Slowly and gently. Works best if ice is added to punch bowl and soda's are very cold.. Garnished with a fresh fruit slice, placed on a dark wooden bar counter, moody lighting --v 5"
Porto flip,"Flat lay, vintage speakeasy style. High-quality photo of a Porto flip, served in a cocktail glass, featuring Fruité notes. Made with Brandy, Port, Egg Yolk. Instructions: Shake ingredients together in a mixer with ice. Strain into glass, garnish and serve.. Garnished with a fresh fruit slice, placed on a dark wooden bar counter, moody lighting --v 5"
Royal Fizz,"Flat lay, vintage speakeasy style. High-quality photo of a Royal Fizz, served in a cocktail glass, featuring Fruité, sucré notes. Made with Gin, Sweet and sour, Egg, Coca-Cola. Instructions: Shake all ingredients (except cola) with ice and strain into a chilled collins glass. Fill with cola and serve.. Garnished with a fresh fruit slice, placed on a dark wooden bar counter, moody lighting --v 5"
Frisco Sour,"Flat lay, vintage speakeasy style. High-quality photo of a Frisco Sour, served in a cocktail glass, featuring Acide notes. Made with Blended whiskey, Benedictine, Lemon, Lime, Lemon, Lime. Instructions: Shake all ingredients (except slices of lemon and lime) with ice and strain into a whiskey sour glass. Decorate with the slices of lemon and lime and serve.. Garnished with a minimalist garnish, placed on a dark wooden bar counter, moody lighting --v 5"
Arctic Fish,"Flat lay, vintage speakeasy style. High-quality photo of a Arctic Fish, served in a cocktail glass, featuring Fruité, sucré notes. Made with Vodka, Grape soda, Orange juice, Ice, Candy. Instructions: Fill glass with ice and fish, add vodka, grape soda and orange juice. DO NOT STIR!!!!! Serve well chilled.. Garnished with a fresh fruit slice, placed on a dark wooden bar counter, moody lighting --v 5"
Fruit Shake,"Flat lay, vintage speakeasy style. High-quality photo of a Fruit Shake, served in a cocktail glass, featuring Fruité, sucré notes. Made with Yoghurt, Banana, Orange juice, Fruit, Ice. Instructions: Blend til smooth.. Garnished with a fresh fruit slice, placed on a dark wooden bar counter, moody lighting --v 5"
GG,"Flat lay, vintage speakeasy style. High-quality photo of a GG, served in a cocktail glass, featuring Fruité, épicé, épicé notes. Made with Galliano, Ginger ale, Ice. Instructions: Pour the Galliano liqueur over ice. Fill the remainder of the glass with ginger ale and thats all there is to it. You now have a your very own GG.. Garnished with a fresh fruit slice, placed on a dark wooden bar counter, moody lighting --v 5"
Zinger,"Flat lay, vintage speakeasy style. High-quality photo of a Zinger, served in a cocktail glass, featuring Fruité notes. Made with Peachtree schnapps, Surge. Instructions: Get a shot glass and pour in three shots of the schnapps. Do the same with the Surge Cola. Then down it like Scheetz would.. Garnished with a fresh fruit slice, placed on a dark wooden bar counter, moody lighting --v 5"
Orgasm,"Flat lay, vintage speakeasy style. High-quality photo of a Orgasm, served in a cocktail glass, featuring Crémeux notes. Made with Creme de Cacao, Amaretto, Triple sec, Vodka, Light cream. Instructions: Shake all ingredients with ice, strain into a chilled cocktail glass, and serve.. Garnished with a minimalist garnish, placed on a dark wooden bar counter, moody lighting --v 5"
Gimlet,"Flat lay, vintage speakeasy style. High-quality photo of a Gimlet, served in a cocktail glass, featuring Acide, sucré notes. Made with Gin, Lime Juice, Sugar Syrup, Lime. Instructions: Add all the ingredients to a shaker and fill with ice.

Shake, and strain into a chilled cocktail glass or an Old Fashioned glass filled with fresh ice.

Garnish with a lime wheel.. Garnished with a minimalist garnish, placed on a dark wooden bar counter, moody lighting --v 5"
Negroni,"Flat lay, vintage speakeasy style. High-quality photo of a Negroni, served in a old-fashioned glass, featuring Amer, sucré notes. Made with Gin, Campari, Sweet Vermouth. Instructions: Stir into glass over ice, garnish and serve.. Garnished with a minimalist garnish, placed on a dark wooden bar counter, moody lighting --v 5"
Big Red,"Flat lay, vintage speakeasy style. High-quality photo of a Big Red, served in a cocktail glass, featuring Fruité notes. Made with Irish cream, Goldschlager. Instructions: Pour ingredients into 1 ounce shot glass. Garnished with a fresh fruit slice, placed on a dark wooden bar counter, moody lighting --v 5"
Stinger,"Flat lay, vintage speakeasy style. High-quality photo of a Stinger, served in a cocktail glass, featuring Herbacé notes. Made with Brandy, White Creme de Menthe. Instructions: Pour in a mixing glass with ice, stir and strain into a cocktail glass. May also be served on rocks in a rocks glass.. Garnished with a minimalist garnish, placed on a dark wooden bar counter, moody lighting --v 5"
Sangria,"Flat lay, vintage speakeasy style. High-quality photo of a Sangria, served in a cocktail glass, featuring Fruité, épicé, sucré, épicé notes. Made with Red wine, Sugar, Orange juice, Lemon juice, Cloves, Cinnamon. Instructions: Mix all together in a pitcher and refrigerate. Add cloves and cinnamon sticks to taste. Serve in wine glasses.. Garnished with a fresh fruit slice, placed on a dark wooden bar counter, moody lighting --v 5"
410 Gone,"Flat lay, vintage speakeasy style. High-quality photo of a 410 Gone, served in a cocktail glass, featuring Fruité notes. Made with Peach Vodka, Coca-Cola. Instructions: Mix together and enjoy!. Garnished with a fresh fruit slice, placed on a dark wooden bar counter, moody lighting --v 5"
Godchild,"Flat lay, vintage speakeasy style. High-quality photo of a Godchild, served in a cocktail glass, featuring Fruité notes. Made with Vodka, Amaretto, Heavy cream. Instructions: Shake all ingredients well with cracked ice, strain into a champagne flute, and serve.. Garnished with a fresh fruit slice, placed on a dark wooden bar counter, moody lighting --v 5"
Pink Gin,"Flat lay, vintage speakeasy style. High-quality photo of a Pink Gin, served in a cocktail glass, featuring Fruité notes. Made with Bitters, Gin. Instructions: Pour the bitters into a wine glass. Swirl the glass to coat the inside with the bitters, shake out the excess. Pour the gin into the glass. Do not add ice.. Garnished with a fresh fruit slice, placed on a dark wooden bar counter, moody lighting --v 5"
Shot-gun,"Flat lay, vintage speakeasy style. High-quality photo of a Shot-gun, served in a cocktail glass, featuring Fruité notes. Made with Jim Beam, Jack Daniels, Wild Turkey. Instructions: Pour one part Jack Daneils and one part Jim Beam into shot glass then float Wild Turkey on top.. Garnished with a fresh fruit slice, placed on a dark wooden bar counter, moody lighting --v 5"
Gin Sour,"Flat lay, vintage speakeasy style. High-quality photo of a Gin Sour, served in a sour glass, featuring Fruité, sucré notes. Made with Gin, Lemon juice, Sugar, Orange, Maraschino cherry. Instructions: In a shaker half-filled with ice cubes, combine the gin, lemon juice, and sugar. Shake well. Strain into a sour glass and garnish with the orange slice and the cherry.. Garnished with a fresh fruit slice, placed on a dark wooden bar counter, moody lighting --v 5"
Gin Fizz,"Flat lay, vintage speakeasy style. High-quality photo of a Gin Fizz, served in a cocktail glass, featuring Fruité, sucré notes. Made with Gin, Lemon, Powdered sugar, Carbonated water. Instructions: Shake all ingredients with ice cubes, except soda water. Pour into glass. Top with soda water.. Garnished with a fresh fruit slice, placed on a dark wooden bar counter, moody lighting --v 5"
Algonquin,"Flat lay, vintage speakeasy style. High-quality photo of a Algonquin, served in a cocktail glass, featuring Amer, sucré notes. Made with Blended whiskey, Dry Vermouth, Pineapple juice. Instructions: Combine and shake all ingredients with ice, strain contents into a cocktail glass, and serve.. Garnished with a minimalist garnish, placed on a dark wooden bar counter, moody lighting --v 5"
Allegheny,"Flat lay, vintage speakeasy style. High-quality photo of a Allegheny, served in a cocktail glass, featuring Amer, sucré notes. Made with Dry Vermouth, Bourbon, Blackberry brandy, Lemon juice, Lemon peel. Instructions: Shake all ingredients (except lemon peel) with ice and strain into a cocktail glass. Top with the twist of lemon peel and serve.. Garnished with a minimalist garnish, placed on a dark wooden bar counter, moody lighting --v 5"
Jitterbug,"Flat lay, vintage speakeasy style. High-quality photo of a Jitterbug, served in a cocktail glass, featuring Acide, sucré, sucré notes. Made with Gin, Vodka, Grenadine, Lime juice, Sugar, Sugar syrup, Soda water. Instructions: Wet glass, dip rim in sugar. Then add Ice. Then add everything else. It's that simple!. Garnished with a minimalist garnish, placed on a dark wooden bar counter, moody lighting --v 5"
Afterglow,"Flat lay, vintage speakeasy style. High-quality photo of a Afterglow, served in a cocktail glass, featuring Fruité, sucré, sucré notes. Made with Grenadine, Orange juice, Pineapple juice. Instructions: Mix. Serve over ice.. Garnished with a fresh fruit slice, placed on a dark wooden bar counter, moody lighting --v 5"
Boomerang,"Flat lay, vintage speakeasy style. High-quality photo of a Boomerang, served in a cocktail glass, featuring Amer, sucré, sucré notes. Made with Gin, Dry Vermouth, Bitters, Maraschino liqueur, Maraschino cherry. Instructions: In a mixing glass half-filled with ice cubes, combine the gin, vermouth, bitters, and maraschino liqueur. Stir well. Strain into a cocktail glass and garnish with the cherry.. Garnished with a minimalist garnish, placed on a dark wooden bar counter, moody lighting --v 5"
Greyhound,"Flat lay, vintage speakeasy style. High-quality photo of a Greyhound, served in a cocktail glass, featuring Fruité, sucré notes. Made with Vodka, Grapefruit Juice. Instructions: Add the vodka to a Collins glass filled with ice.
Top with grapefruit juice and stir.

. Garnished with a fresh fruit slice, placed on a dark wooden bar counter, moody lighting --v 5"
Salty Dog,"Flat lay, vintage speakeasy style. High-quality photo of a Salty Dog, served in a cocktail glass, featuring Fruité, sucré, salé notes. Made with Grapefruit juice, Gin, Salt. Instructions: Pour all ingredients over ice cubes in a highball glass. Stir well and serve. (Vodka may be substituted for gin, if preferred.). Garnished with a fresh fruit slice, placed on a dark wooden bar counter, moody lighting --v 5"
Dragonfly,"Flat lay, vintage speakeasy style. High-quality photo of a Dragonfly, served in a cocktail glass, featuring Acide, épicé, épicé notes. Made with Gin, Ginger ale, Lime. Instructions: In a highball glass almost filled with ice cubes, combine the gin and ginger ale. Stir well. Garnish with the lime wedge.. Garnished with a minimalist garnish, placed on a dark wooden bar counter, moody lighting --v 5"
Orangeade,"Flat lay, vintage speakeasy style. High-quality photo of a Orangeade, served in a cocktail glass, featuring Fruité, sucré notes. Made with Lemon juice, Orange juice, Sugar syrup, Soda water. Instructions: Place some ice cubes in a large tumbler or highball glass, add lemon juice, orange juice, sugar syrup, and stir well. Top up with cold soda water, serve with a drinking straw.. Garnished with a fresh fruit slice, placed on a dark wooden bar counter, moody lighting --v 5"
Pegu Club,"Flat lay, vintage speakeasy style. High-quality photo of a Pegu Club, served in a cocktail glass, featuring Acide, sucré notes. Made with Gin, Orange Curacao, Lime Juice, Angostura Bitters, Orange Bitters. Instructions: Shake, strain, up, cocktail glass. Garnished with a minimalist garnish, placed on a dark wooden bar counter, moody lighting --v 5"
Addington,"Flat lay, vintage speakeasy style. High-quality photo of a Addington, served in a cocktail glass, featuring Amer, sucré notes. Made with Sweet Vermouth, Dry Vermouth, Soda Water. Instructions: Mix both the vermouth's in a shaker and strain into a cold glass. Top up with a squirt of Soda Water. . Garnished with a minimalist garnish, placed on a dark wooden bar counter, moody lighting --v 5"
H.D.,"Flat lay, vintage speakeasy style. High-quality photo of a H.D., served in a cocktail glass, featuring Crémeux notes. Made with Whisky, Baileys irish cream, Coffee. Instructions: Mix the whisky and Baileys Cream in a beer-glass (at least 50 cl). Fill the rest of the glass with coffee.. Garnished with a minimalist garnish, placed on a dark wooden bar counter, moody lighting --v 5"
Shot-gun,"Flat lay, vintage speakeasy style. High-quality photo of a Shot-gun, served in a cocktail glass, featuring Fruité notes. Made with Jim Beam, Jack Daniels, Wild Turkey. Instructions: Pour one part Jack Daneils and one part Jim Beam into shot glass then float Wild Turkey on top.. Garnished with a fresh fruit slice, placed on a dark wooden bar counter, moody lighting --v 5"
Godchild,"Flat lay, vintage speakeasy style. High-quality photo of a Godchild, served in a cocktail glass, featuring Fruité notes. Made with Vodka, Amaretto, Heavy cream. Instructions: Shake all ingredients well with cracked ice, strain into a champagne flute, and serve.. Garnished with a fresh fruit slice, placed on a dark wooden bar counter, moody lighting --v 5"
Thriller,"Flat lay, vintage speakeasy style. High-quality photo of a Thriller, served in a cocktail glass, featuring Fruité, sucré notes. Made with Scotch, Wine, Orange juice. Instructions: In a shaker half-filled with ice cubes, combine all of the ingredients. Shake well. Strain into a cocktail glass.. Garnished with a fresh fruit slice, placed on a dark wooden bar counter, moody lighting --v 5"
Lunch Box,"Flat lay, vintage speakeasy style. High-quality photo of a Lunch Box, served in a cocktail glass, featuring Fruité, sucré notes. Made with Beer, Amaretto, Orange juice. Instructions: Fill a pint glass almost full with beer. Then fill the rest with orange juice (careful not to fill it to the top). Then take the shot of Amaretto and drop it in.. Garnished with a fresh fruit slice, placed on a dark wooden bar counter, moody lighting --v 5"
Gluehwein,"Flat lay, vintage speakeasy style. High-quality photo of a Gluehwein, served in a cocktail glass, featuring Fruité, épicé, sucré, épicé notes. Made with Red wine, Water, Sugar, Cinnamon, Cloves, Lemon peel. Instructions: Boil sugar and spices in water, leave in the water for 30 minutes. Strain the spiced water and mix with the wine. Heat slowly until short of boiling temperature. (To remove alcohol, let it boil for a while.) You may add lemon or orange juice to taste. Serve in irish coffee cup.. Garnished with a fresh fruit slice, placed on a dark wooden bar counter, moody lighting --v 5"
Manhattan,"Flat lay, vintage speakeasy style. High-quality photo of a Manhattan, served in a cocktail glass, featuring Amer, sucré notes. Made with Sweet Vermouth, Bourbon, Angostura bitters, Ice, Maraschino cherry, Orange peel. Instructions: Stirred over ice, strained into a chilled glass, garnished, and served up.. Garnished with a minimalist garnish, placed on a dark wooden bar counter, moody lighting --v 5"
Allegheny,"Flat lay, vintage speakeasy style. High-quality photo of a Allegheny, served in a cocktail glass, featuring Amer, sucré notes. Made with Dry Vermouth, Bourbon, Blackberry brandy, Lemon juice, Lemon peel. Instructions: Shake all ingredients (except lemon peel) with ice and strain into a cocktail glass. Top with the twist of lemon peel and serve.. Garnished with a minimalist garnish, placed on a dark wooden bar counter, moody lighting --v 5"
Avalanche,"Flat lay, vintage speakeasy style. High-quality photo of a Avalanche, served in a cocktail glass, featuring Fruité notes. Made with Crown Royal, Kahlua, Cream. Instructions: Mix in highball glass over ice, shake well.. Garnished with a fresh fruit slice, placed on a dark wooden bar counter, moody lighting --v 5"
Rum Punch,"Flat lay, vintage speakeasy style. High-quality photo of a Rum Punch, served in a cocktail glass, featuring Fruité, épicé, sucré, épicé notes. Made with Rum, Ginger ale, Fruit punch, Orange juice, Ice. Instructions: Mix all ingredients in a punch bowl and serve.. Garnished with a fresh fruit slice, placed on a dark wooden bar counter, moody lighting --v 5"
The Galah,"Flat lay, vintage speakeasy style. High-quality photo of a The Galah, served in a cocktail glass, featuring Acide, sucré notes. Made with Dark Rum, Campari, Creme De Banane, Pineapple Juice, Lime Juice. Instructions: Mix together the alcoholic portions and top with Pineapple and Lime juice.. Garnished with a minimalist garnish, placed on a dark wooden bar counter, moody lighting --v 5"
French 75,"Flat lay, vintage speakeasy style. High-quality photo of a French 75, served in a cocktail glass, featuring Fruité, sucré notes. Made with Gin, Sugar, Lemon juice, Champagne, Orange, Maraschino cherry. Instructions: Combine gin, sugar, and lemon juice in a cocktail shaker filled with ice. Shake vigorously and strain into a chilled champagne glass. Top up with Champagne. Stir gently.. Garnished with a fresh fruit slice, placed on a dark wooden bar counter, moody lighting --v 5"
Honey Bee,"Flat lay, vintage speakeasy style. High-quality photo of a Honey Bee, served in a cocktail glass, featuring Fruité, sucré notes. Made with White Rum, Honey, Lemon Juice. Instructions: Shake ingredients with crushed ice
. Garnished with a fresh fruit slice, placed on a dark wooden bar counter, moody lighting --v 5"
Hot Toddy,"Flat lay, vintage speakeasy style. High-quality photo of a Hot Toddy, served in a cocktail glass, featuring Fruité, épicé, sucré, épicé notes. Made with Whiskey, Honey, Cinnamon, lemon, Cloves. Instructions: STEP 1
Whisk the whisky and honey together and split between 2 heatproof glasses. Add half of the cinnamon stick to each, then top up with 200ml boiling water.

STEP 2
Add a splash of lemon juice to each, then taste and add more to your preference. Finish each with a slice of lemon, studded with a clove, and serve immediately.. Garnished with a fresh fruit slice, placed on a dark wooden bar counter, moody lighting --v 5"
Gin Smash,"Flat lay, vintage speakeasy style. High-quality photo of a Gin Smash, served in a cocktail glass, featuring Fruité, sucré notes. Made with Gin, Carbonated water, Sugar, Mint, Orange, Cherry. Instructions: Muddle sugar with carbonated water and mint sprigs in an old-fashioned glass. Add gin and 1 ice cube. Stir, add the orange slice and the cherry, and serve.. Garnished with a fresh fruit slice, placed on a dark wooden bar counter, moody lighting --v 5"
Godfather,"Flat lay, vintage speakeasy style. High-quality photo of a Godfather, served in a cocktail glass, featuring Fruité notes. Made with Scotch, Amaretto. Instructions: Pour all ingredients directly into old fashioned glass filled with ice cubes. Stir gently.. Garnished with a fresh fruit slice, placed on a dark wooden bar counter, moody lighting --v 5"
Godmother,"Flat lay, vintage speakeasy style. High-quality photo of a Godmother, served in a cocktail glass, featuring Fruité notes. Made with Vodka, Amaretto. Instructions: Pour vodka and amaretto into an old-fashioned glass over ice and serve.. Garnished with a fresh fruit slice, placed on a dark wooden bar counter, moody lighting --v 5"
Michelada,"Flat lay, vintage speakeasy style. High-quality photo of a Michelada, served in a cocktail glass, featuring Acide, sucré, salé notes. Made with Beer, Tomato Juice, Lime Juice, Hot Sauce, Worcestershire Sauce, Soy Sauce. Instructions: Mix the beer with tomato juice, freshly squeezed lime juice, and Worcestershire sauce, teriyaki sauce, soy sauce, or hot sauce.
Served In a chilled, salt-rimmed glass
. Garnished with a minimalist garnish, placed on a dark wooden bar counter, moody lighting --v 5"
Greyhound,"Flat lay, vintage speakeasy style. High-quality photo of a Greyhound, served in a cocktail glass, featuring Fruité, sucré notes. Made with Vodka, Grapefruit Juice. Instructions: Add the vodka to a Collins glass filled with ice.
Top with grapefruit juice and stir.

. Garnished with a fresh fruit slice, placed on a dark wooden bar counter, moody lighting --v 5"
Downshift,"Flat lay, vintage speakeasy style. High-quality photo of a Downshift, served in a cocktail glass, featuring Fruité notes. Made with Fruit punch, Sprite, Tequila, 151 proof rum. Instructions: Start with the Sprite. Next comes the tequila. After that, add the Minute Maid Fruit Punch, then float the 151. Rocks optional.. Garnished with a fresh fruit slice, placed on a dark wooden bar counter, moody lighting --v 5"
Archbishop,"Flat lay, vintage speakeasy style. High-quality photo of a Archbishop, served in a cocktail glass, featuring Acide notes. Made with Gin, Wine, Benedictine, Lime. Instructions: In an old-fashioned glass almost filled with ice cubes, combine all of the ingredients. Stir well.. Garnished with a minimalist garnish, placed on a dark wooden bar counter, moody lighting --v 5"
Jackhammer,"Flat lay, vintage speakeasy style. High-quality photo of a Jackhammer, served in a cocktail glass, featuring Fruité notes. Made with Jack Daniels, Amaretto. Instructions: Serve over ice- Warning,Deadly!. Garnished with a fresh fruit slice, placed on a dark wooden bar counter, moody lighting --v 5"
Wine Punch,"Flat lay, vintage speakeasy style. High-quality photo of a Wine Punch, served in a cocktail glass, featuring Fruité, sucré notes. Made with Red wine, Lemon, Orange juice, Orange, Pineapple juice. Instructions: Combine all of the ingredients and pour over a block of ice.. Garnished with a fresh fruit slice, placed on a dark wooden bar counter, moody lighting --v 5"
Zipperhead,"Flat lay, vintage speakeasy style. High-quality photo of a Zipperhead, served in a cocktail glass, featuring Fruité, sucré, sucré notes. Made with Chambord raspberry liqueur, Vodka, Soda water. Instructions: Fill glass with rocks, add straw before putting in liquor. Then add the ingredients in order, trying to keep layered as much as possible (i.e. Chambord on bottom, then Vodka, Then soda on top).. Garnished with a fresh fruit slice, placed on a dark wooden bar counter, moody lighting --v 5"
White Lady,"Flat lay, vintage speakeasy style. High-quality photo of a White Lady, served in a cocktail glass, featuring Fruité, sucré notes. Made with Gin, Triple Sec, Lemon Juice. Instructions: Add all ingredients into cocktail shaker filled with ice. Shake well and strain into large cocktail glass.. Garnished with a fresh fruit slice, placed on a dark wooden bar counter, moody lighting --v 5"
Kir,"Flat lay, vintage speakeasy style. High-quality photo of a Kir, served in a cocktail glass, featuring Crémeux notes. Made with Creme de Cassis, Champagne. Instructions: Add the crème de cassis to the bottom of the glass, then top up with wine.. Garnished with a minimalist garnish, placed on a dark wooden bar counter, moody lighting --v 5"
ACID,"Flat lay, vintage speakeasy style. High-quality photo of a ACID, served in a cocktail glass, featuring Fruité notes. Made with 151 proof rum, Wild Turkey. Instructions: Poor in the 151 first followed by the 101 served with a Coke or Dr Pepper chaser.. Garnished with a fresh fruit slice, placed on a dark wooden bar counter, moody lighting --v 5"
Bijou,"Flat lay, vintage speakeasy style. High-quality photo of a Bijou, served in a cocktail glass, featuring Amer, sucré notes. Made with Orange Bitters, Green Chartreuse, Gin, Sweet Vermouth. Instructions: Stir in mixing glass with ice and strain
. Garnished with a minimalist garnish, placed on a dark wooden bar counter, moody lighting --v 5"
Mojito,"Flat lay, vintage speakeasy style. High-quality photo of a Mojito, served in a highball glass, featuring Acide, sucré notes. Made with Light rum, Lime, Sugar, Mint, Soda water. Instructions: Muddle mint leaves with sugar and lime juice. Add a splash of soda water and fill the glass with cracked ice. Pour the rum and top with soda water. Garnish and serve with straw.. Garnished with a minimalist garnish, placed on a dark wooden bar counter, moody lighting --v 5"
Mimosa,"Flat lay, vintage speakeasy style. High-quality photo of a Mimosa, served in a cocktail glass, featuring Fruité, sucré notes. Made with Champagne, Orange juice. Instructions: Ensure both ingredients are well chilled, then mix into the glass. Serve cold.. Garnished with a fresh fruit slice, placed on a dark wooden bar counter, moody lighting --v 5"
Gimlet,"Flat lay, vintage speakeasy style. High-quality photo of a Gimlet, served in a cocktail glass, featuring Acide, sucré notes. Made with Gin, Lime Juice, Sugar Syrup, Lime. Instructions: Add all the ingredients to a shaker and fill with ice.

Shake, and strain into a chilled cocktail glass or an Old Fashioned glass filled with fresh ice.

Garnish with a lime wheel.. Garnished with a minimalist garnish, placed on a dark wooden bar counter, moody lighting --v 5"
Zombie,"Flat lay, vintage speakeasy style. High-quality photo of a Zombie, served in a cocktail glass, featuring Acide, sucré, sucré notes. Made with Rum, Gold rum, 151 proof rum, Pernod, Grenadine, Lime Juice, Angostura Bitters. Instructions: Blend at high speed for no more than 5 seconds.

Pour into a glass, add ice cubes to fill, then add the garnish.

*Donn’s mix: Bring 3 crushed cinnamon sticks, 1 cup of sugar and 1 cup of water to a boil, stirring until the sugar is dissolved.

Simmer for 2 minutes, then remove from the heat and let sit for at least 2 hours before straining into a clean glass bottle.

Then add 1 part of the syrup and 2 parts of fresh grapefruit juice together.. Garnished with a minimalist garnish, placed on a dark wooden bar counter, moody lighting --v 5"
Casino,"Flat lay, vintage speakeasy style. High-quality photo of a Casino, served in a cocktail glass, featuring Fruité, sucré, sucré notes. Made with Gin, Maraschino liqueur, Lemon juice, Orange bitters, Cherry. Instructions: Pour all ingredients into shaker with ice cubes. Shake well. Strain into chilled cocktail glass. Garnish with a lemon twist and a maraschino cherry. Serve without a straw.. Garnished with a fresh fruit slice, placed on a dark wooden bar counter, moody lighting --v 5"
Zinger,"Flat lay, vintage speakeasy style. High-quality photo of a Zinger, served in a cocktail glass, featuring Fruité notes. Made with Peachtree schnapps, Surge. Instructions: Get a shot glass and pour in three shots of the schnapps. Do the same with the Surge Cola. Then down it like Scheetz would.. Garnished with a fresh fruit slice, placed on a dark wooden bar counter, moody lighting --v 5"
Victor,"Flat lay, vintage speakeasy style. High-quality photo of a Victor, served in a cocktail glass, featuring Amer, sucré notes. Made with Gin, Sweet Vermouth, Brandy. Instructions: Shake all ingredients with ice, strain into a cocktail glass, and serve.. Garnished with a minimalist garnish, placed on a dark wooden bar counter, moody lighting --v 5"
Affair,"Flat lay, vintage speakeasy style. High-quality photo of a Affair, served in a cocktail glass, featuring Fruité, sucré notes. Made with Strawberry schnapps, Orange juice, Cranberry juice, Club soda. Instructions: Pour schnapps, orange juice, and cranberry juice over ice in a highball glass. Top with club soda and serve.. Garnished with a fresh fruit slice, placed on a dark wooden bar counter, moody lighting --v 5"
Spritz,"Flat lay, vintage speakeasy style. High-quality photo of a Spritz, served in a cocktail glass, featuring Amer notes. Made with Prosecco, Campari, Soda Water. Instructions: Build into glass over ice, garnish and serve.. Garnished with a minimalist garnish, placed on a dark wooden bar counter, moody lighting --v 5"
Diesel,"Flat lay, vintage speakeasy style. High-quality photo of a Diesel, served in a cocktail glass, featuring Fruité notes. Made with Lager, Cider, Blackcurrant cordial. Instructions: Pour the lager first then add the blackcurrant cordial. Top up with the cider. The colour sholud be very dark approaching the colour of Guiness.. Garnished with a fresh fruit slice, placed on a dark wooden bar counter, moody lighting --v 5"
Mai Tai,"Flat lay, vintage speakeasy style. High-quality photo of a Mai Tai, served in a tiki mug, featuring Fruité, sucré notes. Made with Light rum, Orgeat syrup, Triple sec, Sweet and sour, Cherry. Instructions: Shake all ingredients with ice. Strain into glass. Garnish and serve with straw.. Garnished with a fresh fruit slice, placed on a dark wooden bar counter, moody lighting --v 5"
Big Red,"Flat lay, vintage speakeasy style. High-quality photo of a Big Red, served in a cocktail glass, featuring Fruité notes. Made with Irish cream, Goldschlager. Instructions: Pour ingredients into 1 ounce shot glass. Garnished with a fresh fruit slice, placed on a dark wooden bar counter, moody lighting --v 5"
Bellini,"Flat lay, vintage speakeasy style. High-quality photo of a Bellini, served in a cocktail glass, featuring Fruité notes. Made with Champagne, Peach schnapps. Instructions: Pour peach purée into chilled flute, add sparkling wine. Stir gently.. Garnished with a fresh fruit slice, placed on a dark wooden bar counter, moody lighting --v 5"
Sidecar,"Flat lay, vintage speakeasy style. High-quality photo of a Sidecar, served in a cocktail glass, featuring Fruité, sucré notes. Made with Cognac, Cointreau, Lemon juice. Instructions: Pour all ingredients into cocktail shaker filled with ice. Shake well and strain into cocktail glass.. Garnished with a fresh fruit slice, placed on a dark wooden bar counter, moody lighting --v 5"
Almeria,"Flat lay, vintage speakeasy style. High-quality photo of a Almeria, served in a cocktail glass, featuring Fruité notes. Made with Dark rum, Kahlua, Egg white. Instructions: In a shaker half-filled with ice cubes, combine all of the ingredients. Shake well. Strain into a cocktail glass.. Garnished with a fresh fruit slice, placed on a dark wooden bar counter, moody lighting --v 5"
Vampiro,"Flat lay, vintage speakeasy style. High-quality photo of a Vampiro, served in a cocktail glass, featuring Acide, sucré, salé notes. Made with Tequila, Tomato Juice, Orange Juice, Lime Juice, Sugar Syrup, Salt. Instructions: Vampiros may be made in a tall glass or an old fashioned glass. Bartenders may first ""rim"" the glass with Kosher Salt, which is done by placing a layer of Kosher Salt on a chopping board, moistening the glass' rim with lime juice or water, and then placing the upside down glass rim onto the Kosher Salt, so that the salt sticks to the moistened rim. The second step is to fill half the glass with ice and add one or two shooter glasses full of high quality Tequila. The next stage is to add the flavouring elements. This is done by squeezing a fresh lime into the glass, adding a few grains of salt, adding citrus-flavoured soda pop, until the glass is 4/5 full, and then adding spicy Viuda de Sanchez (or orange juice, lime juice and pico de gallo). The final step is to stir the ingredients so that the flavours are properly blended.. Garnished with a minimalist garnish, placed on a dark wooden bar counter, moody lighting --v 5"
Abilene,"Flat lay, vintage speakeasy style. High-quality photo of a Abilene, served in a cocktail glass, featuring Fruité, sucré notes. Made with Dark rum, Peach nectar, Orange juice. Instructions: Pour all of the ingredients into a highball glass almost filled with ice cubes. Stir well.. Garnished with a fresh fruit slice, placed on a dark wooden bar counter, moody lighting --v 5"
Addison,"Flat lay, vintage speakeasy style. High-quality photo of a Addison, served in a cocktail glass, featuring Amer notes. Made with Gin, Vermouth. Instructions: Shake together all the ingredients and strain into a cold glass.. Garnished with a minimalist garnish, placed on a dark wooden bar counter, moody lighting --v 5"
Vesuvio,"Flat lay, vintage speakeasy style. High-quality photo of a Vesuvio, served in a cocktail glass, featuring Amer, sucré notes. Made with Light rum, Sweet Vermouth, Lemon, Powdered sugar, Egg white. Instructions: Shake all ingredients with ice, strain into an old-fashioned glass over ice cubes, and serve.. Garnished with a minimalist garnish, placed on a dark wooden bar counter, moody lighting --v 5"
Limeade,"Flat lay, vintage speakeasy style. High-quality photo of a Limeade, served in a cocktail glass, featuring Acide, sucré notes. Made with Lime, Sugar, Soda water, Lime peel. Instructions: In a large glass, put the lime juice and sugar, and stir well. Add cold seltzer water to fill. Put the lime peels in the glass. Drink. Repeat until limes or soda run out.. Garnished with a minimalist garnish, placed on a dark wooden bar counter, moody lighting --v 5"
Ipamena,"Flat lay, vintage speakeasy style. High-quality photo of a Ipamena, served in a cocktail glass, featuring Acide, épicé, sucré, épicé notes. Made with Lime, Brown sugar, Passion fruit juice, Ginger ale, Ice. Instructions: Cut half a lime into pieces, place in a shaker, add the sugar and crush. Measure the passion fruit juice, add it to the shaker and fill up with ice cubes. Close the shaker and shake vigorously. Pour the liquid into a glass, top up with ginger ale, stir with a teaspoon and then garnish the rim of the glass with a slice of lime. Garnished with a minimalist garnish, placed on a dark wooden bar counter, moody lighting --v 5"
Stinger,"Flat lay, vintage speakeasy style. High-quality photo of a Stinger, served in a cocktail glass, featuring Herbacé notes. Made with Brandy, White Creme de Menthe. Instructions: Pour in a mixing glass with ice, stir and strain into a cocktail glass. May also be served on rocks in a rocks glass.. Garnished with a minimalist garnish, placed on a dark wooden bar counter, moody lighting --v 5"
Bijou,"Flat lay, vintage speakeasy style. High-quality photo of a Bijou, served in a cocktail glass, featuring Amer, sucré notes. Made with Orange Bitters, Green Chartreuse, Gin, Sweet Vermouth. Instructions: Stir in mixing glass with ice and strain
. Garnished with a minimalist garnish, placed on a dark wooden bar counter, moody lighting --v 5"
A. J.,"Flat lay, vintage speakeasy style. High-quality photo of a A. J., served in a cocktail glass, featuring Fruité, sucré notes. Made with Applejack, Grapefruit juice. Instructions: Shake ingredients with ice, strain into a cocktail glass, and serve.. Garnished with a fresh fruit slice, placed on a dark wooden bar counter, moody lighting --v 5"
Mojito,"Flat lay, vintage speakeasy style. High-quality photo of a Mojito, served in a highball glass, featuring Acide, sucré notes. Made with Light rum, Lime, Sugar, Mint, Soda water. Instructions: Muddle mint leaves with sugar and lime juice. Add a splash of soda water and fill the glass with cracked ice. Pour the rum and top with soda water. Garnish and serve with straw.. Garnished with a minimalist garnish, placed on a dark wooden bar counter, moody lighting --v 5"
Jitterbug,"Flat lay, vintage speakeasy style. High-quality photo of a Jitterbug, served in a cocktail glass, featuring Acide, sucré, sucré notes. Made with Gin, Vodka, Grenadine, Lime juice, Sugar, Sugar syrup, Soda water. Instructions: Wet glass, dip rim in sugar. Then add Ice. Then add everything else. It's that simple!. Garnished with a minimalist garnish, placed on a dark wooden bar counter, moody lighting --v 5"
Applejack,"Flat lay, vintage speakeasy style. High-quality photo of a Applejack, served in a cocktail glass, featuring Fruité, sucré, sucré notes. Made with Jack Daniels, Midori melon liqueur, Sour mix. Instructions: Add all ingredients into mixing glass, chill and strain into cocktail glass. Garnished with a fresh fruit slice, placed on a dark wooden bar counter, moody lighting --v 5"
Jam Donut,"Flat lay, vintage speakeasy style. High-quality photo of a Jam Donut, served in a cocktail glass, featuring Crémeux, sucré, sucré notes. Made with Baileys irish cream, Chambord raspberry liqueur, Sugar syrup, Sugar. Instructions: Coat the rim of a shot glass with sugar using sugar syrup to stick. Add the Chambord raspberry liqueur to the shot glass, and carefully layer the Baileys Irish Cream on top. Serve.. Garnished with a minimalist garnish, placed on a dark wooden bar counter, moody lighting --v 5"
Almond Joy,"Flat lay, vintage speakeasy style. High-quality photo of a Almond Joy, served in a cocktail glass, featuring Crémeux notes. Made with Amaretto, Creme de Cacao, Light cream. Instructions: Shake all ingredients with ice, strain into a cocktail glass, and serve.. Garnished with a minimalist garnish, placed on a dark wooden bar counter, moody lighting --v 5"
Jelly Bean,"Flat lay, vintage speakeasy style. High-quality photo of a Jelly Bean, served in a cocktail glass, featuring Fruité notes. Made with Blackberry brandy, Anis. Instructions: mix equal parts in pony glass-tastes just like a jelly bean!. Garnished with a fresh fruit slice, placed on a dark wooden bar counter, moody lighting --v 5"
Jackhammer,"Flat lay, vintage speakeasy style. High-quality photo of a Jackhammer, served in a cocktail glass, featuring Fruité notes. Made with Jack Daniels, Amaretto. Instructions: Serve over ice- Warning,Deadly!. Garnished with a fresh fruit slice, placed on a dark wooden bar counter, moody lighting --v 5"
Mint Julep,"Flat lay, vintage speakeasy style. High-quality photo of a Mint Julep, served in a cocktail glass, featuring Fumé, sucré notes. Made with Mint, Bourbon, Powdered sugar, Water. Instructions: In a highball glass gently muddle the mint, sugar and water. Fill the glass with cracked ice, add Bourbon and stir well until the glass is well frosted. Garnish with a mint sprig.. Garnished with a minimalist garnish, placed on a dark wooden bar counter, moody lighting --v 5"
Lemouroudji,"Flat lay, vintage speakeasy style. High-quality photo of a Lemouroudji, served in a cocktail glass, featuring Fruité, épicé, sucré, épicé notes. Made with Ginger, Water, Lemon, Sugar, Cayenne pepper. Instructions: Juice the lemons. Peel and grate the ginger. Place the grated ginger and a liberal dash of the cayenne pepper into a piece of cheesecloth, and tie it into a knot. Let soak in the water. After 15 minutes or so, add the sugar, and the lemon juice. Chill, and serve.. Garnished with a fresh fruit slice, placed on a dark wooden bar counter, moody lighting --v 5"
Jello shots,"Flat lay, vintage speakeasy style. High-quality photo of a Jello shots, served in a cocktail glass, featuring Fruité notes. Made with Vodka, Jello, Water. Instructions: Boil 3 cups of water then add jello. Mix jello and water until jello is completely disolved. Add the two cups of vodka and mix together. Pour mixture into plastic shot glasses and chill until firm. Then, eat away.... Garnished with a fresh fruit slice, placed on a dark wooden bar counter, moody lighting --v 5"
John Collins,"Flat lay, vintage speakeasy style. High-quality photo of a John Collins, served in a cocktail glass, featuring Fumé, sucré notes. Made with Bourbon, Lemon juice, Sugar, Club soda, Maraschino cherry, Orange. Instructions: Pour all ingredients directly into highball glass filled with ice. Stir gently. Garnish. Add a dash of Angostura bitters.. Garnished with a minimalist garnish, placed on a dark wooden bar counter, moody lighting --v 5"
Jamaica Kiss,"Flat lay, vintage speakeasy style. High-quality photo of a Jamaica Kiss, served in a cocktail glass, featuring Fruité, sucré, sucré notes. Made with Coffee liqueur, Light rum, Ice, Milk. Instructions: Fill a tumbler with ice cubes. Add a shot of Tia Maria and a shot of Jamaican light rum. Fill the tumbler with milk. Blend until smooth and serve immediately.. Garnished with a fresh fruit slice, placed on a dark wooden bar counter, moody lighting --v 5"
Mojito Extra,"Flat lay, vintage speakeasy style. High-quality photo of a Mojito Extra, served in a cocktail glass, featuring Amer, sucré notes. Made with Mint, Lemon juice, Dark rum, Club soda, Angostura bitters. Instructions: Put mint with lemon juice in a glas, mash the mint with a spoon, ice, rum & fill up with club soda. Top it with Angostura.. Garnished with a minimalist garnish, placed on a dark wooden bar counter, moody lighting --v 5"
Mango Mojito,"Flat lay, vintage speakeasy style. High-quality photo of a Mango Mojito, served in a cocktail glass, featuring Acide notes. Made with Lime, Mango, Mint, White Rum, Ice, Soda Water, Mango. Instructions: Squeeze the juice from 1½ limes and blend with the mango to give a smooth purée.
Cut the rest of the limes into quarters, and then cut each wedge in half again. Put 2 pieces of lime in a highball glass for each person and add 1 teaspoon of caster sugar and 5-6 mint leaves to each glass. Squish everything together with a muddler or the end of a rolling pin to release all the flavours from the lime and mint.
Divide the mango purée between the glasses and add 30ml white rum and a handful of crushed ice to each one, stirring well to mix everything together. Top up with soda water to serve and garnish with extra mint, if you like.. Garnished with a minimalist garnish, placed on a dark wooden bar counter, moody lighting --v 5"
Japanese Fizz,"Flat lay, vintage speakeasy style. High-quality photo of a Japanese Fizz, served in a cocktail glass, featuring Fruité, sucré notes. Made with Blended whiskey, Lemon, Powdered sugar, Port, Egg white, Carbonated water. Instructions: Shake all ingredients (except carbonated water) with ice and strain into a highball glass over two ice cubes. Fill with carbonated water, stir, and serve.. Garnished with a fresh fruit slice, placed on a dark wooden bar counter, moody lighting --v 5"
Just a Moonmint,"Flat lay, vintage speakeasy style. High-quality photo of a Just a Moonmint, served in a cocktail glass, featuring Fruité, sucré notes. Made with Milk, Chocolate syrup, Mint syrup. Instructions: Place all ingredients in the blender jar - cover and whiz on medium speed until well blended. Pour in one tall, 2 medium or 3 small glasses and drink up.. Garnished with a fresh fruit slice, placed on a dark wooden bar counter, moody lighting --v 5"
Jamaican Coffee,"Flat lay, vintage speakeasy style. High-quality photo of a Jamaican Coffee, served in a cocktail glass, featuring Fruité notes. Made with Rum, Coffee, Water, Whipped cream. Instructions: Stir the rum, coffee and water together. Top with the whipped cream. Sprinkle with a pinch of well ground coffee and drink with a straw.. Garnished with a fresh fruit slice, placed on a dark wooden bar counter, moody lighting --v 5"
Raspberry Julep,"Flat lay, vintage speakeasy style. High-quality photo of a Raspberry Julep, served in a cocktail glass, featuring Fumé, sucré notes. Made with Bourbon, Raspberry syrup, Mint. Instructions: Softly muddle the mint leaves and raspberry syrup in the bottom of the cup. Add crushed ice and Bourbon to the cup and then stir. Top with more ice, garnish with a mint sprig.. Garnished with a minimalist garnish, placed on a dark wooden bar counter, moody lighting --v 5"
The Jimmy Conway,"Flat lay, vintage speakeasy style. High-quality photo of a The Jimmy Conway, served in a cocktail glass, featuring Fruité, sucré notes. Made with Irish Whiskey, Amaretto, Cranberry Juice. Instructions: Fill glass with ice
Pour in The Irishman and Disaronno
Fill to the top with Cranberry Juice
Garnish with a slice of lemon…Enjoy!. Garnished with a fresh fruit slice, placed on a dark wooden bar counter, moody lighting --v 5"
Blueberry Mojito,"Flat lay, vintage speakeasy style. High-quality photo of a Blueberry Mojito, served in a cocktail glass, featuring Acide, sucré notes. Made with Dark Rum, Lime Juice, Sugar, Blueberries, Lemon-lime soda. Instructions: Muddle the blueberries with the other ingredients and serve in a highball glass. Garnish with mint and a half slice of lime.. Garnished with a minimalist garnish, placed on a dark wooden bar counter, moody lighting --v 5"
Jewel Of The Nile,"Flat lay, vintage speakeasy style. High-quality photo of a Jewel Of The Nile, served in a cocktail glass, featuring Fruité notes. Made with Gin, Green Chartreuse, Yellow Chartreuse. Instructions: In a mixing glass half-filled with ice cubes, combine all of the ingredients. Stir well. Strain into a cocktail glass.. Garnished with a fresh fruit slice, placed on a dark wooden bar counter, moody lighting --v 5"
Jack Rose Cocktail,"Flat lay, vintage speakeasy style. High-quality photo of a Jack Rose Cocktail, served in a cocktail glass, featuring Acide, sucré, sucré notes. Made with Apple brandy, Grenadine, Lime. Instructions: Shake all ingredients with ice, strain into a cocktail glass, and serve.. Garnished with a minimalist garnish, placed on a dark wooden bar counter, moody lighting --v 5"
Jack's Vanilla Coke,"Flat lay, vintage speakeasy style. High-quality photo of a Jack's Vanilla Coke, served in a cocktail glass, featuring Fruité notes. Made with Ice, Tennessee whiskey, Vanilla extract, Coca-Cola. Instructions: After pouring in your ingredients, and adding 3-5 ice cubes, according to taste. Stir the drink with a stirrer to get the Vanilla off the bottom.. Garnished with a fresh fruit slice, placed on a dark wooden bar counter, moody lighting --v 5"
Kir,"Flat lay, vintage speakeasy style. High-quality photo of a Kir, served in a cocktail glass, featuring Crémeux notes. Made with Creme de Cassis, Champagne. Instructions: Add the crème de cassis to the bottom of the glass, then top up with wine.. Garnished with a minimalist garnish, placed on a dark wooden bar counter, moody lighting --v 5"
Karsk,"Flat lay, vintage speakeasy style. High-quality photo of a Karsk, served in a cocktail glass, featuring Fruité notes. Made with Coffee, Grain alcohol. Instructions: Put a copper coin in a coffe-cup and fill up with coffee until you no longer see the coin, then add alcohol until you see the coin. Norwegian speciality.. Garnished with a fresh fruit slice, placed on a dark wooden bar counter, moody lighting --v 5"
Zoksel,"Flat lay, vintage speakeasy style. High-quality photo of a Zoksel, served in a cocktail glass, featuring Crémeux notes. Made with Beer, Root beer, Lemonade, Coca-Cola, 7-Up, Creme de Cassis, Lemon. Instructions: No specific mixing instructions, just poor every ingredient in one glass. The lemon goes with it.. Garnished with a minimalist garnish, placed on a dark wooden bar counter, moody lighting --v 5"
Brooklyn,"Flat lay, vintage speakeasy style. High-quality photo of a Brooklyn, served in a cocktail glass, featuring Amer, sucré, sucré notes. Made with Rye Whiskey, Dry Vermouth, Maraschino Liqueur, Angostura Bitters, Maraschino Cherry. Instructions: Combine ingredients with ice and stir until well-chilled. Strain into a chilled cocktail glass.. Garnished with a minimalist garnish, placed on a dark wooden bar counter, moody lighting --v 5"
Ice Pick,"Flat lay, vintage speakeasy style. High-quality photo of a Ice Pick, served in a cocktail glass, featuring Fruité, sucré notes. Made with Vodka, Iced tea, Lemon juice. Instructions: Put Vodka in glass fill with iced tea. Stir in lemon to taste.. Garnished with a fresh fruit slice, placed on a dark wooden bar counter, moody lighting --v 5"
Pink Gin,"Flat lay, vintage speakeasy style. High-quality photo of a Pink Gin, served in a cocktail glass, featuring Fruité notes. Made with Bitters, Gin. Instructions: Pour the bitters into a wine glass. Swirl the glass to coat the inside with the bitters, shake out the excess. Pour the gin into the glass. Do not add ice.. Garnished with a fresh fruit slice, placed on a dark wooden bar counter, moody lighting --v 5"
Danbooka,"Flat lay, vintage speakeasy style. High-quality photo of a Danbooka, served in a cocktail glass, featuring Fruité notes. Made with Coffee, Everclear. Instructions: pour it in and mix it.. Garnished with a fresh fruit slice, placed on a dark wooden bar counter, moody lighting --v 5"
Kamikaze,"Flat lay, vintage speakeasy style. High-quality photo of a Kamikaze, served in a cocktail glass, featuring Acide, sucré notes. Made with Vodka, Triple sec, Lime juice. Instructions: Shake all ingredients together with ice. Strain into glass, garnish and serve.. Garnished with a minimalist garnish, placed on a dark wooden bar counter, moody lighting --v 5"
Pink Lady,"Flat lay, vintage speakeasy style. High-quality photo of a Pink Lady, served in a cocktail glass, featuring Fruité, sucré, sucré notes. Made with Gin, Grenadine, Light cream, Egg white. Instructions: Shake all ingredients with ice, strain into a cocktail glass, and serve.. Garnished with a fresh fruit slice, placed on a dark wooden bar counter, moody lighting --v 5"
747 Drink,"Flat lay, vintage speakeasy style. High-quality photo of a 747 Drink, served in a cocktail glass, featuring Acide, sucré notes. Made with Vodka, Roses sweetened lime juice, Cranberry Juice, Sprite. Instructions: Fill a Collins glass with ice.
Pour in vodka, lime cordial, and cranberry juice.
Fill up with Sprite.
Garnish with a Lime wheel or some cranberries. Garnished with a minimalist garnish, placed on a dark wooden bar counter, moody lighting --v 5"
Applejack,"Flat lay, vintage speakeasy style. High-quality photo of a Applejack, served in a cocktail glass, featuring Fruité, sucré, sucré notes. Made with Jack Daniels, Midori melon liqueur, Sour mix. Instructions: Add all ingredients into mixing glass, chill and strain into cocktail glass. Garnished with a fresh fruit slice, placed on a dark wooden bar counter, moody lighting --v 5"
Pink Moon,"Flat lay, vintage speakeasy style. High-quality photo of a Pink Moon, served in a cocktail glass, featuring Acide, sucré, sucré notes. Made with Gin, Coconut Liqueur, Elderflower cordial, Lime Juice, Blackberries. Instructions: Slowly shake in a shaker with ice, strain into a square whiskey glass. Top with fresh ice. Add the blackberries to garnish. Add flowers and a green leaf for a special look!. Garnished with a minimalist garnish, placed on a dark wooden bar counter, moody lighting --v 5"
Quick-sand,"Flat lay, vintage speakeasy style. High-quality photo of a Quick-sand, served in a cocktail glass, featuring Fruité, sucré notes. Made with Black Sambuca, Orange juice. Instructions: Simply add the orange juice, quite a quick pour in order to mix the sambucca with the orange juice. The juice MUST have fruit pulp!. Garnished with a fresh fruit slice, placed on a dark wooden bar counter, moody lighting --v 5"
Turkeyball,"Flat lay, vintage speakeasy style. High-quality photo of a Turkeyball, served in a cocktail glass, featuring Fruité, sucré notes. Made with Wild Turkey, Amaretto, Pineapple juice. Instructions: Shake with ice and strain into a shot glass.. Garnished with a fresh fruit slice, placed on a dark wooden bar counter, moody lighting --v 5"
Jackhammer,"Flat lay, vintage speakeasy style. High-quality photo of a Jackhammer, served in a cocktail glass, featuring Fruité notes. Made with Jack Daniels, Amaretto. Instructions: Serve over ice- Warning,Deadly!. Garnished with a fresh fruit slice, placed on a dark wooden bar counter, moody lighting --v 5"
Kiwi Lemon,"Flat lay, vintage speakeasy style. High-quality photo of a Kiwi Lemon, served in a cocktail glass, featuring Fruité, sucré, sucré notes. Made with Kiwi liqueur, Bitter lemon, Ice. Instructions: Mix in highball glass. Stirr. Garnish with slice of kiwi.. Garnished with a fresh fruit slice, placed on a dark wooden bar counter, moody lighting --v 5"
Blackthorn,"Flat lay, vintage speakeasy style. High-quality photo of a Blackthorn, served in a cocktail glass, featuring Amer, sucré notes. Made with Sweet Vermouth, Sloe gin, Lemon peel. Instructions: Stir sloe gin and vermouth with ice and strain into a cocktail glass. Add the twist of lemon peel and serve.. Garnished with a minimalist garnish, placed on a dark wooden bar counter, moody lighting --v 5"
Kir Royale,"Flat lay, vintage speakeasy style. High-quality photo of a Kir Royale, served in a cocktail glass, featuring Crémeux notes. Made with Creme de Cassis, Champagne. Instructions: Pour Creme de cassis in glass, gently pour champagne on top. Garnished with a minimalist garnish, placed on a dark wooden bar counter, moody lighting --v 5"
Kurant Tea,"Flat lay, vintage speakeasy style. High-quality photo of a Kurant Tea, served in a cocktail glass, featuring Fruité, sucré notes. Made with Absolut Kurant, Tea, Sugar. Instructions: Pour Absolut Kurant into a comfortably big tea-cup. Add the not too hot(!) apple tea and, if you like, some sugar. Enjoy!. Garnished with a fresh fruit slice, placed on a dark wooden bar counter, moody lighting --v 5"
Gin Rickey,"Flat lay, vintage speakeasy style. High-quality photo of a Gin Rickey, served in a cocktail glass, featuring Acide, sucré, sucré notes. Made with Gin, Grenadine, lemon, Soda Water, Lime. Instructions: Half-fill a tall glass with ice. Mix the gin and Grenadine together and pour over the ice. Add the lime or lemon juice and top off with soda water. Decorate the glass with lime and/or lemon slices.. Garnished with a minimalist garnish, placed on a dark wooden bar counter, moody lighting --v 5"
Long vodka,"Flat lay, vintage speakeasy style. High-quality photo of a Long vodka, served in a cocktail glass, featuring Acide notes. Made with Vodka, Lime, Angostura bitters, Tonic water, Ice. Instructions: Shake a tall glass with ice cubes and Angostura, coating the inside of the glass. Por the vodka onto this, add 1 slice of lime and squeeze juice out of remainder, mix with tonic, stir and voila you have a Long Vodka. Garnished with a minimalist garnish, placed on a dark wooden bar counter, moody lighting --v 5"
Whisky Mac,"Flat lay, vintage speakeasy style. High-quality photo of a Whisky Mac, served in a cocktail glass, featuring Fruité notes. Made with Scotch, Wine. Instructions: Pour both of the ingredients into a wine goblet with no ice.. Garnished with a fresh fruit slice, placed on a dark wooden bar counter, moody lighting --v 5"
Vodka Fizz,"Flat lay, vintage speakeasy style. High-quality photo of a Vodka Fizz, served in a cocktail glass, featuring Acide, épicé, épicé notes. Made with Vodka, Half-and-half, Limeade, Ice, Nutmeg. Instructions: Blend all ingredients, save nutmeg. Pour into large white wine glass and sprinkle nutmeg on top.. Garnished with a minimalist garnish, placed on a dark wooden bar counter, moody lighting --v 5"
Quick F**K,"Flat lay, vintage speakeasy style. High-quality photo of a Quick F**K, served in a cocktail glass, featuring Crémeux, sucré, sucré notes. Made with Kahlua, Midori melon liqueur, Baileys irish cream. Instructions: In a shot glass add 1/3 Kahlua first. Then 1/3 Miduri, topping it off with a 1/3 bailey's irish cream. Garnished with a minimalist garnish, placed on a dark wooden bar counter, moody lighting --v 5"
Fruit Shake,"Flat lay, vintage speakeasy style. High-quality photo of a Fruit Shake, served in a cocktail glass, featuring Fruité, sucré notes. Made with Yoghurt, Banana, Orange juice, Fruit, Ice. Instructions: Blend til smooth.. Garnished with a fresh fruit slice, placed on a dark wooden bar counter, moody lighting --v 5"
Melya,"Flat lay, vintage speakeasy style. High-quality photo of a Melya, served in a cocktail glass, featuring Fruité, sucré notes. Made with Espresso, Honey, Cocoa powder. Instructions: Brew espresso. In a coffee mug, place 1 teaspoon of unsweetened powdered cocoa, then cover a teaspoon with honey and drizzle it into the cup. Stir while the coffee brews, this is the fun part. The cocoa seems to coat the honey without mixing, so you get a dusty, sticky mass that looks as though it will never mix. Then all at once, presto! It looks like dark chocolate sauce. Pour hot espresso over the honey, stirring to dissolve. Serve with cream.. Garnished with a fresh fruit slice, placed on a dark wooden bar counter, moody lighting --v 5"
Gimlet,"Flat lay, vintage speakeasy style. High-quality photo of a Gimlet, served in a cocktail glass, featuring Acide, sucré notes. Made with Gin, Lime Juice, Sugar Syrup, Lime. Instructions: Add all the ingredients to a shaker and fill with ice.

Shake, and strain into a chilled cocktail glass or an Old Fashioned glass filled with fresh ice.

Garnish with a lime wheel.. Garnished with a minimalist garnish, placed on a dark wooden bar counter, moody lighting --v 5"
Zoksel,"Flat lay, vintage speakeasy style. High-quality photo of a Zoksel, served in a cocktail glass, featuring Crémeux notes. Made with Beer, Root beer, Lemonade, Coca-Cola, 7-Up, Creme de Cassis, Lemon. Instructions: No specific mixing instructions, just poor every ingredient in one glass. The lemon goes with it.. Garnished with a minimalist garnish, placed on a dark wooden bar counter, moody lighting --v 5"
Apello,"Flat lay, vintage speakeasy style. High-quality photo of a Apello, served in a cocktail glass, featuring Fruité, sucré notes. Made with Orange juice, Grapefruit juice, Apple juice, Maraschino cherry. Instructions: Stirr. Grnish with maraschino cherry.. Garnished with a fresh fruit slice, placed on a dark wooden bar counter, moody lighting --v 5"
Avalon,"Flat lay, vintage speakeasy style. High-quality photo of a Avalon, served in a cocktail glass, featuring Fruité, sucré notes. Made with Vodka, Pisang Ambon, Apple juice, Lemon juice, Lemonade. Instructions: Fill a tall glass with ice. Layer the Finlandia Vodka, lemon and apple juices, Pisang Ambon, and top up with lemonade. Stir slightly and garnish with a spiralled cucumber skin and a red cherry. The cucumber provides zest and looks attractive. This drink, created by Timo Haimi, took first prize in the 1991 Finlandia Vodka Long Drink Competition.. Garnished with a fresh fruit slice, placed on a dark wooden bar counter, moody lighting --v 5"
Radler,"Flat lay, vintage speakeasy style. High-quality photo of a Radler, served in a cocktail glass, featuring Fruité notes. Made with Beer, 7-Up. Instructions: Pour beer into large mug, slowly add the 7-up (or Sprite).. Garnished with a fresh fruit slice, placed on a dark wooden bar counter, moody lighting --v 5"
Diesel,"Flat lay, vintage speakeasy style. High-quality photo of a Diesel, served in a cocktail glass, featuring Fruité notes. Made with Lager, Cider, Blackcurrant cordial. Instructions: Pour the lager first then add the blackcurrant cordial. Top up with the cider. The colour sholud be very dark approaching the colour of Guiness.. Garnished with a fresh fruit slice, placed on a dark wooden bar counter, moody lighting --v 5"
Paloma,"Flat lay, vintage speakeasy style. High-quality photo of a Paloma, served in a cocktail glass, featuring Fruité notes. Made with Grape Soda, Tequila. Instructions: Stir together and serve over ice.. Garnished with a fresh fruit slice, placed on a dark wooden bar counter, moody lighting --v 5"
Limeade,"Flat lay, vintage speakeasy style. High-quality photo of a Limeade, served in a cocktail glass, featuring Acide, sucré notes. Made with Lime, Sugar, Soda water, Lime peel. Instructions: In a large glass, put the lime juice and sugar, and stir well. Add cold seltzer water to fill. Put the lime peels in the glass. Drink. Repeat until limes or soda run out.. Garnished with a minimalist garnish, placed on a dark wooden bar counter, moody lighting --v 5"
Bellini,"Flat lay, vintage speakeasy style. High-quality photo of a Bellini, served in a cocktail glass, featuring Fruité notes. Made with Champagne, Peach schnapps. Instructions: Pour peach purée into chilled flute, add sparkling wine. Stir gently.. Garnished with a fresh fruit slice, placed on a dark wooden bar counter, moody lighting --v 5"
Abilene,"Flat lay, vintage speakeasy style. High-quality photo of a Abilene, served in a cocktail glass, featuring Fruité, sucré notes. Made with Dark rum, Peach nectar, Orange juice. Instructions: Pour all of the ingredients into a highball glass almost filled with ice cubes. Stir well.. Garnished with a fresh fruit slice, placed on a dark wooden bar counter, moody lighting --v 5"
Bramble,"Flat lay, vintage speakeasy style. High-quality photo of a Bramble, served in a cocktail glass, featuring Crémeux, sucré notes. Made with Gin, lemon juice, Sugar syrup, Creme de Mure. Instructions: Fill glass with crushed ice. Build gin, lemon juice and simple syrup over. Stir, and then pour blackberry liqueur over in a circular fashion to create marbling effect. Garnish with two blackberries and lemon slice.. Garnished with a minimalist garnish, placed on a dark wooden bar counter, moody lighting --v 5"
Almeria,"Flat lay, vintage speakeasy style. High-quality photo of a Almeria, served in a cocktail glass, featuring Fruité notes. Made with Dark rum, Kahlua, Egg white. Instructions: In a shaker half-filled with ice cubes, combine all of the ingredients. Shake well. Strain into a cocktail glass.. Garnished with a fresh fruit slice, placed on a dark wooden bar counter, moody lighting --v 5"
Old Pal,"Flat lay, vintage speakeasy style. High-quality photo of a Old Pal, served in a cocktail glass, featuring Amer notes. Made with Rye whiskey, Campari, Dry Vermouth. Instructions: Chill cocktail glass. Add ingredients to a mixing glass, and fill 2/3 full with ice. Stir about 20 seconds. Empty cocktail glass and strain into the glass. Garnish with a twist of lemon peel.. Garnished with a minimalist garnish, placed on a dark wooden bar counter, moody lighting --v 5"
Thriller,"Flat lay, vintage speakeasy style. High-quality photo of a Thriller, served in a cocktail glass, featuring Fruité, sucré notes. Made with Scotch, Wine, Orange juice. Instructions: In a shaker half-filled with ice cubes, combine all of the ingredients. Shake well. Strain into a cocktail glass.. Garnished with a fresh fruit slice, placed on a dark wooden bar counter, moody lighting --v 5"
Brooklyn,"Flat lay, vintage speakeasy style. High-quality photo of a Brooklyn, served in a cocktail glass, featuring Amer, sucré, sucré notes. Made with Rye Whiskey, Dry Vermouth, Maraschino Liqueur, Angostura Bitters, Maraschino Cherry. Instructions: Combine ingredients with ice and stir until well-chilled. Strain into a chilled cocktail glass.. Garnished with a minimalist garnish, placed on a dark wooden bar counter, moody lighting --v 5"
Bluebird,"Flat lay, vintage speakeasy style. High-quality photo of a Bluebird, served in a cocktail glass, featuring Fruité notes. Made with Gin, Triple sec, Blue Curacao, Bitters, Maraschino cherry, Lemon peel. Instructions: In a mixing glass half-filled with crushed ice, combine the gin, triple sec, Curacao, and bitters. Stir well. Strain into a cocktail glass and garnish with the lemon twist and the cherry.. Garnished with a fresh fruit slice, placed on a dark wooden bar counter, moody lighting --v 5"
Snowball,"Flat lay, vintage speakeasy style. High-quality photo of a Snowball, served in a cocktail glass, featuring Fruité notes. Made with Advocaat, Lemonade, Lemon, Ice. Instructions: Place one ice cube in the glass and add 1 1/2 oz of Advocaat. Fill up the glass with lemonade and decorate with a slice of lemon. Serve at once.. Garnished with a fresh fruit slice, placed on a dark wooden bar counter, moody lighting --v 5"
Applecar,"Flat lay, vintage speakeasy style. High-quality photo of a Applecar, served in a cocktail glass, featuring Fruité, sucré notes. Made with Applejack, Triple sec, Lemon juice. Instructions: Shake all ingredients with ice, strain into a cocktail glass, and serve.. Garnished with a fresh fruit slice, placed on a dark wooden bar counter, moody lighting --v 5"
Godchild,"Flat lay, vintage speakeasy style. High-quality photo of a Godchild, served in a cocktail glass, featuring Fruité notes. Made with Vodka, Amaretto, Heavy cream. Instructions: Shake all ingredients well with cracked ice, strain into a champagne flute, and serve.. Garnished with a fresh fruit slice, placed on a dark wooden bar counter, moody lighting --v 5"
Balmoral,"Flat lay, vintage speakeasy style. High-quality photo of a Balmoral, served in a cocktail glass, featuring Amer, sucré notes. Made with Scotch, Sweet Vermouth, Dry Vermouth, Bitters. Instructions: In a mixing glass half-filled with ice cubes, combine all of the ingredients. Stir well. Strain into a cocktail glass.. Garnished with a minimalist garnish, placed on a dark wooden bar counter, moody lighting --v 5"
Acapulco,"Flat lay, vintage speakeasy style. High-quality photo of a Acapulco, served in a cocktail glass, featuring Acide, sucré notes. Made with Light rum, Triple sec, Lime juice, Sugar, Egg white, Mint. Instructions: Combine and shake all ingredients (except mint) with ice and strain into an old-fashioned glass over ice cubes. Add the sprig of mint and serve.. Garnished with a minimalist garnish, placed on a dark wooden bar counter, moody lighting --v 5"
501 Blue,"Flat lay, vintage speakeasy style. High-quality photo of a 501 Blue, served in a cocktail glass, featuring Fruité notes. Made with Blue Curacao, Blueberry schnapps, Vodka, Sour mix, 7-Up. Instructions: Mix equal amounts into a glass with ice.. Garnished with a fresh fruit slice, placed on a dark wooden bar counter, moody lighting --v 5"
Alexander,"Flat lay, vintage speakeasy style. High-quality photo of a Alexander, served in a cocktail glass, featuring Crémeux, épicé, épicé notes. Made with Gin, Creme de Cacao, Light cream, Nutmeg. Instructions: Shake all ingredients with ice and strain contents into a cocktail glass. Sprinkle nutmeg on top and serve.. Garnished with a minimalist garnish, placed on a dark wooden bar counter, moody lighting --v 5"
Algonquin,"Flat lay, vintage speakeasy style. High-quality photo of a Algonquin, served in a cocktail glass, featuring Amer, sucré notes. Made with Blended whiskey, Dry Vermouth, Pineapple juice. Instructions: Combine and shake all ingredients with ice, strain contents into a cocktail glass, and serve.. Garnished with a minimalist garnish, placed on a dark wooden bar counter, moody lighting --v 5"
Smut,"Flat lay, vintage speakeasy style. High-quality photo of a Smut, served in a cocktail glass, featuring Fruité, sucré notes. Made with Red wine, Peach schnapps, Pepsi Cola, Orange juice. Instructions: Throw it all together and serve real cold.. Garnished with a fresh fruit slice, placed on a dark wooden bar counter, moody lighting --v 5"
Adam,"Flat lay, vintage speakeasy style. High-quality photo of a Adam, served in a cocktail glass, featuring Fruité, sucré, sucré notes. Made with Dark rum, Lemon juice, Grenadine. Instructions: In a shaker half-filled with ice cubes, combine all of the ingredients. Shake well. Strain into a cocktail glass.. Garnished with a fresh fruit slice, placed on a dark wooden bar counter, moody lighting --v 5"
Melya,"Flat lay, vintage speakeasy style. High-quality photo of a Melya, served in a cocktail glass, featuring Fruité, sucré notes. Made with Espresso, Honey, Cocoa powder. Instructions: Brew espresso. In a coffee mug, place 1 teaspoon of unsweetened powdered cocoa, then cover a teaspoon with honey and drizzle it into the cup. Stir while the coffee brews, this is the fun part. The cocoa seems to coat the honey without mixing, so you get a dusty, sticky mass that looks as though it will never mix. Then all at once, presto! It looks like dark chocolate sauce. Pour hot espresso over the honey, stirring to dissolve. Serve with cream.. Garnished with a fresh fruit slice, placed on a dark wooden bar counter, moody lighting --v 5"
Mojito,"Flat lay, vintage speakeasy style. High-quality photo of a Mojito, served in a highball glass, featuring Acide, sucré notes. Made with Light rum, Lime, Sugar, Mint, Soda water. Instructions: Muddle mint leaves with sugar and lime juice. Add a splash of soda water and fill the glass with cracked ice. Pour the rum and top with soda water. Garnish and serve with straw.. Garnished with a minimalist garnish, placed on a dark wooden bar counter, moody lighting --v 5"
Mimosa,"Flat lay, vintage speakeasy style. High-quality photo of a Mimosa, served in a cocktail glass, featuring Fruité, sucré notes. Made with Champagne, Orange juice. Instructions: Ensure both ingredients are well chilled, then mix into the glass. Serve cold.. Garnished with a fresh fruit slice, placed on a dark wooden bar counter, moody lighting --v 5"
Paloma,"Flat lay, vintage speakeasy style. High-quality photo of a Paloma, served in a cocktail glass, featuring Fruité notes. Made with Grape Soda, Tequila. Instructions: Stir together and serve over ice.. Garnished with a fresh fruit slice, placed on a dark wooden bar counter, moody lighting --v 5"
Orgasm,"Flat lay, vintage speakeasy style. High-quality photo of a Orgasm, served in a cocktail glass, featuring Crémeux notes. Made with Creme de Cacao, Amaretto, Triple sec, Vodka, Light cream. Instructions: Shake all ingredients with ice, strain into a chilled cocktail glass, and serve.. Garnished with a minimalist garnish, placed on a dark wooden bar counter, moody lighting --v 5"
Zombie,"Flat lay, vintage speakeasy style. High-quality photo of a Zombie, served in a cocktail glass, featuring Acide, sucré, sucré notes. Made with Rum, Gold rum, 151 proof rum, Pernod, Grenadine, Lime Juice, Angostura Bitters. Instructions: Blend at high speed for no more than 5 seconds.

Pour into a glass, add ice cubes to fill, then add the garnish.

*Donn’s mix: Bring 3 crushed cinnamon sticks, 1 cup of sugar and 1 cup of water to a boil, stirring until the sugar is dissolved.

Simmer for 2 minutes, then remove from the heat and let sit for at least 2 hours before straining into a clean glass bottle.

Then add 1 part of the syrup and 2 parts of fresh grapefruit juice together.. Garnished with a minimalist garnish, placed on a dark wooden bar counter, moody lighting --v 5"
Gimlet,"Flat lay, vintage speakeasy style. High-quality photo of a Gimlet, served in a cocktail glass, featuring Acide, sucré notes. Made with Gin, Lime Juice, Sugar Syrup, Lime. Instructions: Add all the ingredients to a shaker and fill with ice.

Shake, and strain into a chilled cocktail glass or an Old Fashioned glass filled with fresh ice.

Garnish with a lime wheel.. Garnished with a minimalist garnish, placed on a dark wooden bar counter, moody lighting --v 5"
Limeade,"Flat lay, vintage speakeasy style. High-quality photo of a Limeade, served in a cocktail glass, featuring Acide, sucré notes. Made with Lime, Sugar, Soda water, Lime peel. Instructions: In a large glass, put the lime juice and sugar, and stir well. Add cold seltzer water to fill. Put the lime peels in the glass. Drink. Repeat until limes or soda run out.. Garnished with a minimalist garnish, placed on a dark wooden bar counter, moody lighting --v 5"
Bramble,"Flat lay, vintage speakeasy style. High-quality photo of a Bramble, served in a cocktail glass, featuring Crémeux, sucré notes. Made with Gin, lemon juice, Sugar syrup, Creme de Mure. Instructions: Fill glass with crushed ice. Build gin, lemon juice and simple syrup over. Stir, and then pour blackberry liqueur over in a circular fashion to create marbling effect. Garnish with two blackberries and lemon slice.. Garnished with a minimalist garnish, placed on a dark wooden bar counter, moody lighting --v 5"
Almeria,"Flat lay, vintage speakeasy style. High-quality photo of a Almeria, served in a cocktail glass, featuring Fruité notes. Made with Dark rum, Kahlua, Egg white. Instructions: In a shaker half-filled with ice cubes, combine all of the ingredients. Shake well. Strain into a cocktail glass.. Garnished with a fresh fruit slice, placed on a dark wooden bar counter, moody lighting --v 5"
Vampiro,"Flat lay, vintage speakeasy style. High-quality photo of a Vampiro, served in a cocktail glass, featuring Acide, sucré, salé notes. Made with Tequila, Tomato Juice, Orange Juice, Lime Juice, Sugar Syrup, Salt. Instructions: Vampiros may be made in a tall glass or an old fashioned glass. Bartenders may first ""rim"" the glass with Kosher Salt, which is done by placing a layer of Kosher Salt on a chopping board, moistening the glass' rim with lime juice or water, and then placing the upside down glass rim onto the Kosher Salt, so that the salt sticks to the moistened rim. The second step is to fill half the glass with ice and add one or two shooter glasses full of high quality Tequila. The next stage is to add the flavouring elements. This is done by squeezing a fresh lime into the glass, adding a few grains of salt, adding citrus-flavoured soda pop, until the glass is 4/5 full, and then adding spicy Viuda de Sanchez (or orange juice, lime juice and pico de gallo). The final step is to stir the ingredients so that the flavours are properly blended.. Garnished with a minimalist garnish, placed on a dark wooden bar counter, moody lighting --v 5"
Martini,"Flat lay, vintage speakeasy style. High-quality photo of a Martini, served in a martini glass, featuring Amer, salé, salé notes. Made with Gin, Dry Vermouth, Olive. Instructions: Straight: Pour all ingredients into mixing glass with ice cubes. Stir well. Strain in chilled martini cocktail glass. Squeeze oil from lemon peel onto the drink, or garnish with olive.. Garnished with a minimalist garnish, placed on a dark wooden bar counter, moody lighting --v 5"
Zambeer,"Flat lay, vintage speakeasy style. High-quality photo of a Zambeer, served in a cocktail glass, featuring Fruité notes. Made with Sambuca, Root beer, Ice. Instructions: Mix sambuca with rootbeer and stir. Add ice. Garnished with a fresh fruit slice, placed on a dark wooden bar counter, moody lighting --v 5"
Ipamena,"Flat lay, vintage speakeasy style. High-quality photo of a Ipamena, served in a cocktail glass, featuring Acide, épicé, sucré, épicé notes. Made with Lime, Brown sugar, Passion fruit juice, Ginger ale, Ice. Instructions: Cut half a lime into pieces, place in a shaker, add the sugar and crush. Measure the passion fruit juice, add it to the shaker and fill up with ice cubes. Close the shaker and shake vigorously. Pour the liquid into a glass, top up with ginger ale, stir with a teaspoon and then garnish the rim of the glass with a slice of lime. Garnished with a minimalist garnish, placed on a dark wooden bar counter, moody lighting --v 5"
Mai Tai,"Flat lay, vintage speakeasy style. High-quality photo of a Mai Tai, served in a tiki mug, featuring Fruité, sucré notes. Made with Light rum, Orgeat syrup, Triple sec, Sweet and sour, Cherry. Instructions: Shake all ingredients with ice. Strain into glass. Garnish and serve with straw.. Garnished with a fresh fruit slice, placed on a dark wooden bar counter, moody lighting --v 5"
Rum Sour,"Flat lay, vintage speakeasy style. High-quality photo of a Rum Sour, served in a cocktail glass, featuring Fruité, sucré notes. Made with Light rum, Lemon juice, Sugar, Orange, Maraschino cherry. Instructions: In a shaker half-filled with ice cubes, combine the rum, lemon juice, and sugar. Shake well. Strain into a sour glass and garnish with the orange slice and the cherry.. Garnished with a fresh fruit slice, placed on a dark wooden bar counter, moody lighting --v 5"
Balmoral,"Flat lay, vintage speakeasy style. High-quality photo of a Balmoral, served in a cocktail glass, featuring Amer, sucré notes. Made with Scotch, Sweet Vermouth, Dry Vermouth, Bitters. Instructions: In a mixing glass half-filled with ice cubes, combine all of the ingredients. Stir well. Strain into a cocktail glass.. Garnished with a minimalist garnish, placed on a dark wooden bar counter, moody lighting --v 5"
Kamikaze,"Flat lay, vintage speakeasy style. High-quality photo of a Kamikaze, served in a cocktail glass, featuring Acide, sucré notes. Made with Vodka, Triple sec, Lime juice. Instructions: Shake all ingredients together with ice. Strain into glass, garnish and serve.. Garnished with a minimalist garnish, placed on a dark wooden bar counter, moody lighting --v 5"
Manhattan,"Flat lay, vintage speakeasy style. High-quality photo of a Manhattan, served in a cocktail glass, featuring Amer, sucré notes. Made with Sweet Vermouth, Bourbon, Angostura bitters, Ice, Maraschino cherry, Orange peel. Instructions: Stirred over ice, strained into a chilled glass, garnished, and served up.. Garnished with a minimalist garnish, placed on a dark wooden bar counter, moody lighting --v 5"
Americano,"Flat lay, vintage speakeasy style. High-quality photo of a Americano, served in a cocktail glass, featuring Amer, sucré notes. Made with Campari, Sweet Vermouth, Lemon peel, Orange peel. Instructions: Pour the Campari and vermouth over ice into glass, add a splash of soda water and garnish with half orange slice.. Garnished with a minimalist garnish, placed on a dark wooden bar counter, moody lighting --v 5"
Rum Toddy,"Flat lay, vintage speakeasy style. High-quality photo of a Rum Toddy, served in a cocktail glass, featuring Fruité, sucré notes. Made with Rum, Powdered sugar, Lemon peel, Water. Instructions: Dissolve powdered sugar in water in an old-fashioned glass. Add rum and one ice cube and stir. Add the twist of lemon peel and serve.. Garnished with a fresh fruit slice, placed on a dark wooden bar counter, moody lighting --v 5"
Jam Donut,"Flat lay, vintage speakeasy style. High-quality photo of a Jam Donut, served in a cocktail glass, featuring Crémeux, sucré, sucré notes. Made with Baileys irish cream, Chambord raspberry liqueur, Sugar syrup, Sugar. Instructions: Coat the rim of a shot glass with sugar using sugar syrup to stick. Add the Chambord raspberry liqueur to the shot glass, and carefully layer the Baileys Irish Cream on top. Serve.. Garnished with a minimalist garnish, placed on a dark wooden bar counter, moody lighting --v 5"
Tia-Maria,"Flat lay, vintage speakeasy style. High-quality photo of a Tia-Maria, served in a cocktail glass, featuring Fruité, sucré notes. Made with Water, Brown sugar, Coffee, Rum, Vanilla extract. Instructions: Boil water, sugar and coffe for 10 mins and let cool. Add rum and vanilla. Put in clean bottle(s) and leave for 1 week before using.. Garnished with a fresh fruit slice, placed on a dark wooden bar counter, moody lighting --v 5"
Casino,"Flat lay, vintage speakeasy style. High-quality photo of a Casino, served in a cocktail glass, featuring Fruité, sucré, sucré notes. Made with Gin, Maraschino liqueur, Lemon juice, Orange bitters, Cherry. Instructions: Pour all ingredients into shaker with ice cubes. Shake well. Strain into chilled cocktail glass. Garnish with a lemon twist and a maraschino cherry. Serve without a straw.. Garnished with a fresh fruit slice, placed on a dark wooden bar counter, moody lighting --v 5"
Avalon,"Flat lay, vintage speakeasy style. High-quality photo of a Avalon, served in a cocktail glass, featuring Fruité, sucré notes. Made with Vodka, Pisang Ambon, Apple juice, Lemon juice, Lemonade. Instructions: Fill a tall glass with ice. Layer the Finlandia Vodka, lemon and apple juices, Pisang Ambon, and top up with lemonade. Stir slightly and garnish with a spiralled cucumber skin and a red cherry. The cucumber provides zest and looks attractive. This drink, created by Timo Haimi, took first prize in the 1991 Finlandia Vodka Long Drink Competition.. Garnished with a fresh fruit slice, placed on a dark wooden bar counter, moody lighting --v 5"
Zinger,"Flat lay, vintage speakeasy style. High-quality photo of a Zinger, served in a cocktail glass, featuring Fruité notes. Made with Peachtree schnapps, Surge. Instructions: Get a shot glass and pour in three shots of the schnapps. Do the same with the Surge Cola. Then down it like Scheetz would.. Garnished with a fresh fruit slice, placed on a dark wooden bar counter, moody lighting --v 5"
Negroni,"Flat lay, vintage speakeasy style. High-quality photo of a Negroni, served in a old-fashioned glass, featuring Amer, sucré notes. Made with Gin, Campari, Sweet Vermouth. Instructions: Stir into glass over ice, garnish and serve.. Garnished with a minimalist garnish, placed on a dark wooden bar counter, moody lighting --v 5"
Quentin,"Flat lay, vintage speakeasy style. High-quality photo of a Quentin, served in a cocktail glass, featuring Fruité, épicé, épicé notes. Made with Dark rum, Kahlua, Light cream, Nutmeg. Instructions: In a shaker half-filled with ice cubes, combine the rum, Kahlua, and cream. Shake well. Strain into a cocktail glass and garnish with the nutmeg.. Garnished with a fresh fruit slice, placed on a dark wooden bar counter, moody lighting --v 5"
Addison,"Flat lay, vintage speakeasy style. High-quality photo of a Addison, served in a cocktail glass, featuring Amer notes. Made with Gin, Vermouth. Instructions: Shake together all the ingredients and strain into a cold glass.. Garnished with a minimalist garnish, placed on a dark wooden bar counter, moody lighting --v 5"
Snowday,"Flat lay, vintage speakeasy style. High-quality photo of a Snowday, served in a cocktail glass, featuring Amer notes. Made with Vodka, Amaro Montenegro, Ruby Port, Blood Orange, Angostura Bitters, Orange Peel. Instructions: Stir all ingredients with ice. Strain into a chilled rocks glass over fresh ice. Express orange peel over drink and garnish.. Garnished with a minimalist garnish, placed on a dark wooden bar counter, moody lighting --v 5"
Martini,"Flat lay, vintage speakeasy style. High-quality photo of a Martini, served in a martini glass, featuring Amer, salé, salé notes. Made with Gin, Dry Vermouth, Olive. Instructions: Straight: Pour all ingredients into mixing glass with ice cubes. Stir well. Strain in chilled martini cocktail glass. Squeeze oil from lemon peel onto the drink, or garnish with olive.. Garnished with a minimalist garnish, placed on a dark wooden bar counter, moody lighting --v 5"
Bellini,"Flat lay, vintage speakeasy style. High-quality photo of a Bellini, served in a cocktail glass, featuring Fruité notes. Made with Champagne, Peach schnapps. Instructions: Pour peach purée into chilled flute, add sparkling wine. Stir gently.. Garnished with a fresh fruit slice, placed on a dark wooden bar counter, moody lighting --v 5"
Abilene,"Flat lay, vintage speakeasy style. High-quality photo of a Abilene, served in a cocktail glass, featuring Fruité, sucré notes. Made with Dark rum, Peach nectar, Orange juice. Instructions: Pour all of the ingredients into a highball glass almost filled with ice cubes. Stir well.. Garnished with a fresh fruit slice, placed on a dark wooden bar counter, moody lighting --v 5"
Ipamena,"Flat lay, vintage speakeasy style. High-quality photo of a Ipamena, served in a cocktail glass, featuring Acide, épicé, sucré, épicé notes. Made with Lime, Brown sugar, Passion fruit juice, Ginger ale, Ice. Instructions: Cut half a lime into pieces, place in a shaker, add the sugar and crush. Measure the passion fruit juice, add it to the shaker and fill up with ice cubes. Close the shaker and shake vigorously. Pour the liquid into a glass, top up with ginger ale, stir with a teaspoon and then garnish the rim of the glass with a slice of lime. Garnished with a minimalist garnish, placed on a dark wooden bar counter, moody lighting --v 5"
Veteran,"Flat lay, vintage speakeasy style. High-quality photo of a Veteran, served in a cocktail glass, featuring Fruité notes. Made with Dark rum, Cherry brandy. Instructions: Pour the rum and cherry brandy into an old-fashioned glass almost filled with ice cubes. Stir well.. Garnished with a fresh fruit slice, placed on a dark wooden bar counter, moody lighting --v 5"
Stinger,"Flat lay, vintage speakeasy style. High-quality photo of a Stinger, served in a cocktail glass, featuring Herbacé notes. Made with Brandy, White Creme de Menthe. Instructions: Pour in a mixing glass with ice, stir and strain into a cocktail glass. May also be served on rocks in a rocks glass.. Garnished with a minimalist garnish, placed on a dark wooden bar counter, moody lighting --v 5"
Sangria,"Flat lay, vintage speakeasy style. High-quality photo of a Sangria, served in a cocktail glass, featuring Fruité, épicé, sucré, épicé notes. Made with Red wine, Sugar, Orange juice, Lemon juice, Cloves, Cinnamon. Instructions: Mix all together in a pitcher and refrigerate. Add cloves and cinnamon sticks to taste. Serve in wine glasses.. Garnished with a fresh fruit slice, placed on a dark wooden bar counter, moody lighting --v 5"
Gin Fizz,"Flat lay, vintage speakeasy style. High-quality photo of a Gin Fizz, served in a cocktail glass, featuring Fruité, sucré notes. Made with Gin, Lemon, Powdered sugar, Carbonated water. Instructions: Shake all ingredients with ice cubes, except soda water. Pour into glass. Top with soda water.. Garnished with a fresh fruit slice, placed on a dark wooden bar counter, moody lighting --v 5"
Danbooka,"Flat lay, vintage speakeasy style. High-quality photo of a Danbooka, served in a cocktail glass, featuring Fruité notes. Made with Coffee, Everclear. Instructions: pour it in and mix it.. Garnished with a fresh fruit slice, placed on a dark wooden bar counter, moody lighting --v 5"
Aviation,"Flat lay, vintage speakeasy style. High-quality photo of a Aviation, served in a cocktail glass, featuring Fruité, sucré, sucré notes. Made with Gin, lemon juice, maraschino liqueur. Instructions: Add all ingredients into cocktail shaker filled with ice. Shake well and strain into cocktail glass. Garnish with a cherry.. Garnished with a fresh fruit slice, placed on a dark wooden bar counter, moody lighting --v 5"
Brooklyn,"Flat lay, vintage speakeasy style. High-quality photo of a Brooklyn, served in a cocktail glass, featuring Amer, sucré, sucré notes. Made with Rye Whiskey, Dry Vermouth, Maraschino Liqueur, Angostura Bitters, Maraschino Cherry. Instructions: Combine ingredients with ice and stir until well-chilled. Strain into a chilled cocktail glass.. Garnished with a minimalist garnish, placed on a dark wooden bar counter, moody lighting --v 5"
410 Gone,"Flat lay, vintage speakeasy style. High-quality photo of a 410 Gone, served in a cocktail glass, featuring Fruité notes. Made with Peach Vodka, Coca-Cola. Instructions: Mix together and enjoy!. Garnished with a fresh fruit slice, placed on a dark wooden bar counter, moody lighting --v 5"
Snowball,"Flat lay, vintage speakeasy style. High-quality photo of a Snowball, served in a cocktail glass, featuring Fruité notes. Made with Advocaat, Lemonade, Lemon, Ice. Instructions: Place one ice cube in the glass and add 1 1/2 oz of Advocaat. Fill up the glass with lemonade and decorate with a slice of lemon. Serve at once.. Garnished with a fresh fruit slice, placed on a dark wooden bar counter, moody lighting --v 5"
Pink Gin,"Flat lay, vintage speakeasy style. High-quality photo of a Pink Gin, served in a cocktail glass, featuring Fruité notes. Made with Bitters, Gin. Instructions: Pour the bitters into a wine glass. Swirl the glass to coat the inside with the bitters, shake out the excess. Pour the gin into the glass. Do not add ice.. Garnished with a fresh fruit slice, placed on a dark wooden bar counter, moody lighting --v 5"
Affinity,"Flat lay, vintage speakeasy style. High-quality photo of a Affinity, served in a cocktail glass, featuring Amer, sucré notes. Made with Scotch, Sweet Vermouth, Dry Vermouth, Orange bitters. Instructions: In a mixing glass half-filled with ice cubes, combine all of the ingredients. Stir well. Strain into a cocktail glass.. Garnished with a minimalist garnish, placed on a dark wooden bar counter, moody lighting --v 5"
Shot-gun,"Flat lay, vintage speakeasy style. High-quality photo of a Shot-gun, served in a cocktail glass, featuring Fruité notes. Made with Jim Beam, Jack Daniels, Wild Turkey. Instructions: Pour one part Jack Daneils and one part Jim Beam into shot glass then float Wild Turkey on top.. Garnished with a fresh fruit slice, placed on a dark wooden bar counter, moody lighting --v 5"
Gin Sour,"Flat lay, vintage speakeasy style. High-quality photo of a Gin Sour, served in a sour glass, featuring Fruité, sucré notes. Made with Gin, Lemon juice, Sugar, Orange, Maraschino cherry. Instructions: In a shaker half-filled with ice cubes, combine the gin, lemon juice, and sugar. Shake well. Strain into a sour glass and garnish with the orange slice and the cherry.. Garnished with a fresh fruit slice, placed on a dark wooden bar counter, moody lighting --v 5"
Manhattan,"Flat lay, vintage speakeasy style. High-quality photo of a Manhattan, served in a cocktail glass, featuring Amer, sucré notes. Made with Sweet Vermouth, Bourbon, Angostura bitters, Ice, Maraschino cherry, Orange peel. Instructions: Stirred over ice, strained into a chilled glass, garnished, and served up.. Garnished with a minimalist garnish, placed on a dark wooden bar counter, moody lighting --v 5"
Rose,"Flat lay, vintage speakeasy style. High-quality photo of a Rose, served in a cocktail glass, featuring Amer, sucré, sucré notes. Made with Dry Vermouth, Gin, Apricot brandy, Lemon juice, Grenadine, Powdered sugar. Instructions: Shake together in a cocktail shaker, then strain into chilled glass. Garnish and serve.. Garnished with a minimalist garnish, placed on a dark wooden bar counter, moody lighting --v 5"
Zorro,"Flat lay, vintage speakeasy style. High-quality photo of a Zorro, served in a cocktail glass, featuring Herbacé notes. Made with Sambuca, Baileys irish cream, White Creme de Menthe. Instructions: add all and pour black coffee and add whipped cream on top.. Garnished with a minimalist garnish, placed on a dark wooden bar counter, moody lighting --v 5"
Bijou,"Flat lay, vintage speakeasy style. High-quality photo of a Bijou, served in a cocktail glass, featuring Amer, sucré notes. Made with Orange Bitters, Green Chartreuse, Gin, Sweet Vermouth. Instructions: Stir in mixing glass with ice and strain
. Garnished with a minimalist garnish, placed on a dark wooden bar counter, moody lighting --v 5"
Mojito,"Flat lay, vintage speakeasy style. High-quality photo of a Mojito, served in a highball glass, featuring Acide, sucré notes. Made with Light rum, Lime, Sugar, Mint, Soda water. Instructions: Muddle mint leaves with sugar and lime juice. Add a splash of soda water and fill the glass with cracked ice. Pour the rum and top with soda water. Garnish and serve with straw.. Garnished with a minimalist garnish, placed on a dark wooden bar counter, moody lighting --v 5"
Paloma,"Flat lay, vintage speakeasy style. High-quality photo of a Paloma, served in a cocktail glass, featuring Fruité notes. Made with Grape Soda, Tequila. Instructions: Stir together and serve over ice.. Garnished with a fresh fruit slice, placed on a dark wooden bar counter, moody lighting --v 5"
Avalon,"Flat lay, vintage speakeasy style. High-quality photo of a Avalon, served in a cocktail glass, featuring Fruité, sucré notes. Made with Vodka, Pisang Ambon, Apple juice, Lemon juice, Lemonade. Instructions: Fill a tall glass with ice. Layer the Finlandia Vodka, lemon and apple juices, Pisang Ambon, and top up with lemonade. Stir slightly and garnish with a spiralled cucumber skin and a red cherry. The cucumber provides zest and looks attractive. This drink, created by Timo Haimi, took first prize in the 1991 Finlandia Vodka Long Drink Competition.. Garnished with a fresh fruit slice, placed on a dark wooden bar counter, moody lighting --v 5"
Boxcar,"Flat lay, vintage speakeasy style. High-quality photo of a Boxcar, served in a cocktail glass, featuring Fruité, sucré, sucré notes. Made with Gin, Triple sec, Lemon juice, Grenadine, Egg white. Instructions: In a shaker half-filled with ice cubes, combine all of the ingredients. Shake well. Strain into a sour glass.. Garnished with a fresh fruit slice, placed on a dark wooden bar counter, moody lighting --v 5"
Casino,"Flat lay, vintage speakeasy style. High-quality photo of a Casino, served in a cocktail glass, featuring Fruité, sucré, sucré notes. Made with Gin, Maraschino liqueur, Lemon juice, Orange bitters, Cherry. Instructions: Pour all ingredients into shaker with ice cubes. Shake well. Strain into chilled cocktail glass. Garnish with a lemon twist and a maraschino cherry. Serve without a straw.. Garnished with a fresh fruit slice, placed on a dark wooden bar counter, moody lighting --v 5"
Zombie,"Flat lay, vintage speakeasy style. High-quality photo of a Zombie, served in a cocktail glass, featuring Acide, sucré, sucré notes. Made with Rum, Gold rum, 151 proof rum, Pernod, Grenadine, Lime Juice, Angostura Bitters. Instructions: Blend at high speed for no more than 5 seconds.

Pour into a glass, add ice cubes to fill, then add the garnish.

*Donn’s mix: Bring 3 crushed cinnamon sticks, 1 cup of sugar and 1 cup of water to a boil, stirring until the sugar is dissolved.

Simmer for 2 minutes, then remove from the heat and let sit for at least 2 hours before straining into a clean glass bottle.

Then add 1 part of the syrup and 2 parts of fresh grapefruit juice together.. Garnished with a minimalist garnish, placed on a dark wooden bar counter, moody lighting --v 5"
Apello,"Flat lay, vintage speakeasy style. High-quality photo of a Apello, served in a cocktail glass, featuring Fruité, sucré notes. Made with Orange juice, Grapefruit juice, Apple juice, Maraschino cherry. Instructions: Stirr. Grnish with maraschino cherry.. Garnished with a fresh fruit slice, placed on a dark wooden bar counter, moody lighting --v 5"
Zoksel,"Flat lay, vintage speakeasy style. High-quality photo of a Zoksel, served in a cocktail glass, featuring Crémeux notes. Made with Beer, Root beer, Lemonade, Coca-Cola, 7-Up, Creme de Cassis, Lemon. Instructions: No specific mixing instructions, just poor every ingredient in one glass. The lemon goes with it.. Garnished with a minimalist garnish, placed on a dark wooden bar counter, moody lighting --v 5"
Victor,"Flat lay, vintage speakeasy style. High-quality photo of a Victor, served in a cocktail glass, featuring Amer, sucré notes. Made with Gin, Sweet Vermouth, Brandy. Instructions: Shake all ingredients with ice, strain into a cocktail glass, and serve.. Garnished with a minimalist garnish, placed on a dark wooden bar counter, moody lighting --v 5"
Orgasm,"Flat lay, vintage speakeasy style. High-quality photo of a Orgasm, served in a cocktail glass, featuring Crémeux notes. Made with Creme de Cacao, Amaretto, Triple sec, Vodka, Light cream. Instructions: Shake all ingredients with ice, strain into a chilled cocktail glass, and serve.. Garnished with a minimalist garnish, placed on a dark wooden bar counter, moody lighting --v 5"
Frosé,"Flat lay, vintage speakeasy style. High-quality photo of a Frosé, served in a cocktail glass, featuring Floral, sucré notes. Made with Rose, Sugar, Strawberries, Lemon Juice. Instructions: Step 1
Pour rosé into a 13x9"" pan and freeze until almost solid (it won't completely solidify due to the alcohol), at least 6 hours.

Step 2
Meanwhile, bring sugar and ½ cup water to a boil in a medium saucepan; cook, stirring constantly, until sugar dissolves, about 3 minutes. Add strawberries, remove from heat, and let sit 30 minutes to infuse syrup with strawberry flavor. Strain through a fine-mesh sieve into a small bowl (do not press on solids); cover and chill until cold, about 30 minutes.

Step 3
Scrape rosé into a blender. Add lemon juice, 3½ ounces strawberry syrup, and 1 cup crushed ice and purée until smooth. Transfer blender jar to freezer and freeze until frosé is thickened (aim for milkshake consistency), 25–35 minutes.

Step 4
Blend again until frosé is slushy. Divide among glasses.

Step 5
Do Ahead: Rosé can be frozen 1 week ahead.. Garnished with a minimalist garnish, placed on a dark wooden bar counter, moody lighting --v 5"
Mimosa,"Flat lay, vintage speakeasy style. High-quality photo of a Mimosa, served in a cocktail glass, featuring Fruité, sucré notes. Made with Champagne, Orange juice. Instructions: Ensure both ingredients are well chilled, then mix into the glass. Serve cold.. Garnished with a fresh fruit slice, placed on a dark wooden bar counter, moody lighting --v 5"
Vampiro,"Flat lay, vintage speakeasy style. High-quality photo of a Vampiro, served in a cocktail glass, featuring Acide, sucré, salé notes. Made with Tequila, Tomato Juice, Orange Juice, Lime Juice, Sugar Syrup, Salt. Instructions: Vampiros may be made in a tall glass or an old fashioned glass. Bartenders may first ""rim"" the glass with Kosher Salt, which is done by placing a layer of Kosher Salt on a chopping board, moistening the glass' rim with lime juice or water, and then placing the upside down glass rim onto the Kosher Salt, so that the salt sticks to the moistened rim. The second step is to fill half the glass with ice and add one or two shooter glasses full of high quality Tequila. The next stage is to add the flavouring elements. This is done by squeezing a fresh lime into the glass, adding a few grains of salt, adding citrus-flavoured soda pop, until the glass is 4/5 full, and then adding spicy Viuda de Sanchez (or orange juice, lime juice and pico de gallo). The final step is to stir the ingredients so that the flavours are properly blended.. Garnished with a minimalist garnish, placed on a dark wooden bar counter, moody lighting --v 5"
Negroni,"Flat lay, vintage speakeasy style. High-quality photo of a Negroni, served in a old-fashioned glass, featuring Amer, sucré notes. Made with Gin, Campari, Sweet Vermouth. Instructions: Stir into glass over ice, garnish and serve.. Garnished with a minimalist garnish, placed on a dark wooden bar counter, moody lighting --v 5"
Vesuvio,"Flat lay, vintage speakeasy style. High-quality photo of a Vesuvio, served in a cocktail glass, featuring Amer, sucré notes. Made with Light rum, Sweet Vermouth, Lemon, Powdered sugar, Egg white. Instructions: Shake all ingredients with ice, strain into an old-fashioned glass over ice cubes, and serve.. Garnished with a minimalist garnish, placed on a dark wooden bar counter, moody lighting --v 5"
Old Pal,"Flat lay, vintage speakeasy style. High-quality photo of a Old Pal, served in a cocktail glass, featuring Amer notes. Made with Rye whiskey, Campari, Dry Vermouth. Instructions: Chill cocktail glass. Add ingredients to a mixing glass, and fill 2/3 full with ice. Stir about 20 seconds. Empty cocktail glass and strain into the glass. Garnish with a twist of lemon peel.. Garnished with a minimalist garnish, placed on a dark wooden bar counter, moody lighting --v 5"
Scooter,"Flat lay, vintage speakeasy style. High-quality photo of a Scooter, served in a cocktail glass, featuring Fruité notes. Made with Brandy, Amaretto, Light cream. Instructions: Shake all ingredients well with cracked ice, strain into a cocktail glass, and serve.. Garnished with a fresh fruit slice, placed on a dark wooden bar counter, moody lighting --v 5"
Addison,"Flat lay, vintage speakeasy style. High-quality photo of a Addison, served in a cocktail glass, featuring Amer notes. Made with Gin, Vermouth. Instructions: Shake together all the ingredients and strain into a cold glass.. Garnished with a minimalist garnish, placed on a dark wooden bar counter, moody lighting --v 5"
Snowday,"Flat lay, vintage speakeasy style. High-quality photo of a Snowday, served in a cocktail glass, featuring Amer notes. Made with Vodka, Amaro Montenegro, Ruby Port, Blood Orange, Angostura Bitters, Orange Peel. Instructions: Stir all ingredients with ice. Strain into a chilled rocks glass over fresh ice. Express orange peel over drink and garnish.. Garnished with a minimalist garnish, placed on a dark wooden bar counter, moody lighting --v 5"
Danbooka,"Flat lay, vintage speakeasy style. High-quality photo of a Danbooka, served in a cocktail glass, featuring Fruité notes. Made with Coffee, Everclear. Instructions: pour it in and mix it.. Garnished with a fresh fruit slice, placed on a dark wooden bar counter, moody lighting --v 5"
Aviation,"Flat lay, vintage speakeasy style. High-quality photo of a Aviation, served in a cocktail glass, featuring Fruité, sucré, sucré notes. Made with Gin, lemon juice, maraschino liqueur. Instructions: Add all ingredients into cocktail shaker filled with ice. Shake well and strain into cocktail glass. Garnish with a cherry.. Garnished with a fresh fruit slice, placed on a dark wooden bar counter, moody lighting --v 5"
410 Gone,"Flat lay, vintage speakeasy style. High-quality photo of a 410 Gone, served in a cocktail glass, featuring Fruité notes. Made with Peach Vodka, Coca-Cola. Instructions: Mix together and enjoy!. Garnished with a fresh fruit slice, placed on a dark wooden bar counter, moody lighting --v 5"
Spritz,"Flat lay, vintage speakeasy style. High-quality photo of a Spritz, served in a cocktail glass, featuring Amer notes. Made with Prosecco, Campari, Soda Water. Instructions: Build into glass over ice, garnish and serve.. Garnished with a minimalist garnish, placed on a dark wooden bar counter, moody lighting --v 5"
Apello,"Flat lay, vintage speakeasy style. High-quality photo of a Apello, served in a cocktail glass, featuring Fruité, sucré notes. Made with Orange juice, Grapefruit juice, Apple juice, Maraschino cherry. Instructions: Stirr. Grnish with maraschino cherry.. Garnished with a fresh fruit slice, placed on a dark wooden bar counter, moody lighting --v 5"
Vesper,"Flat lay, vintage speakeasy style. High-quality photo of a Vesper, served in a cocktail glass, featuring Fruité notes. Made with Gin, Vodka, Lillet Blanc. Instructions: Shake over ice until well chilled, then strain into a deep goblet and garnish with a thin slice of lemon peel.. Garnished with a fresh fruit slice, placed on a dark wooden bar counter, moody lighting --v 5"
Paloma,"Flat lay, vintage speakeasy style. High-quality photo of a Paloma, served in a cocktail glass, featuring Fruité notes. Made with Grape Soda, Tequila. Instructions: Stir together and serve over ice.. Garnished with a fresh fruit slice, placed on a dark wooden bar counter, moody lighting --v 5"
Vampiro,"Flat lay, vintage speakeasy style. High-quality photo of a Vampiro, served in a cocktail glass, featuring Acide, sucré, salé notes. Made with Tequila, Tomato Juice, Orange Juice, Lime Juice, Sugar Syrup, Salt. Instructions: Vampiros may be made in a tall glass or an old fashioned glass. Bartenders may first ""rim"" the glass with Kosher Salt, which is done by placing a layer of Kosher Salt on a chopping board, moistening the glass' rim with lime juice or water, and then placing the upside down glass rim onto the Kosher Salt, so that the salt sticks to the moistened rim. The second step is to fill half the glass with ice and add one or two shooter glasses full of high quality Tequila. The next stage is to add the flavouring elements. This is done by squeezing a fresh lime into the glass, adding a few grains of salt, adding citrus-flavoured soda pop, until the glass is 4/5 full, and then adding spicy Viuda de Sanchez (or orange juice, lime juice and pico de gallo). The final step is to stir the ingredients so that the flavours are properly blended.. Garnished with a minimalist garnish, placed on a dark wooden bar counter, moody lighting --v 5"
Frappé,"Flat lay, vintage speakeasy style. High-quality photo of a Frappé, served in a cocktail glass, featuring Fruité, sucré notes. Made with Coffee, Milk, Sugar. Instructions: Mix together. Blend at highest blender speed for about 1 minute. Pour into a glass and drink with a straw. Notes: This works best if everything is cold (if you make fresh coffee, mix it with the milk and let it sit in the fridge for 1/2 hour. If it is not frothy, add more milk, or even just some more milk powder. The froth gradually turns to liquid at the bottom of the glass, so you will find that you can sit and drink this for about 1/2 hour, with more iced coffee continually appearing at the bottom. Very refreshing.. Garnished with a fresh fruit slice, placed on a dark wooden bar counter, moody lighting --v 5"
Old Pal,"Flat lay, vintage speakeasy style. High-quality photo of a Old Pal, served in a cocktail glass, featuring Amer notes. Made with Rye whiskey, Campari, Dry Vermouth. Instructions: Chill cocktail glass. Add ingredients to a mixing glass, and fill 2/3 full with ice. Stir about 20 seconds. Empty cocktail glass and strain into the glass. Garnish with a twist of lemon peel.. Garnished with a minimalist garnish, placed on a dark wooden bar counter, moody lighting --v 5"
Ipamena,"Flat lay, vintage speakeasy style. High-quality photo of a Ipamena, served in a cocktail glass, featuring Acide, épicé, sucré, épicé notes. Made with Lime, Brown sugar, Passion fruit juice, Ginger ale, Ice. Instructions: Cut half a lime into pieces, place in a shaker, add the sugar and crush. Measure the passion fruit juice, add it to the shaker and fill up with ice cubes. Close the shaker and shake vigorously. Pour the liquid into a glass, top up with ginger ale, stir with a teaspoon and then garnish the rim of the glass with a slice of lime. Garnished with a minimalist garnish, placed on a dark wooden bar counter, moody lighting --v 5"
Ice Pick,"Flat lay, vintage speakeasy style. High-quality photo of a Ice Pick, served in a cocktail glass, featuring Fruité, sucré notes. Made with Vodka, Iced tea, Lemon juice. Instructions: Put Vodka in glass fill with iced tea. Stir in lemon to taste.. Garnished with a fresh fruit slice, placed on a dark wooden bar counter, moody lighting --v 5"
Applecar,"Flat lay, vintage speakeasy style. High-quality photo of a Applecar, served in a cocktail glass, featuring Fruité, sucré notes. Made with Applejack, Triple sec, Lemon juice. Instructions: Shake all ingredients with ice, strain into a cocktail glass, and serve.. Garnished with a fresh fruit slice, placed on a dark wooden bar counter, moody lighting --v 5"
Paradise,"Flat lay, vintage speakeasy style. High-quality photo of a Paradise, served in a cocktail glass, featuring Fruité, sucré notes. Made with Gin, Apricot Brandy, Orange Juice. Instructions: Shake together over ice. Strain into cocktail glass and serve chilled.. Garnished with a fresh fruit slice, placed on a dark wooden bar counter, moody lighting --v 5"
Acapulco,"Flat lay, vintage speakeasy style. High-quality photo of a Acapulco, served in a cocktail glass, featuring Acide, sucré notes. Made with Light rum, Triple sec, Lime juice, Sugar, Egg white, Mint. Instructions: Combine and shake all ingredients (except mint) with ice and strain into an old-fashioned glass over ice cubes. Add the sprig of mint and serve.. Garnished with a minimalist garnish, placed on a dark wooden bar counter, moody lighting --v 5"
Pink Gin,"Flat lay, vintage speakeasy style. High-quality photo of a Pink Gin, served in a cocktail glass, featuring Fruité notes. Made with Bitters, Gin. Instructions: Pour the bitters into a wine glass. Swirl the glass to coat the inside with the bitters, shake out the excess. Pour the gin into the glass. Do not add ice.. Garnished with a fresh fruit slice, placed on a dark wooden bar counter, moody lighting --v 5"
Spice 75,"Flat lay, vintage speakeasy style. High-quality photo of a Spice 75, served in a cocktail glass, featuring Acide, sucré notes. Made with Sugar, Allspice, Rum, Lime Juice, Champagne, Orange spiral. Instructions: Gently warm 60g golden caster sugar in a pan with 30ml water and 1 tbsp allspice. Cook gently until the sugar has dissolved, then leave the mixture to cool. Strain through a sieve lined with a coffee filter (or a double layer of kitchen paper).

Pour 60ml of the spiced syrup into a cocktail shaker along with 200ml rum and 90ml lime juice. Shake with ice and strain between six flute glasses. Top up with 600ml champagne and garnish each with an orange twist.. Garnished with a minimalist garnish, placed on a dark wooden bar counter, moody lighting --v 5"
Pegu Club,"Flat lay, vintage speakeasy style. High-quality photo of a Pegu Club, served in a cocktail glass, featuring Acide, sucré notes. Made with Gin, Orange Curacao, Lime Juice, Angostura Bitters, Orange Bitters. Instructions: Shake, strain, up, cocktail glass. Garnished with a minimalist garnish, placed on a dark wooden bar counter, moody lighting --v 5"
Pink Moon,"Flat lay, vintage speakeasy style. High-quality photo of a Pink Moon, served in a cocktail glass, featuring Acide, sucré, sucré notes. Made with Gin, Coconut Liqueur, Elderflower cordial, Lime Juice, Blackberries. Instructions: Slowly shake in a shaker with ice, strain into a square whiskey glass. Top with fresh ice. Add the blackberries to garnish. Add flowers and a green leaf for a special look!. Garnished with a minimalist garnish, placed on a dark wooden bar counter, moody lighting --v 5"
Pink Lady,"Flat lay, vintage speakeasy style. High-quality photo of a Pink Lady, served in a cocktail glass, featuring Fruité, sucré, sucré notes. Made with Gin, Grenadine, Light cream, Egg white. Instructions: Shake all ingredients with ice, strain into a cocktail glass, and serve.. Garnished with a fresh fruit slice, placed on a dark wooden bar counter, moody lighting --v 5"
Applejack,"Flat lay, vintage speakeasy style. High-quality photo of a Applejack, served in a cocktail glass, featuring Fruité, sucré, sucré notes. Made with Jack Daniels, Midori melon liqueur, Sour mix. Instructions: Add all ingredients into mixing glass, chill and strain into cocktail glass. Garnished with a fresh fruit slice, placed on a dark wooden bar counter, moody lighting --v 5"
Tipperary,"Flat lay, vintage speakeasy style. High-quality photo of a Tipperary, served in a cocktail glass, featuring Amer, sucré notes. Made with Irish Whiskey, Sweet Vermouth, Green Chartreuse. Instructions: Stir over ice. Strain into chilled glass. Cut a wide swath of orange peel, and express the orange oils over the drink. Discard orange twist.. Garnished with a minimalist garnish, placed on a dark wooden bar counter, moody lighting --v 5"
Rum Punch,"Flat lay, vintage speakeasy style. High-quality photo of a Rum Punch, served in a cocktail glass, featuring Fruité, épicé, sucré, épicé notes. Made with Rum, Ginger ale, Fruit punch, Orange juice, Ice. Instructions: Mix all ingredients in a punch bowl and serve.. Garnished with a fresh fruit slice, placed on a dark wooden bar counter, moody lighting --v 5"
Archbishop,"Flat lay, vintage speakeasy style. High-quality photo of a Archbishop, served in a cocktail glass, featuring Acide notes. Made with Gin, Wine, Benedictine, Lime. Instructions: In an old-fashioned glass almost filled with ice cubes, combine all of the ingredients. Stir well.. Garnished with a minimalist garnish, placed on a dark wooden bar counter, moody lighting --v 5"
Zipperhead,"Flat lay, vintage speakeasy style. High-quality photo of a Zipperhead, served in a cocktail glass, featuring Fruité, sucré, sucré notes. Made with Chambord raspberry liqueur, Vodka, Soda water. Instructions: Fill glass with rocks, add straw before putting in liquor. Then add the ingredients in order, trying to keep layered as much as possible (i.e. Chambord on bottom, then Vodka, Then soda on top).. Garnished with a fresh fruit slice, placed on a dark wooden bar counter, moody lighting --v 5"
Wine Punch,"Flat lay, vintage speakeasy style. High-quality photo of a Wine Punch, served in a cocktail glass, featuring Fruité, sucré notes. Made with Red wine, Lemon, Orange juice, Orange, Pineapple juice. Instructions: Combine all of the ingredients and pour over a block of ice.. Garnished with a fresh fruit slice, placed on a dark wooden bar counter, moody lighting --v 5"
Lemon Drop,"Flat lay, vintage speakeasy style. High-quality photo of a Lemon Drop, served in a cocktail glass, featuring Fruité notes. Made with Vodka, Cointreau, Lemon. Instructions: Shake and strain into a chilled cocktail glass rimmed with sugar.. Garnished with a fresh fruit slice, placed on a dark wooden bar counter, moody lighting --v 5"
Porto flip,"Flat lay, vintage speakeasy style. High-quality photo of a Porto flip, served in a cocktail glass, featuring Fruité notes. Made with Brandy, Port, Egg Yolk. Instructions: Shake ingredients together in a mixer with ice. Strain into glass, garnish and serve.. Garnished with a fresh fruit slice, placed on a dark wooden bar counter, moody lighting --v 5"
Quentin,"Flat lay, vintage speakeasy style. High-quality photo of a Quentin, served in a cocktail glass, featuring Fruité, épicé, épicé notes. Made with Dark rum, Kahlua, Light cream, Nutmeg. Instructions: In a shaker half-filled with ice cubes, combine the rum, Kahlua, and cream. Shake well. Strain into a cocktail glass and garnish with the nutmeg.. Garnished with a fresh fruit slice, placed on a dark wooden bar counter, moody lighting --v 5"
Daiquiri,"Flat lay, vintage speakeasy style. High-quality photo of a Daiquiri, served in a coupette glass, featuring Acide, sucré notes. Made with Light rum, Lime, Powdered sugar. Instructions: Pour all ingredients into shaker with ice cubes. Shake well. Strain in chilled cocktail glass.. Garnished with a minimalist garnish, placed on a dark wooden bar counter, moody lighting --v 5"
Algonquin,"Flat lay, vintage speakeasy style. High-quality photo of a Algonquin, served in a cocktail glass, featuring Amer, sucré notes. Made with Blended whiskey, Dry Vermouth, Pineapple juice. Instructions: Combine and shake all ingredients with ice, strain contents into a cocktail glass, and serve.. Garnished with a minimalist garnish, placed on a dark wooden bar counter, moody lighting --v 5"
Mauresque,"Flat lay, vintage speakeasy style. High-quality photo of a Mauresque, served in a cocktail glass, featuring Fruité, sucré notes. Made with Ricard, Orgeat Syrup, Water. Instructions: 1 - Pour the Ricard (or pastis)
2 - Pour the orgeat syrup
3 - Finally pour the water and add ice cubes at your convenience.

Add the ice cubes at the end, otherwise the syrup and pastis do not mix well.. Garnished with a fresh fruit slice, placed on a dark wooden bar counter, moody lighting --v 5"
Queen Bee,"Flat lay, vintage speakeasy style. High-quality photo of a Queen Bee, served in a cocktail glass, featuring Acide notes. Made with Coffee brandy, Lime vodka, Sherry. Instructions: Shake all ingredients with ice, strain into a cocktail glass, and serve.. Garnished with a minimalist garnish, placed on a dark wooden bar counter, moody lighting --v 5"
Quick-sand,"Flat lay, vintage speakeasy style. High-quality photo of a Quick-sand, served in a cocktail glass, featuring Fruité, sucré notes. Made with Black Sambuca, Orange juice. Instructions: Simply add the orange juice, quite a quick pour in order to mix the sambucca with the orange juice. The juice MUST have fruit pulp!. Garnished with a fresh fruit slice, placed on a dark wooden bar counter, moody lighting --v 5"
Gin Squirt,"Flat lay, vintage speakeasy style. High-quality photo of a Gin Squirt, served in a cocktail glass, featuring Fruité, sucré, sucré notes. Made with Gin, Grenadine, Powdered sugar, Pineapple, Strawberries, Carbonated water. Instructions: Stir gin, grenadine, and powdered sugar with ice and strain into a highball glass over ice cubes. Fill with carbonated water and stir. Decorate with the pineapple chunks and the strawberries and serve.. Garnished with a fresh fruit slice, placed on a dark wooden bar counter, moody lighting --v 5"
Aquamarine,"Flat lay, vintage speakeasy style. High-quality photo of a Aquamarine, served in a cocktail glass, featuring Fruité, sucré, sucré notes. Made with Hpnotiq, Pineapple Juice, Banana Liqueur. Instructions: Shake well in a shaker with ice.
Strain in a martini glass.. Garnished with a fresh fruit slice, placed on a dark wooden bar counter, moody lighting --v 5"
Quick F**K,"Flat lay, vintage speakeasy style. High-quality photo of a Quick F**K, served in a cocktail glass, featuring Crémeux, sucré, sucré notes. Made with Kahlua, Midori melon liqueur, Baileys irish cream. Instructions: In a shot glass add 1/3 Kahlua first. Then 1/3 Miduri, topping it off with a 1/3 bailey's irish cream. Garnished with a minimalist garnish, placed on a dark wooden bar counter, moody lighting --v 5"
Tequila Fizz,"Flat lay, vintage speakeasy style. High-quality photo of a Tequila Fizz, served in a cocktail glass, featuring Fruité, sucré, épicé, sucré, épicé notes. Made with Tequila, Lemon juice, Grenadine, Egg white, Ginger ale. Instructions: Shake all ingredients (except ginger ale) with ice and strain into a collins glass over ice cubes. Fill with ginger ale, stir, and serve.. Garnished with a fresh fruit slice, placed on a dark wooden bar counter, moody lighting --v 5"
Tequila Sour,"Flat lay, vintage speakeasy style. High-quality photo of a Tequila Sour, served in a cocktail glass, featuring Fruité, sucré notes. Made with Tequila, Lemon, Powdered sugar, Lemon, Cherry. Instructions: Shake tequila, juice of lemon, and powdered sugar with ice and strain into a whiskey sour glass. Add the half-slice of lemon, top with the cherry, and serve.. Garnished with a fresh fruit slice, placed on a dark wooden bar counter, moody lighting --v 5"
Kiss me Quick,"Flat lay, vintage speakeasy style. High-quality photo of a Kiss me Quick, served in a cocktail glass, featuring Fruité, sucré notes. Made with Cranberry vodka, Apfelkorn, Schweppes Russchian, Apple juice, Ice. Instructions: mix in the glass. Garnished with a fresh fruit slice, placed on a dark wooden bar counter, moody lighting --v 5"
Coffee Liqueur,"Flat lay, vintage speakeasy style. High-quality photo of a Coffee Liqueur, served in a cocktail glass, featuring Fruité, sucré notes. Made with Coffee, Vanilla extract, Sugar, Vodka, Water. Instructions: Combine coffee, sugar and water. Simmer 1 hour and let cool. Add vanilla and vodka. Age in sealed jar 2 to 3 weeks.. Garnished with a fresh fruit slice, placed on a dark wooden bar counter, moody lighting --v 5"
Banana Daiquiri,"Flat lay, vintage speakeasy style. High-quality photo of a Banana Daiquiri, served in a cocktail glass, featuring Acide, sucré notes. Made with Light rum, Triple sec, Banana, Lime juice, Sugar, Cherry. Instructions: Pour all ingredients into shaker with ice cubes. Shake well. Strain in chilled cocktail glass.. Garnished with a minimalist garnish, placed on a dark wooden bar counter, moody lighting --v 5"
Frozen Daiquiri,"Flat lay, vintage speakeasy style. High-quality photo of a Frozen Daiquiri, served in a cocktail glass, featuring Acide, sucré notes. Made with Light rum, Triple sec, Lime juice, Sugar, Cherry, Ice. Instructions: Combine all ingredients (except for the cherry) in an electric blender and blend at a low speed for five seconds, then blend at a high speed until firm. Pour contents into a champagne flute, top with the cherry, and serve.. Garnished with a minimalist garnish, placed on a dark wooden bar counter, moody lighting --v 5"
Queen Charlotte,"Flat lay, vintage speakeasy style. High-quality photo of a Queen Charlotte, served in a cocktail glass, featuring Acide, sucré, sucré notes. Made with Red wine, Grenadine, Lemon-lime soda. Instructions: Pour red wine and grenadine into a collins glass over ice cubes. Fill with lemon-lime soda, stir, and serve.. Garnished with a minimalist garnish, placed on a dark wooden bar counter, moody lighting --v 5"
Queen Elizabeth,"Flat lay, vintage speakeasy style. High-quality photo of a Queen Elizabeth, served in a cocktail glass, featuring Amer notes. Made with Dry Vermouth, Gin, Benedictine. Instructions: Stir all ingredients with ice, strain into a cocktail glass, and serve.. Garnished with a minimalist garnish, placed on a dark wooden bar counter, moody lighting --v 5"
Tequila Slammer,"Flat lay, vintage speakeasy style. High-quality photo of a Tequila Slammer, served in a cocktail glass, featuring Fruité notes. Made with Tequila, 7-up. Instructions: Mix carefully to avoid releasing the dissolved CO2.. Garnished with a fresh fruit slice, placed on a dark wooden bar counter, moody lighting --v 5"
Tequila Sunrise,"Flat lay, vintage speakeasy style. High-quality photo of a Tequila Sunrise, served in a cocktail glass, featuring Fruité, sucré, sucré notes. Made with Tequila, Orange juice, Grenadine. Instructions: Pour the tequila and orange juice into glass over ice. Add the grenadine, which will sink to the bottom. Stir gently to create the sunrise effect. Garnish and serve.. Garnished with a fresh fruit slice, placed on a dark wooden bar counter, moody lighting --v 5"
Amaretto Liqueur,"Flat lay, vintage speakeasy style. High-quality photo of a Amaretto Liqueur, served in a cocktail glass, featuring Fruité, sucré notes. Made with Sugar, Water, Apricot, Almond flavoring, Grain alcohol, Water, Brandy, Food coloring, Food coloring, Food coloring, Glycerine. Instructions: Combine sugar and 3/4 cup water in a small saucepan. Bring to a boil, stirring constantly. Reduce heat and simmer until all sugar is dissolved. Remove from heat and cool. In an aging container, combine apricot halves, almond extract, grain alcohol with 1/2 cup water, and brandy. Stir in cooled sugar syrup mixture. Cap and let age for 2 days. Remove apricot halves. (Save apricot halves, can be used for cooking). Add food coloring and glycerine. Stir, recap and continue aging for 1 to 2 months. Re-bottle as desired. Liqueur is ready to serve but will continue to improve with additional aging.. Garnished with a fresh fruit slice, placed on a dark wooden bar counter, moody lighting --v 5"
Angelica Liqueur,"Flat lay, vintage speakeasy style. High-quality photo of a Angelica Liqueur, served in a cocktail glass, featuring Fruité, épicé, sucré, épicé notes. Made with Angelica root, Almond, Allspice, Cinnamon, Anise, Coriander, Marjoram leaves, Vodka, Sugar, Water, Food coloring, Food coloring. Instructions: Combine all herbs, nuts and spices with vodka in a 1 quart or larger aging container. Cap tightly and shake daily for 2 weeks. Strain through a fine muslin cloth or coffee filter, discarding solids. Clean out aging container. Place liquid back in container. Place sugar and water in saucepan and stir to combine over medium heat. When sugar is completely dissolved, set aside and let cool. When cool combine with food coloring and add to liqueur liquid. Cap and allow to age and mellow in a cool, dark place for one month.. Garnished with a fresh fruit slice, placed on a dark wooden bar counter, moody lighting --v 5"
Tequila Surprise,"Flat lay, vintage speakeasy style. High-quality photo of a Tequila Surprise, served in a cocktail glass, featuring Fruité notes. Made with Tequila, Tabasco sauce. Instructions: Fill shot glass with Tequila. Add drops of Tobasco sauce.. Garnished with a fresh fruit slice, placed on a dark wooden bar counter, moody lighting --v 5"
Quaker's Cocktail,"Flat lay, vintage speakeasy style. High-quality photo of a Quaker's Cocktail, served in a cocktail glass, featuring Fruité, sucré notes. Made with Light rum, Brandy, Lemon, Raspberry syrup. Instructions: Shake all ingredients with ice, strain into a cocktail glass, and serve.. Garnished with a fresh fruit slice, placed on a dark wooden bar counter, moody lighting --v 5"
National Aquarium,"Flat lay, vintage speakeasy style. High-quality photo of a National Aquarium, served in a cocktail glass, featuring Acide notes. Made with Rum, Vodka, Gin, Blue Curacao, Sour mix, Lemon-lime soda. Instructions: Pour all ingredients into a shaker of ice. Shake well. Serve on the rocks.. Garnished with a minimalist garnish, placed on a dark wooden bar counter, moody lighting --v 5"
Strawberry Daiquiri,"Flat lay, vintage speakeasy style. High-quality photo of a Strawberry Daiquiri, served in a cocktail glass, featuring Acide, sucré notes. Made with Strawberry schnapps, Light rum, Lime juice, Powdered sugar, Strawberries. Instructions: Pour all ingredients into shaker with ice cubes. Shake well. Strain in chilled cocktail glass.. Garnished with a minimalist garnish, placed on a dark wooden bar counter, moody lighting --v 5"
Kir,"Flat lay, vintage speakeasy style. High-quality photo of a Kir, served in a cocktail glass, featuring Crémeux notes. Made with Creme de Cassis, Champagne. Instructions: Add the crème de cassis to the bottom of the glass, then top up with wine.. Garnished with a minimalist garnish, placed on a dark wooden bar counter, moody lighting --v 5"
Rose,"Flat lay, vintage speakeasy style. High-quality photo of a Rose, served in a cocktail glass, featuring Amer, sucré, sucré notes. Made with Dry Vermouth, Gin, Apricot brandy, Lemon juice, Grenadine, Powdered sugar. Instructions: Shake together in a cocktail shaker, then strain into chilled glass. Garnish and serve.. Garnished with a minimalist garnish, placed on a dark wooden bar counter, moody lighting --v 5"
Derby,"Flat lay, vintage speakeasy style. High-quality photo of a Derby, served in a cocktail glass, featuring Fruité notes. Made with gin, Peach Bitters, Mint. Instructions: Pour all ingredients into a mixing glass with ice. Stir. Strain into a cocktail glass. Garnish with a sprig of fresh mint in the drink.. Garnished with a fresh fruit slice, placed on a dark wooden bar counter, moody lighting --v 5"
Zorro,"Flat lay, vintage speakeasy style. High-quality photo of a Zorro, served in a cocktail glass, featuring Herbacé notes. Made with Sambuca, Baileys irish cream, White Creme de Menthe. Instructions: add all and pour black coffee and add whipped cream on top.. Garnished with a minimalist garnish, placed on a dark wooden bar counter, moody lighting --v 5"
Karsk,"Flat lay, vintage speakeasy style. High-quality photo of a Karsk, served in a cocktail glass, featuring Fruité notes. Made with Coffee, Grain alcohol. Instructions: Put a copper coin in a coffe-cup and fill up with coffee until you no longer see the coin, then add alcohol until you see the coin. Norwegian speciality.. Garnished with a fresh fruit slice, placed on a dark wooden bar counter, moody lighting --v 5"
Affair,"Flat lay, vintage speakeasy style. High-quality photo of a Affair, served in a cocktail glass, featuring Fruité, sucré notes. Made with Strawberry schnapps, Orange juice, Cranberry juice, Club soda. Instructions: Pour schnapps, orange juice, and cranberry juice over ice in a highball glass. Top with club soda and serve.. Garnished with a fresh fruit slice, placed on a dark wooden bar counter, moody lighting --v 5"
Orgasm,"Flat lay, vintage speakeasy style. High-quality photo of a Orgasm, served in a cocktail glass, featuring Crémeux notes. Made with Creme de Cacao, Amaretto, Triple sec, Vodka, Light cream. Instructions: Shake all ingredients with ice, strain into a chilled cocktail glass, and serve.. Garnished with a minimalist garnish, placed on a dark wooden bar counter, moody lighting --v 5"
Frosé,"Flat lay, vintage speakeasy style. High-quality photo of a Frosé, served in a cocktail glass, featuring Floral, sucré notes. Made with Rose, Sugar, Strawberries, Lemon Juice. Instructions: Step 1
Pour rosé into a 13x9"" pan and freeze until almost solid (it won't completely solidify due to the alcohol), at least 6 hours.

Step 2
Meanwhile, bring sugar and ½ cup water to a boil in a medium saucepan; cook, stirring constantly, until sugar dissolves, about 3 minutes. Add strawberries, remove from heat, and let sit 30 minutes to infuse syrup with strawberry flavor. Strain through a fine-mesh sieve into a small bowl (do not press on solids); cover and chill until cold, about 30 minutes.

Step 3
Scrape rosé into a blender. Add lemon juice, 3½ ounces strawberry syrup, and 1 cup crushed ice and purée until smooth. Transfer blender jar to freezer and freeze until frosé is thickened (aim for milkshake consistency), 25–35 minutes.

Step 4
Blend again until frosé is slushy. Divide among glasses.

Step 5
Do Ahead: Rosé can be frozen 1 week ahead.. Garnished with a minimalist garnish, placed on a dark wooden bar counter, moody lighting --v 5"
Victor,"Flat lay, vintage speakeasy style. High-quality photo of a Victor, served in a cocktail glass, featuring Amer, sucré notes. Made with Gin, Sweet Vermouth, Brandy. Instructions: Shake all ingredients with ice, strain into a cocktail glass, and serve.. Garnished with a minimalist garnish, placed on a dark wooden bar counter, moody lighting --v 5"
Zinger,"Flat lay, vintage speakeasy style. High-quality photo of a Zinger, served in a cocktail glass, featuring Fruité notes. Made with Peachtree schnapps, Surge. Instructions: Get a shot glass and pour in three shots of the schnapps. Do the same with the Surge Cola. Then down it like Scheetz would.. Garnished with a fresh fruit slice, placed on a dark wooden bar counter, moody lighting --v 5"
Vesper,"Flat lay, vintage speakeasy style. High-quality photo of a Vesper, served in a cocktail glass, featuring Fruité notes. Made with Gin, Vodka, Lillet Blanc. Instructions: Shake over ice until well chilled, then strain into a deep goblet and garnish with a thin slice of lemon peel.. Garnished with a fresh fruit slice, placed on a dark wooden bar counter, moody lighting --v 5"
Radler,"Flat lay, vintage speakeasy style. High-quality photo of a Radler, served in a cocktail glass, featuring Fruité notes. Made with Beer, 7-Up. Instructions: Pour beer into large mug, slowly add the 7-up (or Sprite).. Garnished with a fresh fruit slice, placed on a dark wooden bar counter, moody lighting --v 5"
Spritz,"Flat lay, vintage speakeasy style. High-quality photo of a Spritz, served in a cocktail glass, featuring Amer notes. Made with Prosecco, Campari, Soda Water. Instructions: Build into glass over ice, garnish and serve.. Garnished with a minimalist garnish, placed on a dark wooden bar counter, moody lighting --v 5"
Boxcar,"Flat lay, vintage speakeasy style. High-quality photo of a Boxcar, served in a cocktail glass, featuring Fruité, sucré, sucré notes. Made with Gin, Triple sec, Lemon juice, Grenadine, Egg white. Instructions: In a shaker half-filled with ice cubes, combine all of the ingredients. Shake well. Strain into a sour glass.. Garnished with a fresh fruit slice, placed on a dark wooden bar counter, moody lighting --v 5"
Veteran,"Flat lay, vintage speakeasy style. High-quality photo of a Veteran, served in a cocktail glass, featuring Fruité notes. Made with Dark rum, Cherry brandy. Instructions: Pour the rum and cherry brandy into an old-fashioned glass almost filled with ice cubes. Stir well.. Garnished with a fresh fruit slice, placed on a dark wooden bar counter, moody lighting --v 5"
Sidecar,"Flat lay, vintage speakeasy style. High-quality photo of a Sidecar, served in a cocktail glass, featuring Fruité, sucré notes. Made with Cognac, Cointreau, Lemon juice. Instructions: Pour all ingredients into cocktail shaker filled with ice. Shake well and strain into cocktail glass.. Garnished with a fresh fruit slice, placed on a dark wooden bar counter, moody lighting --v 5"
Vampiro,"Flat lay, vintage speakeasy style. High-quality photo of a Vampiro, served in a cocktail glass, featuring Acide, sucré, salé notes. Made with Tequila, Tomato Juice, Orange Juice, Lime Juice, Sugar Syrup, Salt. Instructions: Vampiros may be made in a tall glass or an old fashioned glass. Bartenders may first ""rim"" the glass with Kosher Salt, which is done by placing a layer of Kosher Salt on a chopping board, moistening the glass' rim with lime juice or water, and then placing the upside down glass rim onto the Kosher Salt, so that the salt sticks to the moistened rim. The second step is to fill half the glass with ice and add one or two shooter glasses full of high quality Tequila. The next stage is to add the flavouring elements. This is done by squeezing a fresh lime into the glass, adding a few grains of salt, adding citrus-flavoured soda pop, until the glass is 4/5 full, and then adding spicy Viuda de Sanchez (or orange juice, lime juice and pico de gallo). The final step is to stir the ingredients so that the flavours are properly blended.. Garnished with a minimalist garnish, placed on a dark wooden bar counter, moody lighting --v 5"
Zambeer,"Flat lay, vintage speakeasy style. High-quality photo of a Zambeer, served in a cocktail glass, featuring Fruité notes. Made with Sambuca, Root beer, Ice. Instructions: Mix sambuca with rootbeer and stir. Add ice. Garnished with a fresh fruit slice, placed on a dark wooden bar counter, moody lighting --v 5"
Scooter,"Flat lay, vintage speakeasy style. High-quality photo of a Scooter, served in a cocktail glass, featuring Fruité notes. Made with Brandy, Amaretto, Light cream. Instructions: Shake all ingredients well with cracked ice, strain into a cocktail glass, and serve.. Garnished with a fresh fruit slice, placed on a dark wooden bar counter, moody lighting --v 5"
Big Red,"Flat lay, vintage speakeasy style. High-quality photo of a Big Red, served in a cocktail glass, featuring Fruité notes. Made with Irish cream, Goldschlager. Instructions: Pour ingredients into 1 ounce shot glass. Garnished with a fresh fruit slice, placed on a dark wooden bar counter, moody lighting --v 5"
Almeria,"Flat lay, vintage speakeasy style. High-quality photo of a Almeria, served in a cocktail glass, featuring Fruité notes. Made with Dark rum, Kahlua, Egg white. Instructions: In a shaker half-filled with ice cubes, combine all of the ingredients. Shake well. Strain into a cocktail glass.. Garnished with a fresh fruit slice, placed on a dark wooden bar counter, moody lighting --v 5"
Bramble,"Flat lay, vintage speakeasy style. High-quality photo of a Bramble, served in a cocktail glass, featuring Crémeux, sucré notes. Made with Gin, lemon juice, Sugar syrup, Creme de Mure. Instructions: Fill glass with crushed ice. Build gin, lemon juice and simple syrup over. Stir, and then pour blackberry liqueur over in a circular fashion to create marbling effect. Garnish with two blackberries and lemon slice.. Garnished with a minimalist garnish, placed on a dark wooden bar counter, moody lighting --v 5"
Stinger,"Flat lay, vintage speakeasy style. High-quality photo of a Stinger, served in a cocktail glass, featuring Herbacé notes. Made with Brandy, White Creme de Menthe. Instructions: Pour in a mixing glass with ice, stir and strain into a cocktail glass. May also be served on rocks in a rocks glass.. Garnished with a minimalist garnish, placed on a dark wooden bar counter, moody lighting --v 5"
Sazerac,"Flat lay, vintage speakeasy style. High-quality photo of a Sazerac, served in a cocktail glass, featuring Fumé, sucré notes. Made with Ricard, Sugar, Peychaud bitters, Water, Bourbon, Lemon peel. Instructions: Rinse a chilled old-fashioned glass with the absinthe, add crushed ice, and set it aside. Stir the remaining ingredients over ice and set it aside. Discard the ice and any excess absinthe from the prepared glass, and strain the drink into the glass. Add the lemon peel for garnish.. Garnished with a minimalist garnish, placed on a dark wooden bar counter, moody lighting --v 5"
Martini,"Flat lay, vintage speakeasy style. High-quality photo of a Martini, served in a martini glass, featuring Amer, salé, salé notes. Made with Gin, Dry Vermouth, Olive. Instructions: Straight: Pour all ingredients into mixing glass with ice cubes. Stir well. Strain in chilled martini cocktail glass. Squeeze oil from lemon peel onto the drink, or garnish with olive.. Garnished with a minimalist garnish, placed on a dark wooden bar counter, moody lighting --v 5"
Smut,"Flat lay, vintage speakeasy style. High-quality photo of a Smut, served in a cocktail glass, featuring Fruité, sucré notes. Made with Red wine, Peach schnapps, Pepsi Cola, Orange juice. Instructions: Throw it all together and serve real cold.. Garnished with a fresh fruit slice, placed on a dark wooden bar counter, moody lighting --v 5"
Rose,"Flat lay, vintage speakeasy style. High-quality photo of a Rose, served in a cocktail glass, featuring Amer, sucré, sucré notes. Made with Dry Vermouth, Gin, Apricot brandy, Lemon juice, Grenadine, Powdered sugar. Instructions: Shake together in a cocktail shaker, then strain into chilled glass. Garnish and serve.. Garnished with a minimalist garnish, placed on a dark wooden bar counter, moody lighting --v 5"
Karsk,"Flat lay, vintage speakeasy style. High-quality photo of a Karsk, served in a cocktail glass, featuring Fruité notes. Made with Coffee, Grain alcohol. Instructions: Put a copper coin in a coffe-cup and fill up with coffee until you no longer see the coin, then add alcohol until you see the coin. Norwegian speciality.. Garnished with a fresh fruit slice, placed on a dark wooden bar counter, moody lighting --v 5"
Zoksel,"Flat lay, vintage speakeasy style. High-quality photo of a Zoksel, served in a cocktail glass, featuring Crémeux notes. Made with Beer, Root beer, Lemonade, Coca-Cola, 7-Up, Creme de Cassis, Lemon. Instructions: No specific mixing instructions, just poor every ingredient in one glass. The lemon goes with it.. Garnished with a minimalist garnish, placed on a dark wooden bar counter, moody lighting --v 5"
Diesel,"Flat lay, vintage speakeasy style. High-quality photo of a Diesel, served in a cocktail glass, featuring Fruité notes. Made with Lager, Cider, Blackcurrant cordial. Instructions: Pour the lager first then add the blackcurrant cordial. Top up with the cider. The colour sholud be very dark approaching the colour of Guiness.. Garnished with a fresh fruit slice, placed on a dark wooden bar counter, moody lighting --v 5"
Mimosa,"Flat lay, vintage speakeasy style. High-quality photo of a Mimosa, served in a cocktail glass, featuring Fruité, sucré notes. Made with Champagne, Orange juice. Instructions: Ensure both ingredients are well chilled, then mix into the glass. Serve cold.. Garnished with a fresh fruit slice, placed on a dark wooden bar counter, moody lighting --v 5"
Frosé,"Flat lay, vintage speakeasy style. High-quality photo of a Frosé, served in a cocktail glass, featuring Floral, sucré notes. Made with Rose, Sugar, Strawberries, Lemon Juice. Instructions: Step 1
Pour rosé into a 13x9"" pan and freeze until almost solid (it won't completely solidify due to the alcohol), at least 6 hours.

Step 2
Meanwhile, bring sugar and ½ cup water to a boil in a medium saucepan; cook, stirring constantly, until sugar dissolves, about 3 minutes. Add strawberries, remove from heat, and let sit 30 minutes to infuse syrup with strawberry flavor. Strain through a fine-mesh sieve into a small bowl (do not press on solids); cover and chill until cold, about 30 minutes.

Step 3
Scrape rosé into a blender. Add lemon juice, 3½ ounces strawberry syrup, and 1 cup crushed ice and purée until smooth. Transfer blender jar to freezer and freeze until frosé is thickened (aim for milkshake consistency), 25–35 minutes.

Step 4
Blend again until frosé is slushy. Divide among glasses.

Step 5
Do Ahead: Rosé can be frozen 1 week ahead.. Garnished with a minimalist garnish, placed on a dark wooden bar counter, moody lighting --v 5"
Casino,"Flat lay, vintage speakeasy style. High-quality photo of a Casino, served in a cocktail glass, featuring Fruité, sucré, sucré notes. Made with Gin, Maraschino liqueur, Lemon juice, Orange bitters, Cherry. Instructions: Pour all ingredients into shaker with ice cubes. Shake well. Strain into chilled cocktail glass. Garnish with a lemon twist and a maraschino cherry. Serve without a straw.. Garnished with a fresh fruit slice, placed on a dark wooden bar counter, moody lighting --v 5"
Orgasm,"Flat lay, vintage speakeasy style. High-quality photo of a Orgasm, served in a cocktail glass, featuring Crémeux notes. Made with Creme de Cacao, Amaretto, Triple sec, Vodka, Light cream. Instructions: Shake all ingredients with ice, strain into a chilled cocktail glass, and serve.. Garnished with a minimalist garnish, placed on a dark wooden bar counter, moody lighting --v 5"
Spritz,"Flat lay, vintage speakeasy style. High-quality photo of a Spritz, served in a cocktail glass, featuring Amer notes. Made with Prosecco, Campari, Soda Water. Instructions: Build into glass over ice, garnish and serve.. Garnished with a minimalist garnish, placed on a dark wooden bar counter, moody lighting --v 5"
Vesper,"Flat lay, vintage speakeasy style. High-quality photo of a Vesper, served in a cocktail glass, featuring Fruité notes. Made with Gin, Vodka, Lillet Blanc. Instructions: Shake over ice until well chilled, then strain into a deep goblet and garnish with a thin slice of lemon peel.. Garnished with a fresh fruit slice, placed on a dark wooden bar counter, moody lighting --v 5"
Snowday,"Flat lay, vintage speakeasy style. High-quality photo of a Snowday, served in a cocktail glass, featuring Amer notes. Made with Vodka, Amaro Montenegro, Ruby Port, Blood Orange, Angostura Bitters, Orange Peel. Instructions: Stir all ingredients with ice. Strain into a chilled rocks glass over fresh ice. Express orange peel over drink and garnish.. Garnished with a minimalist garnish, placed on a dark wooden bar counter, moody lighting --v 5"
Sazerac,"Flat lay, vintage speakeasy style. High-quality photo of a Sazerac, served in a cocktail glass, featuring Fumé, sucré notes. Made with Ricard, Sugar, Peychaud bitters, Water, Bourbon, Lemon peel. Instructions: Rinse a chilled old-fashioned glass with the absinthe, add crushed ice, and set it aside. Stir the remaining ingredients over ice and set it aside. Discard the ice and any excess absinthe from the prepared glass, and strain the drink into the glass. Add the lemon peel for garnish.. Garnished with a minimalist garnish, placed on a dark wooden bar counter, moody lighting --v 5"
Vesuvio,"Flat lay, vintage speakeasy style. High-quality photo of a Vesuvio, served in a cocktail glass, featuring Amer, sucré notes. Made with Light rum, Sweet Vermouth, Lemon, Powdered sugar, Egg white. Instructions: Shake all ingredients with ice, strain into an old-fashioned glass over ice cubes, and serve.. Garnished with a minimalist garnish, placed on a dark wooden bar counter, moody lighting --v 5"
Sangria,"Flat lay, vintage speakeasy style. High-quality photo of a Sangria, served in a cocktail glass, featuring Fruité, épicé, sucré, épicé notes. Made with Red wine, Sugar, Orange juice, Lemon juice, Cloves, Cinnamon. Instructions: Mix all together in a pitcher and refrigerate. Add cloves and cinnamon sticks to taste. Serve in wine glasses.. Garnished with a fresh fruit slice, placed on a dark wooden bar counter, moody lighting --v 5"
Scooter,"Flat lay, vintage speakeasy style. High-quality photo of a Scooter, served in a cocktail glass, featuring Fruité notes. Made with Brandy, Amaretto, Light cream. Instructions: Shake all ingredients well with cracked ice, strain into a cocktail glass, and serve.. Garnished with a fresh fruit slice, placed on a dark wooden bar counter, moody lighting --v 5"
Stinger,"Flat lay, vintage speakeasy style. High-quality photo of a Stinger, served in a cocktail glass, featuring Herbacé notes. Made with Brandy, White Creme de Menthe. Instructions: Pour in a mixing glass with ice, stir and strain into a cocktail glass. May also be served on rocks in a rocks glass.. Garnished with a minimalist garnish, placed on a dark wooden bar counter, moody lighting --v 5"
Addison,"Flat lay, vintage speakeasy style. High-quality photo of a Addison, served in a cocktail glass, featuring Amer notes. Made with Gin, Vermouth. Instructions: Shake together all the ingredients and strain into a cold glass.. Garnished with a minimalist garnish, placed on a dark wooden bar counter, moody lighting --v 5"
Sidecar,"Flat lay, vintage speakeasy style. High-quality photo of a Sidecar, served in a cocktail glass, featuring Fruité, sucré notes. Made with Cognac, Cointreau, Lemon juice. Instructions: Pour all ingredients into cocktail shaker filled with ice. Shake well and strain into cocktail glass.. Garnished with a fresh fruit slice, placed on a dark wooden bar counter, moody lighting --v 5"
Paradise,"Flat lay, vintage speakeasy style. High-quality photo of a Paradise, served in a cocktail glass, featuring Fruité, sucré notes. Made with Gin, Apricot Brandy, Orange Juice. Instructions: Shake together over ice. Strain into cocktail glass and serve chilled.. Garnished with a fresh fruit slice, placed on a dark wooden bar counter, moody lighting --v 5"
Snowball,"Flat lay, vintage speakeasy style. High-quality photo of a Snowball, served in a cocktail glass, featuring Fruité notes. Made with Advocaat, Lemonade, Lemon, Ice. Instructions: Place one ice cube in the glass and add 1 1/2 oz of Advocaat. Fill up the glass with lemonade and decorate with a slice of lemon. Serve at once.. Garnished with a fresh fruit slice, placed on a dark wooden bar counter, moody lighting --v 5"
Shot-gun,"Flat lay, vintage speakeasy style. High-quality photo of a Shot-gun, served in a cocktail glass, featuring Fruité notes. Made with Jim Beam, Jack Daniels, Wild Turkey. Instructions: Pour one part Jack Daneils and one part Jim Beam into shot glass then float Wild Turkey on top.. Garnished with a fresh fruit slice, placed on a dark wooden bar counter, moody lighting --v 5"
Gin Sour,"Flat lay, vintage speakeasy style. High-quality photo of a Gin Sour, served in a sour glass, featuring Fruité, sucré notes. Made with Gin, Lemon juice, Sugar, Orange, Maraschino cherry. Instructions: In a shaker half-filled with ice cubes, combine the gin, lemon juice, and sugar. Shake well. Strain into a sour glass and garnish with the orange slice and the cherry.. Garnished with a fresh fruit slice, placed on a dark wooden bar counter, moody lighting --v 5"
Rum Sour,"Flat lay, vintage speakeasy style. High-quality photo of a Rum Sour, served in a cocktail glass, featuring Fruité, sucré notes. Made with Light rum, Lemon juice, Sugar, Orange, Maraschino cherry. Instructions: In a shaker half-filled with ice cubes, combine the rum, lemon juice, and sugar. Shake well. Strain into a sour glass and garnish with the orange slice and the cherry.. Garnished with a fresh fruit slice, placed on a dark wooden bar counter, moody lighting --v 5"
Spice 75,"Flat lay, vintage speakeasy style. High-quality photo of a Spice 75, served in a cocktail glass, featuring Acide, sucré notes. Made with Sugar, Allspice, Rum, Lime Juice, Champagne, Orange spiral. Instructions: Gently warm 60g golden caster sugar in a pan with 30ml water and 1 tbsp allspice. Cook gently until the sugar has dissolved, then leave the mixture to cool. Strain through a sieve lined with a coffee filter (or a double layer of kitchen paper).

Pour 60ml of the spiced syrup into a cocktail shaker along with 200ml rum and 90ml lime juice. Shake with ice and strain between six flute glasses. Top up with 600ml champagne and garnish each with an orange twist.. Garnished with a minimalist garnish, placed on a dark wooden bar counter, moody lighting --v 5"
AT&T,"Flat lay, vintage speakeasy style. High-quality photo of a AT&T, served in a cocktail glass, featuring Fruité notes. Made with Absolut Vodka, Gin, Tonic water. Instructions: Pour Vodka and Gin over ice, add Tonic and Stir. Garnished with a fresh fruit slice, placed on a dark wooden bar counter, moody lighting --v 5"
Smut,"Flat lay, vintage speakeasy style. High-quality photo of a Smut, served in a cocktail glass, featuring Fruité, sucré notes. Made with Red wine, Peach schnapps, Pepsi Cola, Orange juice. Instructions: Throw it all together and serve real cold.. Garnished with a fresh fruit slice, placed on a dark wooden bar counter, moody lighting --v 5"
Mojito,"Flat lay, vintage speakeasy style. High-quality photo of a Mojito, served in a highball glass, featuring Acide, sucré notes. Made with Light rum, Lime, Sugar, Mint, Soda water. Instructions: Muddle mint leaves with sugar and lime juice. Add a splash of soda water and fill the glass with cracked ice. Pour the rum and top with soda water. Garnish and serve with straw.. Garnished with a minimalist garnish, placed on a dark wooden bar counter, moody lighting --v 5"
Victor,"Flat lay, vintage speakeasy style. High-quality photo of a Victor, served in a cocktail glass, featuring Amer, sucré notes. Made with Gin, Sweet Vermouth, Brandy. Instructions: Shake all ingredients with ice, strain into a cocktail glass, and serve.. Garnished with a minimalist garnish, placed on a dark wooden bar counter, moody lighting --v 5"
Gimlet,"Flat lay, vintage speakeasy style. High-quality photo of a Gimlet, served in a cocktail glass, featuring Acide, sucré notes. Made with Gin, Lime Juice, Sugar Syrup, Lime. Instructions: Add all the ingredients to a shaker and fill with ice.

Shake, and strain into a chilled cocktail glass or an Old Fashioned glass filled with fresh ice.

Garnish with a lime wheel.. Garnished with a minimalist garnish, placed on a dark wooden bar counter, moody lighting --v 5"
Spritz,"Flat lay, vintage speakeasy style. High-quality photo of a Spritz, served in a cocktail glass, featuring Amer notes. Made with Prosecco, Campari, Soda Water. Instructions: Build into glass over ice, garnish and serve.. Garnished with a minimalist garnish, placed on a dark wooden bar counter, moody lighting --v 5"
Scooter,"Flat lay, vintage speakeasy style. High-quality photo of a Scooter, served in a cocktail glass, featuring Fruité notes. Made with Brandy, Amaretto, Light cream. Instructions: Shake all ingredients well with cracked ice, strain into a cocktail glass, and serve.. Garnished with a fresh fruit slice, placed on a dark wooden bar counter, moody lighting --v 5"
Quentin,"Flat lay, vintage speakeasy style. High-quality photo of a Quentin, served in a cocktail glass, featuring Fruité, épicé, épicé notes. Made with Dark rum, Kahlua, Light cream, Nutmeg. Instructions: In a shaker half-filled with ice cubes, combine the rum, Kahlua, and cream. Shake well. Strain into a cocktail glass and garnish with the nutmeg.. Garnished with a fresh fruit slice, placed on a dark wooden bar counter, moody lighting --v 5"
Martini,"Flat lay, vintage speakeasy style. High-quality photo of a Martini, served in a martini glass, featuring Amer, salé, salé notes. Made with Gin, Dry Vermouth, Olive. Instructions: Straight: Pour all ingredients into mixing glass with ice cubes. Stir well. Strain in chilled martini cocktail glass. Squeeze oil from lemon peel onto the drink, or garnish with olive.. Garnished with a minimalist garnish, placed on a dark wooden bar counter, moody lighting --v 5"
Mai Tai,"Flat lay, vintage speakeasy style. High-quality photo of a Mai Tai, served in a tiki mug, featuring Fruité, sucré notes. Made with Light rum, Orgeat syrup, Triple sec, Sweet and sour, Cherry. Instructions: Shake all ingredients with ice. Strain into glass. Garnish and serve with straw.. Garnished with a fresh fruit slice, placed on a dark wooden bar counter, moody lighting --v 5"
Veteran,"Flat lay, vintage speakeasy style. High-quality photo of a Veteran, served in a cocktail glass, featuring Fruité notes. Made with Dark rum, Cherry brandy. Instructions: Pour the rum and cherry brandy into an old-fashioned glass almost filled with ice cubes. Stir well.. Garnished with a fresh fruit slice, placed on a dark wooden bar counter, moody lighting --v 5"
Stinger,"Flat lay, vintage speakeasy style. High-quality photo of a Stinger, served in a cocktail glass, featuring Herbacé notes. Made with Brandy, White Creme de Menthe. Instructions: Pour in a mixing glass with ice, stir and strain into a cocktail glass. May also be served on rocks in a rocks glass.. Garnished with a minimalist garnish, placed on a dark wooden bar counter, moody lighting --v 5"
Affinity,"Flat lay, vintage speakeasy style. High-quality photo of a Affinity, served in a cocktail glass, featuring Amer, sucré notes. Made with Scotch, Sweet Vermouth, Dry Vermouth, Orange bitters. Instructions: In a mixing glass half-filled with ice cubes, combine all of the ingredients. Stir well. Strain into a cocktail glass.. Garnished with a minimalist garnish, placed on a dark wooden bar counter, moody lighting --v 5"
Shot-gun,"Flat lay, vintage speakeasy style. High-quality photo of a Shot-gun, served in a cocktail glass, featuring Fruité notes. Made with Jim Beam, Jack Daniels, Wild Turkey. Instructions: Pour one part Jack Daneils and one part Jim Beam into shot glass then float Wild Turkey on top.. Garnished with a fresh fruit slice, placed on a dark wooden bar counter, moody lighting --v 5"
Aviation,"Flat lay, vintage speakeasy style. High-quality photo of a Aviation, served in a cocktail glass, featuring Fruité, sucré, sucré notes. Made with Gin, lemon juice, maraschino liqueur. Instructions: Add all ingredients into cocktail shaker filled with ice. Shake well and strain into cocktail glass. Garnish with a cherry.. Garnished with a fresh fruit slice, placed on a dark wooden bar counter, moody lighting --v 5"
Thriller,"Flat lay, vintage speakeasy style. High-quality photo of a Thriller, served in a cocktail glass, featuring Fruité, sucré notes. Made with Scotch, Wine, Orange juice. Instructions: In a shaker half-filled with ice cubes, combine all of the ingredients. Shake well. Strain into a cocktail glass.. Garnished with a fresh fruit slice, placed on a dark wooden bar counter, moody lighting --v 5"
Jam Donut,"Flat lay, vintage speakeasy style. High-quality photo of a Jam Donut, served in a cocktail glass, featuring Crémeux, sucré, sucré notes. Made with Baileys irish cream, Chambord raspberry liqueur, Sugar syrup, Sugar. Instructions: Coat the rim of a shot glass with sugar using sugar syrup to stick. Add the Chambord raspberry liqueur to the shot glass, and carefully layer the Baileys Irish Cream on top. Serve.. Garnished with a minimalist garnish, placed on a dark wooden bar counter, moody lighting --v 5"
Manhattan,"Flat lay, vintage speakeasy style. High-quality photo of a Manhattan, served in a cocktail glass, featuring Amer, sucré notes. Made with Sweet Vermouth, Bourbon, Angostura bitters, Ice, Maraschino cherry, Orange peel. Instructions: Stirred over ice, strained into a chilled glass, garnished, and served up.. Garnished with a minimalist garnish, placed on a dark wooden bar counter, moody lighting --v 5"
Salty Dog,"Flat lay, vintage speakeasy style. High-quality photo of a Salty Dog, served in a cocktail glass, featuring Fruité, sucré, salé notes. Made with Grapefruit juice, Gin, Salt. Instructions: Pour all ingredients over ice cubes in a highball glass. Stir well and serve. (Vodka may be substituted for gin, if preferred.). Garnished with a fresh fruit slice, placed on a dark wooden bar counter, moody lighting --v 5"
Artillery,"Flat lay, vintage speakeasy style. High-quality photo of a Artillery, served in a cocktail glass, featuring Amer, sucré notes. Made with Sweet Vermouth, Gin, Bitters. Instructions: Stir all ingredients with ice, strain into a cocktail glass, and serve.. Garnished with a minimalist garnish, placed on a dark wooden bar counter, moody lighting --v 5"
Jitterbug,"Flat lay, vintage speakeasy style. High-quality photo of a Jitterbug, served in a cocktail glass, featuring Acide, sucré, sucré notes. Made with Gin, Vodka, Grenadine, Lime juice, Sugar, Sugar syrup, Soda water. Instructions: Wet glass, dip rim in sugar. Then add Ice. Then add everything else. It's that simple!. Garnished with a minimalist garnish, placed on a dark wooden bar counter, moody lighting --v 5"
Zorbatini,"Flat lay, vintage speakeasy style. High-quality photo of a Zorbatini, served in a cocktail glass, featuring Fruité notes. Made with Vodka, Ouzo. Instructions: Prepare like a Martini. Garnish with a green olive.. Garnished with a fresh fruit slice, placed on a dark wooden bar counter, moody lighting --v 5"
Afterglow,"Flat lay, vintage speakeasy style. High-quality photo of a Afterglow, served in a cocktail glass, featuring Fruité, sucré, sucré notes. Made with Grenadine, Orange juice, Pineapple juice. Instructions: Mix. Serve over ice.. Garnished with a fresh fruit slice, placed on a dark wooden bar counter, moody lighting --v 5"
Rum Toddy,"Flat lay, vintage speakeasy style. High-quality photo of a Rum Toddy, served in a cocktail glass, featuring Fruité, sucré notes. Made with Rum, Powdered sugar, Lemon peel, Water. Instructions: Dissolve powdered sugar in water in an old-fashioned glass. Add rum and one ice cube and stir. Add the twist of lemon peel and serve.. Garnished with a fresh fruit slice, placed on a dark wooden bar counter, moody lighting --v 5"
Tia-Maria,"Flat lay, vintage speakeasy style. High-quality photo of a Tia-Maria, served in a cocktail glass, featuring Fruité, sucré notes. Made with Water, Brown sugar, Coffee, Rum, Vanilla extract. Instructions: Boil water, sugar and coffe for 10 mins and let cool. Add rum and vanilla. Put in clean bottle(s) and leave for 1 week before using.. Garnished with a fresh fruit slice, placed on a dark wooden bar counter, moody lighting --v 5"
Smut,"Flat lay, vintage speakeasy style. High-quality photo of a Smut, served in a cocktail glass, featuring Fruité, sucré notes. Made with Red wine, Peach schnapps, Pepsi Cola, Orange juice. Instructions: Throw it all together and serve real cold.. Garnished with a fresh fruit slice, placed on a dark wooden bar counter, moody lighting --v 5"
Bijou,"Flat lay, vintage speakeasy style. High-quality photo of a Bijou, served in a cocktail glass, featuring Amer, sucré notes. Made with Orange Bitters, Green Chartreuse, Gin, Sweet Vermouth. Instructions: Stir in mixing glass with ice and strain
. Garnished with a minimalist garnish, placed on a dark wooden bar counter, moody lighting --v 5"
Quentin,"Flat lay, vintage speakeasy style. High-quality photo of a Quentin, served in a cocktail glass, featuring Fruité, épicé, épicé notes. Made with Dark rum, Kahlua, Light cream, Nutmeg. Instructions: In a shaker half-filled with ice cubes, combine the rum, Kahlua, and cream. Shake well. Strain into a cocktail glass and garnish with the nutmeg.. Garnished with a fresh fruit slice, placed on a dark wooden bar counter, moody lighting --v 5"
Vesuvio,"Flat lay, vintage speakeasy style. High-quality photo of a Vesuvio, served in a cocktail glass, featuring Amer, sucré notes. Made with Light rum, Sweet Vermouth, Lemon, Powdered sugar, Egg white. Instructions: Shake all ingredients with ice, strain into an old-fashioned glass over ice cubes, and serve.. Garnished with a minimalist garnish, placed on a dark wooden bar counter, moody lighting --v 5"
Daiquiri,"Flat lay, vintage speakeasy style. High-quality photo of a Daiquiri, served in a coupette glass, featuring Acide, sucré notes. Made with Light rum, Lime, Powdered sugar. Instructions: Pour all ingredients into shaker with ice cubes. Shake well. Strain in chilled cocktail glass.. Garnished with a minimalist garnish, placed on a dark wooden bar counter, moody lighting --v 5"
Gin Sour,"Flat lay, vintage speakeasy style. High-quality photo of a Gin Sour, served in a sour glass, featuring Fruité, sucré notes. Made with Gin, Lemon juice, Sugar, Orange, Maraschino cherry. Instructions: In a shaker half-filled with ice cubes, combine the gin, lemon juice, and sugar. Shake well. Strain into a sour glass and garnish with the orange slice and the cherry.. Garnished with a fresh fruit slice, placed on a dark wooden bar counter, moody lighting --v 5"
Rum Sour,"Flat lay, vintage speakeasy style. High-quality photo of a Rum Sour, served in a cocktail glass, featuring Fruité, sucré notes. Made with Light rum, Lemon juice, Sugar, Orange, Maraschino cherry. Instructions: In a shaker half-filled with ice cubes, combine the rum, lemon juice, and sugar. Shake well. Strain into a sour glass and garnish with the orange slice and the cherry.. Garnished with a fresh fruit slice, placed on a dark wooden bar counter, moody lighting --v 5"
Bluebird,"Flat lay, vintage speakeasy style. High-quality photo of a Bluebird, served in a cocktail glass, featuring Fruité notes. Made with Gin, Triple sec, Blue Curacao, Bitters, Maraschino cherry, Lemon peel. Instructions: In a mixing glass half-filled with crushed ice, combine the gin, triple sec, Curacao, and bitters. Stir well. Strain into a cocktail glass and garnish with the lemon twist and the cherry.. Garnished with a fresh fruit slice, placed on a dark wooden bar counter, moody lighting --v 5"
501 Blue,"Flat lay, vintage speakeasy style. High-quality photo of a 501 Blue, served in a cocktail glass, featuring Fruité notes. Made with Blue Curacao, Blueberry schnapps, Vodka, Sour mix, 7-Up. Instructions: Mix equal amounts into a glass with ice.. Garnished with a fresh fruit slice, placed on a dark wooden bar counter, moody lighting --v 5"
Acapulco,"Flat lay, vintage speakeasy style. High-quality photo of a Acapulco, served in a cocktail glass, featuring Acide, sucré notes. Made with Light rum, Triple sec, Lime juice, Sugar, Egg white, Mint. Instructions: Combine and shake all ingredients (except mint) with ice and strain into an old-fashioned glass over ice cubes. Add the sprig of mint and serve.. Garnished with a minimalist garnish, placed on a dark wooden bar counter, moody lighting --v 5"
Shot-gun,"Flat lay, vintage speakeasy style. High-quality photo of a Shot-gun, served in a cocktail glass, featuring Fruité notes. Made with Jim Beam, Jack Daniels, Wild Turkey. Instructions: Pour one part Jack Daneils and one part Jim Beam into shot glass then float Wild Turkey on top.. Garnished with a fresh fruit slice, placed on a dark wooden bar counter, moody lighting --v 5"
Buccaneer,"Flat lay, vintage speakeasy style. High-quality photo of a Buccaneer, served in a cocktail glass, featuring Fruité notes. Made with Corona, Bacardi Limon. Instructions: Pour the corona into an 18oz beer glass pour the bacardi limon into the beer stir very gently. Garnished with a fresh fruit slice, placed on a dark wooden bar counter, moody lighting --v 5"
Rum Punch,"Flat lay, vintage speakeasy style. High-quality photo of a Rum Punch, served in a cocktail glass, featuring Fruité, épicé, sucré, épicé notes. Made with Rum, Ginger ale, Fruit punch, Orange juice, Ice. Instructions: Mix all ingredients in a punch bowl and serve.. Garnished with a fresh fruit slice, placed on a dark wooden bar counter, moody lighting --v 5"
Algonquin,"Flat lay, vintage speakeasy style. High-quality photo of a Algonquin, served in a cocktail glass, featuring Amer, sucré notes. Made with Blended whiskey, Dry Vermouth, Pineapple juice. Instructions: Combine and shake all ingredients with ice, strain contents into a cocktail glass, and serve.. Garnished with a minimalist garnish, placed on a dark wooden bar counter, moody lighting --v 5"
Rum Toddy,"Flat lay, vintage speakeasy style. High-quality photo of a Rum Toddy, served in a cocktail glass, featuring Fruité, sucré notes. Made with Rum, Powdered sugar, Lemon peel, Water. Instructions: Dissolve powdered sugar in water in an old-fashioned glass. Add rum and one ice cube and stir. Add the twist of lemon peel and serve.. Garnished with a fresh fruit slice, placed on a dark wooden bar counter, moody lighting --v 5"
Autodafé,"Flat lay, vintage speakeasy style. High-quality photo of a Autodafé, served in a cocktail glass, featuring Acide, sucré notes. Made with Vodka, Lime juice, Soda water. Instructions: Mix and fill up with soda water. Drunk by finns on a sunny day any time of the year and day.. Garnished with a minimalist garnish, placed on a dark wooden bar counter, moody lighting --v 5"
Lunch Box,"Flat lay, vintage speakeasy style. High-quality photo of a Lunch Box, served in a cocktail glass, featuring Fruité, sucré notes. Made with Beer, Amaretto, Orange juice. Instructions: Fill a pint glass almost full with beer. Then fill the rest with orange juice (careful not to fill it to the top). Then take the shot of Amaretto and drop it in.. Garnished with a fresh fruit slice, placed on a dark wooden bar counter, moody lighting --v 5"
Greyhound,"Flat lay, vintage speakeasy style. High-quality photo of a Greyhound, served in a cocktail glass, featuring Fruité, sucré notes. Made with Vodka, Grapefruit Juice. Instructions: Add the vodka to a Collins glass filled with ice.
Top with grapefruit juice and stir.

. Garnished with a fresh fruit slice, placed on a dark wooden bar counter, moody lighting --v 5"
Gluehwein,"Flat lay, vintage speakeasy style. High-quality photo of a Gluehwein, served in a cocktail glass, featuring Fruité, épicé, sucré, épicé notes. Made with Red wine, Water, Sugar, Cinnamon, Cloves, Lemon peel. Instructions: Boil sugar and spices in water, leave in the water for 30 minutes. Strain the spiced water and mix with the wine. Heat slowly until short of boiling temperature. (To remove alcohol, let it boil for a while.) You may add lemon or orange juice to taste. Serve in irish coffee cup.. Garnished with a fresh fruit slice, placed on a dark wooden bar counter, moody lighting --v 5"
Jam Donut,"Flat lay, vintage speakeasy style. High-quality photo of a Jam Donut, served in a cocktail glass, featuring Crémeux, sucré, sucré notes. Made with Baileys irish cream, Chambord raspberry liqueur, Sugar syrup, Sugar. Instructions: Coat the rim of a shot glass with sugar using sugar syrup to stick. Add the Chambord raspberry liqueur to the shot glass, and carefully layer the Baileys Irish Cream on top. Serve.. Garnished with a minimalist garnish, placed on a dark wooden bar counter, moody lighting --v 5"
Mauresque,"Flat lay, vintage speakeasy style. High-quality photo of a Mauresque, served in a cocktail glass, featuring Fruité, sucré notes. Made with Ricard, Orgeat Syrup, Water. Instructions: 1 - Pour the Ricard (or pastis)
2 - Pour the orgeat syrup
3 - Finally pour the water and add ice cubes at your convenience.

Add the ice cubes at the end, otherwise the syrup and pastis do not mix well.. Garnished with a fresh fruit slice, placed on a dark wooden bar counter, moody lighting --v 5"
Barracuda,"Flat lay, vintage speakeasy style. High-quality photo of a Barracuda, served in a cocktail glass, featuring Acide, sucré notes. Made with Rum, Galliano, Pineapple Juice, Lime Juice, Prosecco. Instructions: Shake pour ingredients with ice. Strain into glass, top with Sparkling wine.. Garnished with a minimalist garnish, placed on a dark wooden bar counter, moody lighting --v 5"
Old Cuban,"Flat lay, vintage speakeasy style. High-quality photo of a Old Cuban, served in a cocktail glass, featuring Acide, sucré notes. Made with White Rum, Sugar Syrup, Lime Juice, Angostura Bitters, Prosecco. Instructions: Shake a handful of mint, 2oz white rum, 1oz of sugar syrup, 1oz lime juice and 2 dashes angostura bitters with ice. Double strain into a glass and top with 2oz of prosecco.. Garnished with a minimalist garnish, placed on a dark wooden bar counter, moody lighting --v 5"
Jitterbug,"Flat lay, vintage speakeasy style. High-quality photo of a Jitterbug, served in a cocktail glass, featuring Acide, sucré, sucré notes. Made with Gin, Vodka, Grenadine, Lime juice, Sugar, Sugar syrup, Soda water. Instructions: Wet glass, dip rim in sugar. Then add Ice. Then add everything else. It's that simple!. Garnished with a minimalist garnish, placed on a dark wooden bar counter, moody lighting --v 5"
Queen Bee,"Flat lay, vintage speakeasy style. High-quality photo of a Queen Bee, served in a cocktail glass, featuring Acide notes. Made with Coffee brandy, Lime vodka, Sherry. Instructions: Shake all ingredients with ice, strain into a cocktail glass, and serve.. Garnished with a minimalist garnish, placed on a dark wooden bar counter, moody lighting --v 5"
Vesper,"Flat lay, vintage speakeasy style. High-quality photo of a Vesper, served in a cocktail glass, featuring Fruité notes. Made with Gin, Vodka, Lillet Blanc. Instructions: Shake over ice until well chilled, then strain into a deep goblet and garnish with a thin slice of lemon peel.. Garnished with a fresh fruit slice, placed on a dark wooden bar counter, moody lighting --v 5"
Victor,"Flat lay, vintage speakeasy style. High-quality photo of a Victor, served in a cocktail glass, featuring Amer, sucré notes. Made with Gin, Sweet Vermouth, Brandy. Instructions: Shake all ingredients with ice, strain into a cocktail glass, and serve.. Garnished with a minimalist garnish, placed on a dark wooden bar counter, moody lighting --v 5"
Avalon,"Flat lay, vintage speakeasy style. High-quality photo of a Avalon, served in a cocktail glass, featuring Fruité, sucré notes. Made with Vodka, Pisang Ambon, Apple juice, Lemon juice, Lemonade. Instructions: Fill a tall glass with ice. Layer the Finlandia Vodka, lemon and apple juices, Pisang Ambon, and top up with lemonade. Stir slightly and garnish with a spiralled cucumber skin and a red cherry. The cucumber provides zest and looks attractive. This drink, created by Timo Haimi, took first prize in the 1991 Finlandia Vodka Long Drink Competition.. Garnished with a fresh fruit slice, placed on a dark wooden bar counter, moody lighting --v 5"
Vesuvio,"Flat lay, vintage speakeasy style. High-quality photo of a Vesuvio, served in a cocktail glass, featuring Amer, sucré notes. Made with Light rum, Sweet Vermouth, Lemon, Powdered sugar, Egg white. Instructions: Shake all ingredients with ice, strain into an old-fashioned glass over ice cubes, and serve.. Garnished with a minimalist garnish, placed on a dark wooden bar counter, moody lighting --v 5"
Veteran,"Flat lay, vintage speakeasy style. High-quality photo of a Veteran, served in a cocktail glass, featuring Fruité notes. Made with Dark rum, Cherry brandy. Instructions: Pour the rum and cherry brandy into an old-fashioned glass almost filled with ice cubes. Stir well.. Garnished with a fresh fruit slice, placed on a dark wooden bar counter, moody lighting --v 5"
Vampiro,"Flat lay, vintage speakeasy style. High-quality photo of a Vampiro, served in a cocktail glass, featuring Acide, sucré, salé notes. Made with Tequila, Tomato Juice, Orange Juice, Lime Juice, Sugar Syrup, Salt. Instructions: Vampiros may be made in a tall glass or an old fashioned glass. Bartenders may first ""rim"" the glass with Kosher Salt, which is done by placing a layer of Kosher Salt on a chopping board, moistening the glass' rim with lime juice or water, and then placing the upside down glass rim onto the Kosher Salt, so that the salt sticks to the moistened rim. The second step is to fill half the glass with ice and add one or two shooter glasses full of high quality Tequila. The next stage is to add the flavouring elements. This is done by squeezing a fresh lime into the glass, adding a few grains of salt, adding citrus-flavoured soda pop, until the glass is 4/5 full, and then adding spicy Viuda de Sanchez (or orange juice, lime juice and pico de gallo). The final step is to stir the ingredients so that the flavours are properly blended.. Garnished with a minimalist garnish, placed on a dark wooden bar counter, moody lighting --v 5"
Aviation,"Flat lay, vintage speakeasy style. High-quality photo of a Aviation, served in a cocktail glass, featuring Fruité, sucré, sucré notes. Made with Gin, lemon juice, maraschino liqueur. Instructions: Add all ingredients into cocktail shaker filled with ice. Shake well and strain into cocktail glass. Garnish with a cherry.. Garnished with a fresh fruit slice, placed on a dark wooden bar counter, moody lighting --v 5"
Van Vleet,"Flat lay, vintage speakeasy style. High-quality photo of a Van Vleet, served in a cocktail glass, featuring Fruité, sucré notes. Made with Light rum, Maple syrup, Lemon juice. Instructions: Shake all ingredients with ice, strain into an old-fashioned glass over ice cubes, and serve.. Garnished with a fresh fruit slice, placed on a dark wooden bar counter, moody lighting --v 5"
Avalanche,"Flat lay, vintage speakeasy style. High-quality photo of a Avalanche, served in a cocktail glass, featuring Fruité notes. Made with Crown Royal, Kahlua, Cream. Instructions: Mix in highball glass over ice, shake well.. Garnished with a fresh fruit slice, placed on a dark wooden bar counter, moody lighting --v 5"
Vodka Fizz,"Flat lay, vintage speakeasy style. High-quality photo of a Vodka Fizz, served in a cocktail glass, featuring Acide, épicé, épicé notes. Made with Vodka, Half-and-half, Limeade, Ice, Nutmeg. Instructions: Blend all ingredients, save nutmeg. Pour into large white wine glass and sprinkle nutmeg on top.. Garnished with a minimalist garnish, placed on a dark wooden bar counter, moody lighting --v 5"
Adam & Eve,"Flat lay, vintage speakeasy style. High-quality photo of a Adam & Eve, served in a cocktail glass, featuring Crémeux, sucré notes. Made with Gin, Cognac, Creme de Cassis, Fresh Lemon Juice. Instructions: Shake together all the ingredients and strain into a cold glass.. Garnished with a minimalist garnish, placed on a dark wooden bar counter, moody lighting --v 5"
Cafe Savoy,"Flat lay, vintage speakeasy style. High-quality photo of a Cafe Savoy, served in a cocktail glass, featuring Fruité notes. Made with Coffee, Milk, Triple sec, Brandy. Instructions: Fill mug almost to top with coffee.Add milk, triple sec and brandy. Stir.. Garnished with a fresh fruit slice, placed on a dark wooden bar counter, moody lighting --v 5"
Long vodka,"Flat lay, vintage speakeasy style. High-quality photo of a Long vodka, served in a cocktail glass, featuring Acide notes. Made with Vodka, Lime, Angostura bitters, Tonic water, Ice. Instructions: Shake a tall glass with ice cubes and Angostura, coating the inside of the glass. Por the vodka onto this, add 1 slice of lime and squeeze juice out of remainder, mix with tonic, stir and voila you have a Long Vodka. Garnished with a minimalist garnish, placed on a dark wooden bar counter, moody lighting --v 5"
After Five,"Flat lay, vintage speakeasy style. High-quality photo of a After Five, served in a cocktail glass, featuring Crémeux, épicé notes. Made with Peppermint schnapps, Kahlua, Baileys irish cream. Instructions: 1. Pour Kahlua into shot glass to about 1/2 full. 2. Using a spoon(inverted), slowly pour in the Peppermint Schnapps until glass is about 3/4 full. Done correctly, the Schnapps will flow under the Kahlua for a clear layer. 3. Again using a spoon, but this time right side up, slowly top off the glass with a layer of Bailey's. Be careful to place the spoon right at the top of the Kahlua layer and to raise it as the glass fills up. Done correctly, this will provide a layer of Bailey's floating over the Kahlua. 4. Toss it down all at once for something like a Peppermint Pattie, WITH A BANG!!! NOTE: Best if all ingredients are chilled. Garnished with a minimalist garnish, placed on a dark wooden bar counter, moody lighting --v 5"
Miami Vice,"Flat lay, vintage speakeasy style. High-quality photo of a Miami Vice, served in a cocktail glass, featuring Fruité notes. Made with 151 proof rum, Pina colada mix, Daiquiri mix. Instructions: First: Mix pina colada with 2.5 oz. of rum with ice(set aside). Second: Mix daiquiri with 2.5 oz. of rum with ice. Third: While frozen, add pina colda mix then daiquiri mix in glass (Making sure they do not get mixed together).. Garnished with a fresh fruit slice, placed on a dark wooden bar counter, moody lighting --v 5"
Vodka Slime,"Flat lay, vintage speakeasy style. High-quality photo of a Vodka Slime, served in a cocktail glass, featuring Acide, sucré notes. Made with Sprite, Lime Juice, Vodka. Instructions: Fill glass with ice. Add vodka, 7-up then finish with the lime juice.. Garnished with a minimalist garnish, placed on a dark wooden bar counter, moody lighting --v 5"
Vodka Tonic,"Flat lay, vintage speakeasy style. High-quality photo of a Vodka Tonic, served in a cocktail glass, featuring Fruité notes. Made with Vodka, Tonic Water, Lemon Peel. Instructions: Wash and cut 1 wedge and 1 slice of lime or lemon.
Fill a tumbler with fresh ice.
Pour the desired dose of vodka and top up with the tonic.
Squeeze the lime wedge into the glass and decorate with the slice.
That's all, very simple: it's just the recipe for happiness!. Garnished with a fresh fruit slice, placed on a dark wooden bar counter, moody lighting --v 5"
Vodka Lemon,"Flat lay, vintage speakeasy style. High-quality photo of a Vodka Lemon, served in a cocktail glass, featuring Fruité, sucré notes. Made with Vodka, Lemon Juice, Lemon Peel, Ice. Instructions: The vodka lemon is prepared directly in a highball glass or in a large tumbler: put 6-7 ice cubes in the glass, pour the vodka, lemonade and mix with a bar spoon. Finally decorate with a slice of lemon and, if you prefer, add a few mint leaves. Your vodka lemon is ready to be served.. Garnished with a fresh fruit slice, placed on a dark wooden bar counter, moody lighting --v 5"
Screwdriver,"Flat lay, vintage speakeasy style. High-quality photo of a Screwdriver, served in a cocktail glass, featuring Fruité, sucré notes. Made with Vodka, Orange juice. Instructions: Mix in a highball glass with ice. Garnish and serve.. Garnished with a fresh fruit slice, placed on a dark wooden bar counter, moody lighting --v 5"
Clover Club,"Flat lay, vintage speakeasy style. High-quality photo of a Clover Club, served in a cocktail glass, featuring Fruité, sucré, sucré notes. Made with Gin, Grenadine, Lemon, Egg white. Instructions: Dry shake ingredients to emulsify, add ice, shake and served straight up.. Garnished with a fresh fruit slice, placed on a dark wooden bar counter, moody lighting --v 5"
Boulevardier,"Flat lay, vintage speakeasy style. High-quality photo of a Boulevardier, served in a cocktail glass, featuring Amer, sucré notes. Made with Campari, Sweet Vermouth, Rye whiskey, Orange Peel. Instructions: Stir with ice, strain, garnish and serve.. Garnished with a minimalist garnish, placed on a dark wooden bar counter, moody lighting --v 5"
Coffee-Vodka,"Flat lay, vintage speakeasy style. High-quality photo of a Coffee-Vodka, served in a cocktail glass, featuring Fruité, sucré notes. Made with Water, Sugar, Coffee, Vanilla, Vodka, Caramel coloring. Instructions: Boil water and sugar until dissolved. Turn off heat. Slowly add dry instant coffee and continue stirring. Add a chopped vanilla bean to the vodka, then combine the cooled sugar syrup and coffee solution with the vodka. Cover tightly and shake vigorously each day for 3 weeks. Strain and filter. Its also best to let the sugar mixture cool completely so the vodka won't evaporate when its added. If you like a smoother feel to the liqueur you can add about 1 teaspoon of glycerine to the finished product.. Garnished with a fresh fruit slice, placed on a dark wooden bar counter, moody lighting --v 5"
Arise My Love,"Flat lay, vintage speakeasy style. High-quality photo of a Arise My Love, served in a cocktail glass, featuring Herbacé notes. Made with Champagne, Green Creme de Menthe. Instructions: Put creme de menthe into a champagne flute. Fill with chilled champagne and serve.. Garnished with a minimalist garnish, placed on a dark wooden bar counter, moody lighting --v 5"
Vodka Russian,"Flat lay, vintage speakeasy style. High-quality photo of a Vodka Russian, served in a cocktail glass, featuring Fruité notes. Made with Vodka, Schweppes Russchian. Instructions: Mix it as a ordinary drink .. Garnished with a fresh fruit slice, placed on a dark wooden bar counter, moody lighting --v 5"
Vodka Martini,"Flat lay, vintage speakeasy style. High-quality photo of a Vodka Martini, served in a cocktail glass, featuring Amer, salé, salé notes. Made with Vodka, Dry Vermouth, Olive. Instructions: Shake the vodka and vermouth together with a number of ice cubes, strain into a cocktail glass, add the olive and serve.. Garnished with a minimalist garnish, placed on a dark wooden bar counter, moody lighting --v 5"
Snowday,"Flat lay, vintage speakeasy style. High-quality photo of a Snowday, served in a cocktail glass, featuring Amer notes. Made with Vodka, Amaro Montenegro, Ruby Port, Blood Orange, Angostura Bitters, Orange Peel. Instructions: Stir all ingredients with ice. Strain into a chilled rocks glass over fresh ice. Express orange peel over drink and garnish.. Garnished with a minimalist garnish, placed on a dark wooden bar counter, moody lighting --v 5"
Snowball,"Flat lay, vintage speakeasy style. High-quality photo of a Snowball, served in a cocktail glass, featuring Fruité notes. Made with Advocaat, Lemonade, Lemon, Ice. Instructions: Place one ice cube in the glass and add 1 1/2 oz of Advocaat. Fill up the glass with lemonade and decorate with a slice of lemon. Serve at once.. Garnished with a fresh fruit slice, placed on a dark wooden bar counter, moody lighting --v 5"
Downshift,"Flat lay, vintage speakeasy style. High-quality photo of a Downshift, served in a cocktail glass, featuring Fruité notes. Made with Fruit punch, Sprite, Tequila, 151 proof rum. Instructions: Start with the Sprite. Next comes the tequila. After that, add the Minute Maid Fruit Punch, then float the 151. Rocks optional.. Garnished with a fresh fruit slice, placed on a dark wooden bar counter, moody lighting --v 5"
Afterglow,"Flat lay, vintage speakeasy style. High-quality photo of a Afterglow, served in a cocktail glass, featuring Fruité, sucré, sucré notes. Made with Grenadine, Orange juice, Pineapple juice. Instructions: Mix. Serve over ice.. Garnished with a fresh fruit slice, placed on a dark wooden bar counter, moody lighting --v 5"
Gluehwein,"Flat lay, vintage speakeasy style. High-quality photo of a Gluehwein, served in a cocktail glass, featuring Fruité, épicé, sucré, épicé notes. Made with Red wine, Water, Sugar, Cinnamon, Cloves, Lemon peel. Instructions: Boil sugar and spices in water, leave in the water for 30 minutes. Strain the spiced water and mix with the wine. Heat slowly until short of boiling temperature. (To remove alcohol, let it boil for a while.) You may add lemon or orange juice to taste. Serve in irish coffee cup.. Garnished with a fresh fruit slice, placed on a dark wooden bar counter, moody lighting --v 5"
White Lady,"Flat lay, vintage speakeasy style. High-quality photo of a White Lady, served in a cocktail glass, featuring Fruité, sucré notes. Made with Gin, Triple Sec, Lemon Juice. Instructions: Add all ingredients into cocktail shaker filled with ice. Shake well and strain into large cocktail glass.. Garnished with a fresh fruit slice, placed on a dark wooden bar counter, moody lighting --v 5"
Kiwi Lemon,"Flat lay, vintage speakeasy style. High-quality photo of a Kiwi Lemon, served in a cocktail glass, featuring Fruité, sucré, sucré notes. Made with Kiwi liqueur, Bitter lemon, Ice. Instructions: Mix in highball glass. Stirr. Garnish with slice of kiwi.. Garnished with a fresh fruit slice, placed on a dark wooden bar counter, moody lighting --v 5"
Wine Punch,"Flat lay, vintage speakeasy style. High-quality photo of a Wine Punch, served in a cocktail glass, featuring Fruité, sucré notes. Made with Red wine, Lemon, Orange juice, Orange, Pineapple juice. Instructions: Combine all of the ingredients and pour over a block of ice.. Garnished with a fresh fruit slice, placed on a dark wooden bar counter, moody lighting --v 5"
Whisky Mac,"Flat lay, vintage speakeasy style. High-quality photo of a Whisky Mac, served in a cocktail glass, featuring Fruité notes. Made with Scotch, Wine. Instructions: Pour both of the ingredients into a wine goblet with no ice.. Garnished with a fresh fruit slice, placed on a dark wooden bar counter, moody lighting --v 5"
3 Wise Men,"Flat lay, vintage speakeasy style. High-quality photo of a 3 Wise Men, served in a cocktail glass, featuring Fruité notes. Made with Jack Daniels, Johnnie Walker, Jim Beam. Instructions: put them them in a glass... and slam it to tha head.. Garnished with a fresh fruit slice, placed on a dark wooden bar counter, moody lighting --v 5"
Moscow Mule,"Flat lay, vintage speakeasy style. High-quality photo of a Moscow Mule, served in a copper mug, featuring Acide, épicé, sucré, épicé notes. Made with Vodka, Lime juice, Ginger ale. Instructions: Combine vodka and ginger beer in a highball glass filled with ice. Add lime juice. Stir gently. Garnish.. Garnished with a minimalist garnish, placed on a dark wooden bar counter, moody lighting --v 5"
Gin Swizzle,"Flat lay, vintage speakeasy style. High-quality photo of a Gin Swizzle, served in a cocktail glass, featuring Acide, sucré notes. Made with Lime juice, Sugar, Gin, Bitters, Club soda. Instructions: In a shaker half-filled with ice cubes, combine the lime juice, sugar, gin, and bitters. Shake well. Almost fill a colling glass with ice cubes. Stir until the glass is frosted. Strain the mixture in the shaker into the glass and add the club soda.. Garnished with a minimalist garnish, placed on a dark wooden bar counter, moody lighting --v 5"
Yellow Bird,"Flat lay, vintage speakeasy style. High-quality photo of a Yellow Bird, served in a cocktail glass, featuring Acide, sucré notes. Made with White Rum, Galliano, Triple Sec, Lime Juice. Instructions: Shake and strain into a chilled cocktail glass. Garnished with a minimalist garnish, placed on a dark wooden bar counter, moody lighting --v 5"
London Town,"Flat lay, vintage speakeasy style. High-quality photo of a London Town, served in a cocktail glass, featuring Fruité, sucré, sucré notes. Made with Gin, Maraschino liqueur, Orange bitters. Instructions: In a mixing glass half-filled with ice cubes, combine all of the ingredients. Stir well. Strain into a cocktail glass.. Garnished with a fresh fruit slice, placed on a dark wooden bar counter, moody lighting --v 5"
Orange Whip,"Flat lay, vintage speakeasy style. High-quality photo of a Orange Whip, served in a cocktail glass, featuring Fruité, sucré notes. Made with Orange juice, Rum, Vodka, Cream, Ice. Instructions: Pour ingredients over ice and stir.. Garnished with a fresh fruit slice, placed on a dark wooden bar counter, moody lighting --v 5"
Sweet Tooth,"Flat lay, vintage speakeasy style. High-quality photo of a Sweet Tooth, served in a cocktail glass, featuring Fruité, sucré, sucré notes. Made with Godiva liqueur, Milk. Instructions: Put 2 shots Godiva Liquour into a glass, add as much or as little milk as you would like.. Garnished with a fresh fruit slice, placed on a dark wooden bar counter, moody lighting --v 5"
Screwdriver,"Flat lay, vintage speakeasy style. High-quality photo of a Screwdriver, served in a cocktail glass, featuring Fruité, sucré notes. Made with Vodka, Orange juice. Instructions: Mix in a highball glass with ice. Garnish and serve.. Garnished with a fresh fruit slice, placed on a dark wooden bar counter, moody lighting --v 5"
Mulled Wine,"Flat lay, vintage speakeasy style. High-quality photo of a Mulled Wine, served in a cocktail glass, featuring Fruité, épicé, sucré, épicé notes. Made with Water, Sugar, Cloves, Cinnamon, Lemon peel, Red wine, Brandy. Instructions: Simmer 3 cups water with, sugar, cloves, cinnamon sticks, and lemon peel in a stainless steel pot for 10 minutes. Add wine heat to a ""coffee temperature"" (DO NOT BOIL) then add the brandy.. Garnished with a fresh fruit slice, placed on a dark wooden bar counter, moody lighting --v 5"
Wine Cooler,"Flat lay, vintage speakeasy style. High-quality photo of a Wine Cooler, served in a cocktail glass, featuring Acide notes. Made with Red wine, Lemon-lime soda, Ice. Instructions: Mix wine and soft drink. Pour into glass. Add ice.. Garnished with a minimalist garnish, placed on a dark wooden bar counter, moody lighting --v 5"
Winter Rita,"Flat lay, vintage speakeasy style. High-quality photo of a Winter Rita, served in a cocktail glass, featuring Acide, sucré, salé notes. Made with Tequila, Campari, Lime Juice, Orange Juice, Rosemary Syrup, Salt. Instructions: Salt rim. Combine all ingredients, shake with ice, and strain over fresh ice.⠀. Garnished with a minimalist garnish, placed on a dark wooden bar counter, moody lighting --v 5"
9 1/2 Weeks,"Flat lay, vintage speakeasy style. High-quality photo of a 9 1/2 Weeks, served in a cocktail glass, featuring Acide, sucré, sucré notes. Made with Absolut Citron, Orange Curacao, Strawberry liqueur, Orange juice. Instructions: Combine all ingredients in glass mixer. Chill and strain into Cocktail glass. Garnish with sliced strawberry.. Garnished with a minimalist garnish, placed on a dark wooden bar counter, moody lighting --v 5"
Whiskey Sour,"Flat lay, vintage speakeasy style. High-quality photo of a Whiskey Sour, served in a rocks glass, featuring Fruité, sucré notes. Made with Blended whiskey, Lemon, Powdered sugar, Cherry, Lemon. Instructions: Shake with ice. Strain into chilled glass, garnish and serve. If served 'On the rocks', strain ingredients into old-fashioned glass filled with ice.. Garnished with a fresh fruit slice, placed on a dark wooden bar counter, moody lighting --v 5"
Kiwi Martini,"Flat lay, vintage speakeasy style. High-quality photo of a Kiwi Martini, served in a cocktail glass, featuring Fruité, sucré notes. Made with Kiwi, Sugar Syrup, Vodka, Kiwi. Instructions: The kiwi martini is a very fun vodka cocktail and it is one of the best drinks that makes use of fresh fruit. Though there are a few recipes floating around, this is one of the easiest and it is an absolutely delightful green martini to drink.

For this recipe, you'll simply muddle slices of kiwi with simple syrup, then shake it with vodka. It's a drink that anyone can mix up in minutes and a perfect cocktail to show off your favorite vodka.. Garnished with a fresh fruit slice, placed on a dark wooden bar counter, moody lighting --v 5"
Monkey Wrench,"Flat lay, vintage speakeasy style. High-quality photo of a Monkey Wrench, served in a cocktail glass, featuring Fruité, sucré notes. Made with Light rum, Grapefruit juice, Bitters. Instructions: Pour all of the ingredients into an old-fashioned glass almost filled with ice cubes. Stir well.. Garnished with a fresh fruit slice, placed on a dark wooden bar counter, moody lighting --v 5"
New York Sour,"Flat lay, vintage speakeasy style. High-quality photo of a New York Sour, served in a cocktail glass, featuring Fruité, sucré notes. Made with Blended whiskey, Lemon, Sugar, Red wine, Lemon, Cherry. Instructions: Shake blended whiskey, juice of lemon, and powdered sugar with ice and strain into a whiskey sour glass. Float claret on top. Decorate with the half-slice of lemon and the cherry and serve.. Garnished with a fresh fruit slice, placed on a dark wooden bar counter, moody lighting --v 5"
Boxcar,"Flat lay, vintage speakeasy style. High-quality photo of a Boxcar, served in a cocktail glass, featuring Fruité, sucré, sucré notes. Made with Gin, Triple sec, Lemon juice, Grenadine, Egg white. Instructions: In a shaker half-filled with ice cubes, combine all of the ingredients. Shake well. Strain into a sour glass.. Garnished with a fresh fruit slice, placed on a dark wooden bar counter, moody lighting --v 5"
Alexander,"Flat lay, vintage speakeasy style. High-quality photo of a Alexander, served in a cocktail glass, featuring Crémeux, épicé, épicé notes. Made with Gin, Creme de Cacao, Light cream, Nutmeg. Instructions: Shake all ingredients with ice and strain contents into a cocktail glass. Sprinkle nutmeg on top and serve.. Garnished with a minimalist garnish, placed on a dark wooden bar counter, moody lighting --v 5"
Foxy Lady,"Flat lay, vintage speakeasy style. High-quality photo of a Foxy Lady, served in a cocktail glass, featuring Crémeux notes. Made with Amaretto, Creme de Cacao, Light cream. Instructions: Shake all ingredients with ice, strain into a chilled cocktail glass, and serve.. Garnished with a minimalist garnish, placed on a dark wooden bar counter, moody lighting --v 5"
Lunch Box,"Flat lay, vintage speakeasy style. High-quality photo of a Lunch Box, served in a cocktail glass, featuring Fruité, sucré notes. Made with Beer, Amaretto, Orange juice. Instructions: Fill a pint glass almost full with beer. Then fill the rest with orange juice (careful not to fill it to the top). Then take the shot of Amaretto and drop it in.. Garnished with a fresh fruit slice, placed on a dark wooden bar counter, moody lighting --v 5"
After sex,"Flat lay, vintage speakeasy style. High-quality photo of a After sex, served in a cocktail glass, featuring Crémeux, sucré notes. Made with Vodka, Creme de Banane, Orange juice. Instructions: Pour the vodka and creme over some ice cubes in a tall glass and fill up with juice. to make it beuty full make the top of the glass with a grenadine and sugar. Garnished with a minimalist garnish, placed on a dark wooden bar counter, moody lighting --v 5"
Absolut Sex,"Flat lay, vintage speakeasy style. High-quality photo of a Absolut Sex, served in a cocktail glass, featuring Fruité, sucré, sucré notes. Made with Absolut Kurant, Midori melon liqueur, Cranberry juice, Sprite. Instructions: Shake Absolut Kurant, Midori, and Cranberry juice in shaker with ice: Strain into rocks glass: Splash of seven on top.Absolut Sex.. Garnished with a fresh fruit slice, placed on a dark wooden bar counter, moody lighting --v 5"
Texas Sling,"Flat lay, vintage speakeasy style. High-quality photo of a Texas Sling, served in a cocktail glass, featuring Fruité notes. Made with Kahlua, Irish cream, Amaretto, 151 proof rum, Cream. Instructions: Blend with Ice until smooth. Serve in a tulip glass, top with whip cream.. Garnished with a fresh fruit slice, placed on a dark wooden bar counter, moody lighting --v 5"
Mojito Extra,"Flat lay, vintage speakeasy style. High-quality photo of a Mojito Extra, served in a cocktail glass, featuring Amer, sucré notes. Made with Mint, Lemon juice, Dark rum, Club soda, Angostura bitters. Instructions: Put mint with lemon juice in a glas, mash the mint with a spoon, ice, rum & fill up with club soda. Top it with Angostura.. Garnished with a minimalist garnish, placed on a dark wooden bar counter, moody lighting --v 5"
Midnight Manx,"Flat lay, vintage speakeasy style. High-quality photo of a Midnight Manx, served in a cocktail glass, featuring Crémeux notes. Made with Kahlua, Baileys irish cream, Goldschlager, Heavy cream, Coffee. Instructions: Fill a mixer with ice and add Baileys, Kahlua, Goldshlager, and cream. Shake for 5 seconds and Strain into a double rocks glass filled with ice. Add chilled coffee Stir and enjoy!. Garnished with a minimalist garnish, placed on a dark wooden bar counter, moody lighting --v 5"
Tuxedo Cocktail,"Flat lay, vintage speakeasy style. High-quality photo of a Tuxedo Cocktail, served in a cocktail glass, featuring Amer, sucré, sucré notes. Made with Dry Vermouth, Gin, Maraschino liqueur, Anis, Orange bitters, Cherry. Instructions: Stir all ingredients with ice and strain into a cocktail glass. Garnish with a cherry and a twist of lemon zest.. Garnished with a minimalist garnish, placed on a dark wooden bar counter, moody lighting --v 5"
Brandy Alexander,"Flat lay, vintage speakeasy style. High-quality photo of a Brandy Alexander, served in a cocktail glass, featuring Crémeux, épicé, épicé notes. Made with Brandy, Creme de Cacao, Light cream, Nutmeg. Instructions: Shake all ingredients (except nutmeg) with ice and strain contents into a cocktail glass. Sprinkle nutmeg on top and serve.. Garnished with a minimalist garnish, placed on a dark wooden bar counter, moody lighting --v 5"
Sex on the Beach,"Flat lay, vintage speakeasy style. High-quality photo of a Sex on the Beach, served in a cocktail glass, featuring Fruité, sucré notes. Made with Vodka, Peach schnapps, Cranberry juice, Orange juice. Instructions: Build all ingredients in a highball glass filled with ice. Garnish with orange slice.. Garnished with a fresh fruit slice, placed on a dark wooden bar counter, moody lighting --v 5"
Texas Rattlesnake,"Flat lay, vintage speakeasy style. High-quality photo of a Texas Rattlesnake, served in a cocktail glass, featuring Fruité, sucré notes. Made with Yukon Jack, Cherry brandy, Southern Comfort, Sweet and sour. Instructions: Mix all ingredients and Shake well. Sweet at first, with a BITE at the end.... Garnished with a fresh fruit slice, placed on a dark wooden bar counter, moody lighting --v 5"
Melya,"Flat lay, vintage speakeasy style. High-quality photo of a Melya, served in a cocktail glass, featuring Fruité, sucré notes. Made with Espresso, Honey, Cocoa powder. Instructions: Brew espresso. In a coffee mug, place 1 teaspoon of unsweetened powdered cocoa, then cover a teaspoon with honey and drizzle it into the cup. Stir while the coffee brews, this is the fun part. The cocoa seems to coat the honey without mixing, so you get a dusty, sticky mass that looks as though it will never mix. Then all at once, presto! It looks like dark chocolate sauce. Pour hot espresso over the honey, stirring to dissolve. Serve with cream.. Garnished with a fresh fruit slice, placed on a dark wooden bar counter, moody lighting --v 5"
Derby,"Flat lay, vintage speakeasy style. High-quality photo of a Derby, served in a cocktail glass, featuring Fruité notes. Made with gin, Peach Bitters, Mint. Instructions: Pour all ingredients into a mixing glass with ice. Stir. Strain into a cocktail glass. Garnish with a sprig of fresh mint in the drink.. Garnished with a fresh fruit slice, placed on a dark wooden bar counter, moody lighting --v 5"
Snowday,"Flat lay, vintage speakeasy style. High-quality photo of a Snowday, served in a cocktail glass, featuring Amer notes. Made with Vodka, Amaro Montenegro, Ruby Port, Blood Orange, Angostura Bitters, Orange Peel. Instructions: Stir all ingredients with ice. Strain into a chilled rocks glass over fresh ice. Express orange peel over drink and garnish.. Garnished with a minimalist garnish, placed on a dark wooden bar counter, moody lighting --v 5"
Brooklyn,"Flat lay, vintage speakeasy style. High-quality photo of a Brooklyn, served in a cocktail glass, featuring Amer, sucré, sucré notes. Made with Rye Whiskey, Dry Vermouth, Maraschino Liqueur, Angostura Bitters, Maraschino Cherry. Instructions: Combine ingredients with ice and stir until well-chilled. Strain into a chilled cocktail glass.. Garnished with a minimalist garnish, placed on a dark wooden bar counter, moody lighting --v 5"
Affinity,"Flat lay, vintage speakeasy style. High-quality photo of a Affinity, served in a cocktail glass, featuring Amer, sucré notes. Made with Scotch, Sweet Vermouth, Dry Vermouth, Orange bitters. Instructions: In a mixing glass half-filled with ice cubes, combine all of the ingredients. Stir well. Strain into a cocktail glass.. Garnished with a minimalist garnish, placed on a dark wooden bar counter, moody lighting --v 5"
Allegheny,"Flat lay, vintage speakeasy style. High-quality photo of a Allegheny, served in a cocktail glass, featuring Amer, sucré notes. Made with Dry Vermouth, Bourbon, Blackberry brandy, Lemon juice, Lemon peel. Instructions: Shake all ingredients (except lemon peel) with ice and strain into a cocktail glass. Top with the twist of lemon peel and serve.. Garnished with a minimalist garnish, placed on a dark wooden bar counter, moody lighting --v 5"
Greyhound,"Flat lay, vintage speakeasy style. High-quality photo of a Greyhound, served in a cocktail glass, featuring Fruité, sucré notes. Made with Vodka, Grapefruit Juice. Instructions: Add the vodka to a Collins glass filled with ice.
Top with grapefruit juice and stir.

. Garnished with a fresh fruit slice, placed on a dark wooden bar counter, moody lighting --v 5"
Honey Bee,"Flat lay, vintage speakeasy style. High-quality photo of a Honey Bee, served in a cocktail glass, featuring Fruité, sucré notes. Made with White Rum, Honey, Lemon Juice. Instructions: Shake ingredients with crushed ice
. Garnished with a fresh fruit slice, placed on a dark wooden bar counter, moody lighting --v 5"
Artillery,"Flat lay, vintage speakeasy style. High-quality photo of a Artillery, served in a cocktail glass, featuring Amer, sucré notes. Made with Sweet Vermouth, Gin, Bitters. Instructions: Stir all ingredients with ice, strain into a cocktail glass, and serve.. Garnished with a minimalist garnish, placed on a dark wooden bar counter, moody lighting --v 5"
Pink Lady,"Flat lay, vintage speakeasy style. High-quality photo of a Pink Lady, served in a cocktail glass, featuring Fruité, sucré, sucré notes. Made with Gin, Grenadine, Light cream, Egg white. Instructions: Shake all ingredients with ice, strain into a cocktail glass, and serve.. Garnished with a fresh fruit slice, placed on a dark wooden bar counter, moody lighting --v 5"
Tipperary,"Flat lay, vintage speakeasy style. High-quality photo of a Tipperary, served in a cocktail glass, featuring Amer, sucré notes. Made with Irish Whiskey, Sweet Vermouth, Green Chartreuse. Instructions: Stir over ice. Strain into chilled glass. Cut a wide swath of orange peel, and express the orange oils over the drink. Discard orange twist.. Garnished with a minimalist garnish, placed on a dark wooden bar counter, moody lighting --v 5"
Salty Dog,"Flat lay, vintage speakeasy style. High-quality photo of a Salty Dog, served in a cocktail glass, featuring Fruité, sucré, salé notes. Made with Grapefruit juice, Gin, Salt. Instructions: Pour all ingredients over ice cubes in a highball glass. Stir well and serve. (Vodka may be substituted for gin, if preferred.). Garnished with a fresh fruit slice, placed on a dark wooden bar counter, moody lighting --v 5"
Dragonfly,"Flat lay, vintage speakeasy style. High-quality photo of a Dragonfly, served in a cocktail glass, featuring Acide, épicé, épicé notes. Made with Gin, Ginger ale, Lime. Instructions: In a highball glass almost filled with ice cubes, combine the gin and ginger ale. Stir well. Garnish with the lime wedge.. Garnished with a minimalist garnish, placed on a dark wooden bar counter, moody lighting --v 5"
Foxy Lady,"Flat lay, vintage speakeasy style. High-quality photo of a Foxy Lady, served in a cocktail glass, featuring Crémeux notes. Made with Amaretto, Creme de Cacao, Light cream. Instructions: Shake all ingredients with ice, strain into a chilled cocktail glass, and serve.. Garnished with a minimalist garnish, placed on a dark wooden bar counter, moody lighting --v 5"
Gin Daisy,"Flat lay, vintage speakeasy style. High-quality photo of a Gin Daisy, served in a cocktail glass, featuring Fruité, sucré, sucré notes. Made with Gin, Lemon juice, Sugar, Grenadine, Maraschino cherry, Orange. Instructions: In a shaker half-filled with ice cubes, combine the gin, lemon juice, sugar, and grenadine. Shake well. Pour into an old-fashioned glass and garnish with the cherry and the orange slice.. Garnished with a fresh fruit slice, placed on a dark wooden bar counter, moody lighting --v 5"
Gin Toddy,"Flat lay, vintage speakeasy style. High-quality photo of a Gin Toddy, served in a cocktail glass, featuring Fruité, sucré notes. Made with Gin, Water, Powdered sugar, Lemon peel. Instructions: Mix powdered sugar and water in an old-fashioned glass. Add gin and one ice cube. Stir, add the twist of lemon peel, and serve.. Garnished with a fresh fruit slice, placed on a dark wooden bar counter, moody lighting --v 5"
Rum Toddy,"Flat lay, vintage speakeasy style. High-quality photo of a Rum Toddy, served in a cocktail glass, featuring Fruité, sucré notes. Made with Rum, Powdered sugar, Lemon peel, Water. Instructions: Dissolve powdered sugar in water in an old-fashioned glass. Add rum and one ice cube and stir. Add the twist of lemon peel and serve.. Garnished with a fresh fruit slice, placed on a dark wooden bar counter, moody lighting --v 5"
Hot Toddy,"Flat lay, vintage speakeasy style. High-quality photo of a Hot Toddy, served in a cocktail glass, featuring Fruité, épicé, sucré, épicé notes. Made with Whiskey, Honey, Cinnamon, lemon, Cloves. Instructions: STEP 1
Whisk the whisky and honey together and split between 2 heatproof glasses. Add half of the cinnamon stick to each, then top up with 200ml boiling water.

STEP 2
Add a splash of lemon juice to each, then taste and add more to your preference. Finish each with a slice of lemon, studded with a clove, and serve immediately.. Garnished with a fresh fruit slice, placed on a dark wooden bar counter, moody lighting --v 5"
Bob Marley,"Flat lay, vintage speakeasy style. High-quality photo of a Bob Marley, served in a cocktail glass, featuring Fruité, sucré, sucré notes. Made with Midori melon liqueur, Jägermeister, Goldschlager. Instructions: Layer in a 2 oz shot glass or pony glass. Garnished with a fresh fruit slice, placed on a dark wooden bar counter, moody lighting --v 5"
Almond Joy,"Flat lay, vintage speakeasy style. High-quality photo of a Almond Joy, served in a cocktail glass, featuring Crémeux notes. Made with Amaretto, Creme de Cacao, Light cream. Instructions: Shake all ingredients with ice, strain into a cocktail glass, and serve.. Garnished with a minimalist garnish, placed on a dark wooden bar counter, moody lighting --v 5"
Kir Royale,"Flat lay, vintage speakeasy style. High-quality photo of a Kir Royale, served in a cocktail glass, featuring Crémeux notes. Made with Creme de Cassis, Champagne. Instructions: Pour Creme de cassis in glass, gently pour champagne on top. Garnished with a minimalist garnish, placed on a dark wooden bar counter, moody lighting --v 5"
Gin Rickey,"Flat lay, vintage speakeasy style. High-quality photo of a Gin Rickey, served in a cocktail glass, featuring Acide, sucré, sucré notes. Made with Gin, Grenadine, lemon, Soda Water, Lime. Instructions: Half-fill a tall glass with ice. Mix the gin and Grenadine together and pour over the ice. Add the lime or lemon juice and top off with soda water. Decorate the glass with lime and/or lemon slices.. Garnished with a minimalist garnish, placed on a dark wooden bar counter, moody lighting --v 5"
Rusty Nail,"Flat lay, vintage speakeasy style. High-quality photo of a Rusty Nail, served in a cocktail glass, featuring Fruité notes. Made with Scotch, Drambuie, Lemon peel. Instructions: Pour the Scotch and Drambuie into an old-fashioned glass almost filled with ice cubes. Stir well. Garnish with the lemon twist.. Garnished with a fresh fruit slice, placed on a dark wooden bar counter, moody lighting --v 5"
White Lady,"Flat lay, vintage speakeasy style. High-quality photo of a White Lady, served in a cocktail glass, featuring Fruité, sucré notes. Made with Gin, Triple Sec, Lemon Juice. Instructions: Add all ingredients into cocktail shaker filled with ice. Shake well and strain into large cocktail glass.. Garnished with a fresh fruit slice, placed on a dark wooden bar counter, moody lighting --v 5"
Royal Fizz,"Flat lay, vintage speakeasy style. High-quality photo of a Royal Fizz, served in a cocktail glass, featuring Fruité, sucré notes. Made with Gin, Sweet and sour, Egg, Coca-Cola. Instructions: Shake all ingredients (except cola) with ice and strain into a chilled collins glass. Fill with cola and serve.. Garnished with a fresh fruit slice, placed on a dark wooden bar counter, moody lighting --v 5"
Zorro,"Flat lay, vintage speakeasy style. High-quality photo of a Zorro, served in a cocktail glass, featuring Herbacé notes. Made with Sambuca, Baileys irish cream, White Creme de Menthe. Instructions: add all and pour black coffee and add whipped cream on top.. Garnished with a minimalist garnish, placed on a dark wooden bar counter, moody lighting --v 5"
Spritz,"Flat lay, vintage speakeasy style. High-quality photo of a Spritz, served in a cocktail glass, featuring Amer notes. Made with Prosecco, Campari, Soda Water. Instructions: Build into glass over ice, garnish and serve.. Garnished with a minimalist garnish, placed on a dark wooden bar counter, moody lighting --v 5"
Zoksel,"Flat lay, vintage speakeasy style. High-quality photo of a Zoksel, served in a cocktail glass, featuring Crémeux notes. Made with Beer, Root beer, Lemonade, Coca-Cola, 7-Up, Creme de Cassis, Lemon. Instructions: No specific mixing instructions, just poor every ingredient in one glass. The lemon goes with it.. Garnished with a minimalist garnish, placed on a dark wooden bar counter, moody lighting --v 5"
Zombie,"Flat lay, vintage speakeasy style. High-quality photo of a Zombie, served in a cocktail glass, featuring Acide, sucré, sucré notes. Made with Rum, Gold rum, 151 proof rum, Pernod, Grenadine, Lime Juice, Angostura Bitters. Instructions: Blend at high speed for no more than 5 seconds.

Pour into a glass, add ice cubes to fill, then add the garnish.

*Donn’s mix: Bring 3 crushed cinnamon sticks, 1 cup of sugar and 1 cup of water to a boil, stirring until the sugar is dissolved.

Simmer for 2 minutes, then remove from the heat and let sit for at least 2 hours before straining into a clean glass bottle.

Then add 1 part of the syrup and 2 parts of fresh grapefruit juice together.. Garnished with a minimalist garnish, placed on a dark wooden bar counter, moody lighting --v 5"
Zinger,"Flat lay, vintage speakeasy style. High-quality photo of a Zinger, served in a cocktail glass, featuring Fruité notes. Made with Peachtree schnapps, Surge. Instructions: Get a shot glass and pour in three shots of the schnapps. Do the same with the Surge Cola. Then down it like Scheetz would.. Garnished with a fresh fruit slice, placed on a dark wooden bar counter, moody lighting --v 5"
Zambeer,"Flat lay, vintage speakeasy style. High-quality photo of a Zambeer, served in a cocktail glass, featuring Fruité notes. Made with Sambuca, Root beer, Ice. Instructions: Mix sambuca with rootbeer and stir. Add ice. Garnished with a fresh fruit slice, placed on a dark wooden bar counter, moody lighting --v 5"
Sazerac,"Flat lay, vintage speakeasy style. High-quality photo of a Sazerac, served in a cocktail glass, featuring Fumé, sucré notes. Made with Ricard, Sugar, Peychaud bitters, Water, Bourbon, Lemon peel. Instructions: Rinse a chilled old-fashioned glass with the absinthe, add crushed ice, and set it aside. Stir the remaining ingredients over ice and set it aside. Discard the ice and any excess absinthe from the prepared glass, and strain the drink into the glass. Add the lemon peel for garnish.. Garnished with a minimalist garnish, placed on a dark wooden bar counter, moody lighting --v 5"
Gin Fizz,"Flat lay, vintage speakeasy style. High-quality photo of a Gin Fizz, served in a cocktail glass, featuring Fruité, sucré notes. Made with Gin, Lemon, Powdered sugar, Carbonated water. Instructions: Shake all ingredients with ice cubes, except soda water. Pour into glass. Top with soda water.. Garnished with a fresh fruit slice, placed on a dark wooden bar counter, moody lighting --v 5"
Kamikaze,"Flat lay, vintage speakeasy style. High-quality photo of a Kamikaze, served in a cocktail glass, featuring Acide, sucré notes. Made with Vodka, Triple sec, Lime juice. Instructions: Shake all ingredients together with ice. Strain into glass, garnish and serve.. Garnished with a minimalist garnish, placed on a dark wooden bar counter, moody lighting --v 5"
Zorbatini,"Flat lay, vintage speakeasy style. High-quality photo of a Zorbatini, served in a cocktail glass, featuring Fruité notes. Made with Vodka, Ouzo. Instructions: Prepare like a Martini. Garnish with a green olive.. Garnished with a fresh fruit slice, placed on a dark wooden bar counter, moody lighting --v 5"
Vodka Fizz,"Flat lay, vintage speakeasy style. High-quality photo of a Vodka Fizz, served in a cocktail glass, featuring Acide, épicé, épicé notes. Made with Vodka, Half-and-half, Limeade, Ice, Nutmeg. Instructions: Blend all ingredients, save nutmeg. Pour into large white wine glass and sprinkle nutmeg on top.. Garnished with a minimalist garnish, placed on a dark wooden bar counter, moody lighting --v 5"
Royal Fizz,"Flat lay, vintage speakeasy style. High-quality photo of a Royal Fizz, served in a cocktail glass, featuring Fruité, sucré notes. Made with Gin, Sweet and sour, Egg, Coca-Cola. Instructions: Shake all ingredients (except cola) with ice and strain into a chilled collins glass. Fill with cola and serve.. Garnished with a fresh fruit slice, placed on a dark wooden bar counter, moody lighting --v 5"
Martinez 2,"Flat lay, vintage speakeasy style. High-quality photo of a Martinez 2, served in a cocktail glass, featuring Amer, sucré, sucré notes. Made with Gin, Sweet Vermouth, Maraschino Liqueur, Angostura Bitters. Instructions: Add all ingredients to a mixing glass and fill with ice.

Stir until chilled, and strain into a chilled coupe glass.. Garnished with a minimalist garnish, placed on a dark wooden bar counter, moody lighting --v 5"
Sea breeze,"Flat lay, vintage speakeasy style. High-quality photo of a Sea breeze, served in a cocktail glass, featuring Fruité, sucré notes. Made with Vodka, Cranberry juice, Grapefruit juice. Instructions: Build all ingredients in a highball glass filled with ice. Garnish with lime wedge.. Garnished with a fresh fruit slice, placed on a dark wooden bar counter, moody lighting --v 5"
Zipperhead,"Flat lay, vintage speakeasy style. High-quality photo of a Zipperhead, served in a cocktail glass, featuring Fruité, sucré, sucré notes. Made with Chambord raspberry liqueur, Vodka, Soda water. Instructions: Fill glass with rocks, add straw before putting in liquor. Then add the ingredients in order, trying to keep layered as much as possible (i.e. Chambord on bottom, then Vodka, Then soda on top).. Garnished with a fresh fruit slice, placed on a dark wooden bar counter, moody lighting --v 5"
Zenmeister,"Flat lay, vintage speakeasy style. High-quality photo of a Zenmeister, served in a cocktail glass, featuring Fruité notes. Made with Jägermeister, Root beer. Instructions: Mix together and enjoy. Garnished with a fresh fruit slice, placed on a dark wooden bar counter, moody lighting --v 5"
Gin Swizzle,"Flat lay, vintage speakeasy style. High-quality photo of a Gin Swizzle, served in a cocktail glass, featuring Acide, sucré notes. Made with Lime juice, Sugar, Gin, Bitters, Club soda. Instructions: In a shaker half-filled with ice cubes, combine the lime juice, sugar, gin, and bitters. Shake well. Almost fill a colling glass with ice cubes. Stir until the glass is frosted. Strain the mixture in the shaker into the glass and add the club soda.. Garnished with a minimalist garnish, placed on a dark wooden bar counter, moody lighting --v 5"
Aztec Punch,"Flat lay, vintage speakeasy style. High-quality photo of a Aztec Punch, served in a cocktail glass, featuring Fruité, épicé, épicé notes. Made with Lemonade, Vodka, Rum, Ginger ale. Instructions: Mix all ingredients in a pitcher. Mix thoroughly and pour into whatever is available, the bigger the better! This drink packs a big punch, so don't over do it.. Garnished with a fresh fruit slice, placed on a dark wooden bar counter, moody lighting --v 5"
Chicago Fizz,"Flat lay, vintage speakeasy style. High-quality photo of a Chicago Fizz, served in a cocktail glass, featuring Fruité, sucré notes. Made with Light rum, Port, Lemon, Powdered sugar, Egg white, Carbonated water. Instructions: Shake all ingredients (except carbonated water) with ice and strain into a highball glass over two ice cubes. Fill with carbonated water, stir, and serve.. Garnished with a fresh fruit slice, placed on a dark wooden bar counter, moody lighting --v 5"
Zima Blaster,"Flat lay, vintage speakeasy style. High-quality photo of a Zima Blaster, served in a cocktail glass, featuring Fruité, sucré, sucré notes. Made with Zima, Chambord raspberry liqueur. Instructions: Fill glass with ice. Pour in Chambord, then fill with Zima. Mix and enjoy.. Garnished with a fresh fruit slice, placed on a dark wooden bar counter, moody lighting --v 5"
Tequila Fizz,"Flat lay, vintage speakeasy style. High-quality photo of a Tequila Fizz, served in a cocktail glass, featuring Fruité, sucré, épicé, sucré, épicé notes. Made with Tequila, Lemon juice, Grenadine, Egg white, Ginger ale. Instructions: Shake all ingredients (except ginger ale) with ice and strain into a collins glass over ice cubes. Fill with ginger ale, stir, and serve.. Garnished with a fresh fruit slice, placed on a dark wooden bar counter, moody lighting --v 5"
Grizzly Bear,"Flat lay, vintage speakeasy style. High-quality photo of a Grizzly Bear, served in a cocktail glass, featuring Fruité notes. Made with Amaretto, Jägermeister, Kahlua, Milk. Instructions: Served over ice. Sounds nasty, but tastes great.. Garnished with a fresh fruit slice, placed on a dark wooden bar counter, moody lighting --v 5"
Imperial Fizz,"Flat lay, vintage speakeasy style. High-quality photo of a Imperial Fizz, served in a cocktail glass, featuring Fruité, sucré notes. Made with Light rum, Blended whiskey, Lemon, Powdered sugar, Carbonated water. Instructions: Shake all ingredients (except carbonated water) with ice and strain into a highball glass over two ice cubes. Fill with carbonated water, stir, and serve.. Garnished with a fresh fruit slice, placed on a dark wooden bar counter, moody lighting --v 5"
Japanese Fizz,"Flat lay, vintage speakeasy style. High-quality photo of a Japanese Fizz, served in a cocktail glass, featuring Fruité, sucré notes. Made with Blended whiskey, Lemon, Powdered sugar, Port, Egg white, Carbonated water. Instructions: Shake all ingredients (except carbonated water) with ice and strain into a highball glass over two ice cubes. Fill with carbonated water, stir, and serve.. Garnished with a fresh fruit slice, placed on a dark wooden bar counter, moody lighting --v 5"
Fuzzy Asshole,"Flat lay, vintage speakeasy style. High-quality photo of a Fuzzy Asshole, served in a cocktail glass, featuring Fruité notes. Made with Coffee, Peach schnapps. Instructions: fill coffe mug half full of coffee. Fill the other half full of Peach Schnapps. Stir and drink while hot.. Garnished with a fresh fruit slice, placed on a dark wooden bar counter, moody lighting --v 5"
